source_sheet,paper,doi,geometry,n_sides,target_angle_deg,edge_type,edge_length_bp,particle_id,measured_angle_deg,abs_error_deg
Figure 3a,"Jun et al. Nat Commun 2019 (METIS, Bathe lab)",10.1038/s41467-019-13457-y,triangle,3,60.0,DX,128,1,52.19,7.810000000000002
Figure 3a,"Jun et al. Nat Commun 2019 (METIS, Bathe lab)",10.1038/s41467-019-13457-y,triangle,3,60.0,6HB,128,1,62.18,2.1799999999999997
Figure 3a,"Jun et al. Nat Commun 2019 (METIS, Bathe lab)",10.1038/s41467-019-13457-y,triangle,3,60.0,DX,128,2,96.92,36.92
Figure 3a,"Jun et al. Nat Commun 2019 (METIS, Bathe lab)",10.1038/s41467-019-13457-y,triangle,3,60.0,6HB,128,2,59.03,0.9699999999999989
Figure 3a,"Jun et al. Nat Commun 2019 (METIS, Bathe lab)",10.1038/s41467-019-13457-y,triangle,3,60.0,DX,128,3,48.78,11.219999999999999
Figure 3a,"Jun et al. Nat Commun 2019 (METIS, Bathe lab)",10.1038/s41467-019-13457-y,triangle,3,60.0,6HB,128,3,61.45,1.4500000000000028
Figure 3a,"Jun et al. Nat Commun 2019 (METIS, Bathe lab)",10.1038/s41467-019-13457-y,triangle,3,60.0,DX,128,4,43.49,16.509999999999998
Figure 3a,"Jun et al. Nat Commun 2019 (METIS, Bathe lab)",10.1038/s41467-019-13457-y,triangle,3,60.0,6HB,128,4,59.06,0.9399999999999977
Figure 3a,"Jun et al. Nat Commun 2019 (METIS, Bathe lab)",10.1038/s41467-019-13457-y,triangle,3,60.0,DX,128,5,96.65,36.650000000000006
Figure 3a,"Jun et al. Nat Commun 2019 (METIS, Bathe lab)",10.1038/s41467-019-13457-y,triangle,3,60.0,6HB,128,5,55.35,4.649999999999999
Figure 3a,"Jun et al. Nat Commun 2019 (METIS, Bathe lab)",10.1038/s41467-019-13457-y,triangle,3,60.0,DX,128,6,46.56,13.439999999999998
Figure 3a,"Jun et al. Nat Commun 2019 (METIS, Bathe lab)",10.1038/s41467-019-13457-y,triangle,3,60.0,6HB,128,6,70.1,10.099999999999994
Figure 3a,"Jun et al. Nat Commun 2019 (METIS, Bathe lab)",10.1038/s41467-019-13457-y,triangle,3,60.0,DX,128,7,62.44,2.4399999999999977
Figure 3a,"Jun et al. Nat Commun 2019 (METIS, Bathe lab)",10.1038/s41467-019-13457-y,triangle,3,60.0,6HB,128,7,54.69,5.310000000000002
Figure 3a,"Jun et al. Nat Commun 2019 (METIS, Bathe lab)",10.1038/s41467-019-13457-y,triangle,3,60.0,DX,128,8,67.15,7.150000000000006
Figure 3a,"Jun et al. Nat Commun 2019 (METIS, Bathe lab)",10.1038/s41467-019-13457-y,triangle,3,60.0,6HB,128,8,62.71,2.710000000000001
Figure 3a,"Jun et al. Nat Commun 2019 (METIS, Bathe lab)",10.1038/s41467-019-13457-y,triangle,3,60.0,DX,128,9,61.75,1.75
Figure 3a,"Jun et al. Nat Commun 2019 (METIS, Bathe lab)",10.1038/s41467-019-13457-y,triangle,3,60.0,6HB,128,9,59.58,0.4200000000000017
Figure 3a,"Jun et al. Nat Commun 2019 (METIS, Bathe lab)",10.1038/s41467-019-13457-y,triangle,3,60.0,DX,128,10,69.71,9.709999999999994
Figure 3a,"Jun et al. Nat Commun 2019 (METIS, Bathe lab)",10.1038/s41467-019-13457-y,triangle,3,60.0,6HB,128,10,71.11,11.11
Figure 3a,"Jun et al. Nat Commun 2019 (METIS, Bathe lab)",10.1038/s41467-019-13457-y,triangle,3,60.0,DX,128,11,67.13,7.1299999999999955
Figure 3a,"Jun et al. Nat Commun 2019 (METIS, Bathe lab)",10.1038/s41467-019-13457-y,triangle,3,60.0,6HB,128,11,60.33,0.3299999999999983
Figure 3a,"Jun et al. Nat Commun 2019 (METIS, Bathe lab)",10.1038/s41467-019-13457-y,triangle,3,60.0,DX,128,12,36.61,23.39
Figure 3a,"Jun et al. Nat Commun 2019 (METIS, Bathe lab)",10.1038/s41467-019-13457-y,triangle,3,60.0,6HB,128,12,61.58,1.5799999999999983
Figure 3a,"Jun et al. Nat Commun 2019 (METIS, Bathe lab)",10.1038/s41467-019-13457-y,triangle,3,60.0,DX,128,13,56.17,3.8299999999999983
Figure 3a,"Jun et al. Nat Commun 2019 (METIS, Bathe lab)",10.1038/s41467-019-13457-y,triangle,3,60.0,6HB,128,13,57.0,3.0
Figure 3a,"Jun et al. Nat Commun 2019 (METIS, Bathe lab)",10.1038/s41467-019-13457-y,triangle,3,60.0,DX,128,14,81.28,21.28
Figure 3a,"Jun et al. Nat Commun 2019 (METIS, Bathe lab)",10.1038/s41467-019-13457-y,triangle,3,60.0,6HB,128,14,64.31,4.310000000000002
Figure 3a,"Jun et al. Nat Commun 2019 (METIS, Bathe lab)",10.1038/s41467-019-13457-y,triangle,3,60.0,DX,128,15,54.78,5.219999999999999
Figure 3a,"Jun et al. Nat Commun 2019 (METIS, Bathe lab)",10.1038/s41467-019-13457-y,triangle,3,60.0,6HB,128,15,65.94,5.939999999999998
Figure 3a,"Jun et al. Nat Commun 2019 (METIS, Bathe lab)",10.1038/s41467-019-13457-y,triangle,3,60.0,DX,128,16,59.95,0.04999999999999716
Figure 3a,"Jun et al. Nat Commun 2019 (METIS, Bathe lab)",10.1038/s41467-019-13457-y,triangle,3,60.0,6HB,128,16,59.6,0.3999999999999986
Figure 3a,"Jun et al. Nat Commun 2019 (METIS, Bathe lab)",10.1038/s41467-019-13457-y,triangle,3,60.0,DX,128,17,81.36,21.36
Figure 3a,"Jun et al. Nat Commun 2019 (METIS, Bathe lab)",10.1038/s41467-019-13457-y,triangle,3,60.0,6HB,128,17,58.28,1.7199999999999989
Figure 3a,"Jun et al. Nat Commun 2019 (METIS, Bathe lab)",10.1038/s41467-019-13457-y,triangle,3,60.0,DX,128,18,60.14,0.14000000000000057
Figure 3a,"Jun et al. Nat Commun 2019 (METIS, Bathe lab)",10.1038/s41467-019-13457-y,triangle,3,60.0,6HB,128,18,59.08,0.9200000000000017
Figure 3a,"Jun et al. Nat Commun 2019 (METIS, Bathe lab)",10.1038/s41467-019-13457-y,triangle,3,60.0,DX,128,19,71.71,11.709999999999994
Figure 3a,"Jun et al. Nat Commun 2019 (METIS, Bathe lab)",10.1038/s41467-019-13457-y,triangle,3,60.0,6HB,128,19,62.8,2.799999999999997
Figure 3a,"Jun et al. Nat Commun 2019 (METIS, Bathe lab)",10.1038/s41467-019-13457-y,triangle,3,60.0,DX,128,20,62.65,2.6499999999999986
Figure 3a,"Jun et al. Nat Commun 2019 (METIS, Bathe lab)",10.1038/s41467-019-13457-y,triangle,3,60.0,6HB,128,20,60.48,0.4799999999999969
Figure 3a,"Jun et al. Nat Commun 2019 (METIS, Bathe lab)",10.1038/s41467-019-13457-y,triangle,3,60.0,DX,128,21,75.44,15.439999999999998
Figure 3a,"Jun et al. Nat Commun 2019 (METIS, Bathe lab)",10.1038/s41467-019-13457-y,triangle,3,60.0,6HB,128,21,57.26,2.740000000000002
Figure 3a,"Jun et al. Nat Commun 2019 (METIS, Bathe lab)",10.1038/s41467-019-13457-y,triangle,3,60.0,DX,128,22,76.38,16.379999999999995
Figure 3a,"Jun et al. Nat Commun 2019 (METIS, Bathe lab)",10.1038/s41467-019-13457-y,triangle,3,60.0,6HB,128,22,56.99,3.009999999999998
Figure 3a,"Jun et al. Nat Commun 2019 (METIS, Bathe lab)",10.1038/s41467-019-13457-y,triangle,3,60.0,DX,128,23,47.45,12.549999999999997
Figure 3a,"Jun et al. Nat Commun 2019 (METIS, Bathe lab)",10.1038/s41467-019-13457-y,triangle,3,60.0,6HB,128,23,60.4,0.3999999999999986
Figure 3a,"Jun et al. Nat Commun 2019 (METIS, Bathe lab)",10.1038/s41467-019-13457-y,triangle,3,60.0,DX,128,24,57.58,2.4200000000000017
Figure 3a,"Jun et al. Nat Commun 2019 (METIS, Bathe lab)",10.1038/s41467-019-13457-y,triangle,3,60.0,6HB,128,24,65.54,5.540000000000006
Figure 3a,"Jun et al. Nat Commun 2019 (METIS, Bathe lab)",10.1038/s41467-019-13457-y,triangle,3,60.0,DX,128,25,78.56,18.560000000000002
Figure 3a,"Jun et al. Nat Commun 2019 (METIS, Bathe lab)",10.1038/s41467-019-13457-y,triangle,3,60.0,6HB,128,25,59.16,0.8400000000000034
Figure 3a,"Jun et al. Nat Commun 2019 (METIS, Bathe lab)",10.1038/s41467-019-13457-y,triangle,3,60.0,DX,128,26,72.87,12.870000000000005
Figure 3a,"Jun et al. Nat Commun 2019 (METIS, Bathe lab)",10.1038/s41467-019-13457-y,triangle,3,60.0,6HB,128,26,62.13,2.1300000000000026
Figure 3a,"Jun et al. Nat Commun 2019 (METIS, Bathe lab)",10.1038/s41467-019-13457-y,triangle,3,60.0,DX,128,27,54.74,5.259999999999998
Figure 3a,"Jun et al. Nat Commun 2019 (METIS, Bathe lab)",10.1038/s41467-019-13457-y,triangle,3,60.0,6HB,128,27,70.54,10.540000000000006
Figure 3a,"Jun et al. Nat Commun 2019 (METIS, Bathe lab)",10.1038/s41467-019-13457-y,triangle,3,60.0,DX,128,28,64.75,4.75
Figure 3a,"Jun et al. Nat Commun 2019 (METIS, Bathe lab)",10.1038/s41467-019-13457-y,triangle,3,60.0,6HB,128,28,67.05,7.049999999999997
Figure 3a,"Jun et al. Nat Commun 2019 (METIS, Bathe lab)",10.1038/s41467-019-13457-y,triangle,3,60.0,DX,128,29,56.81,3.1899999999999977
Figure 3a,"Jun et al. Nat Commun 2019 (METIS, Bathe lab)",10.1038/s41467-019-13457-y,triangle,3,60.0,6HB,128,29,60.91,0.9099999999999966
Figure 3a,"Jun et al. Nat Commun 2019 (METIS, Bathe lab)",10.1038/s41467-019-13457-y,triangle,3,60.0,DX,128,30,71.93,11.930000000000007
Figure 3a,"Jun et al. Nat Commun 2019 (METIS, Bathe lab)",10.1038/s41467-019-13457-y,triangle,3,60.0,6HB,128,30,59.61,0.39000000000000057
Figure 3a,"Jun et al. Nat Commun 2019 (METIS, Bathe lab)",10.1038/s41467-019-13457-y,triangle,3,60.0,DX,128,31,70.26,10.260000000000005
Figure 3a,"Jun et al. Nat Commun 2019 (METIS, Bathe lab)",10.1038/s41467-019-13457-y,triangle,3,60.0,6HB,128,31,58.07,1.9299999999999997
Figure 3a,"Jun et al. Nat Commun 2019 (METIS, Bathe lab)",10.1038/s41467-019-13457-y,triangle,3,60.0,DX,128,32,72.19,12.189999999999998
Figure 3a,"Jun et al. Nat Commun 2019 (METIS, Bathe lab)",10.1038/s41467-019-13457-y,triangle,3,60.0,6HB,128,32,61.31,1.3100000000000023
Figure 3a,"Jun et al. Nat Commun 2019 (METIS, Bathe lab)",10.1038/s41467-019-13457-y,triangle,3,60.0,DX,128,33,57.04,2.960000000000001
Figure 3a,"Jun et al. Nat Commun 2019 (METIS, Bathe lab)",10.1038/s41467-019-13457-y,triangle,3,60.0,6HB,128,33,58.6,1.3999999999999986
Figure 3a,"Jun et al. Nat Commun 2019 (METIS, Bathe lab)",10.1038/s41467-019-13457-y,triangle,3,60.0,DX,128,34,42.88,17.119999999999997
Figure 3a,"Jun et al. Nat Commun 2019 (METIS, Bathe lab)",10.1038/s41467-019-13457-y,triangle,3,60.0,6HB,128,34,61.3,1.2999999999999972
Figure 3a,"Jun et al. Nat Commun 2019 (METIS, Bathe lab)",10.1038/s41467-019-13457-y,triangle,3,60.0,DX,128,35,73.66,13.659999999999997
Figure 3a,"Jun et al. Nat Commun 2019 (METIS, Bathe lab)",10.1038/s41467-019-13457-y,triangle,3,60.0,6HB,128,35,57.49,2.509999999999998
Figure 3a,"Jun et al. Nat Commun 2019 (METIS, Bathe lab)",10.1038/s41467-019-13457-y,triangle,3,60.0,DX,128,36,86.89,26.89
Figure 3a,"Jun et al. Nat Commun 2019 (METIS, Bathe lab)",10.1038/s41467-019-13457-y,triangle,3,60.0,6HB,128,36,60.25,0.25
Figure 3a,"Jun et al. Nat Commun 2019 (METIS, Bathe lab)",10.1038/s41467-019-13457-y,triangle,3,60.0,DX,128,37,53.12,6.880000000000003
Figure 3a,"Jun et al. Nat Commun 2019 (METIS, Bathe lab)",10.1038/s41467-019-13457-y,triangle,3,60.0,6HB,128,37,56.77,3.229999999999997
Figure 3a,"Jun et al. Nat Commun 2019 (METIS, Bathe lab)",10.1038/s41467-019-13457-y,triangle,3,60.0,DX,128,38,94.45,34.45
Figure 3a,"Jun et al. Nat Commun 2019 (METIS, Bathe lab)",10.1038/s41467-019-13457-y,triangle,3,60.0,6HB,128,38,60.86,0.8599999999999994
Figure 3a,"Jun et al. Nat Commun 2019 (METIS, Bathe lab)",10.1038/s41467-019-13457-y,triangle,3,60.0,DX,128,39,62.76,2.759999999999998
Figure 3a,"Jun et al. Nat Commun 2019 (METIS, Bathe lab)",10.1038/s41467-019-13457-y,triangle,3,60.0,6HB,128,39,54.37,5.630000000000003
Figure 3a,"Jun et al. Nat Commun 2019 (METIS, Bathe lab)",10.1038/s41467-019-13457-y,triangle,3,60.0,DX,128,40,64.33,4.329999999999998
Figure 3a,"Jun et al. Nat Commun 2019 (METIS, Bathe lab)",10.1038/s41467-019-13457-y,triangle,3,60.0,6HB,128,40,57.31,2.6899999999999977
Figure 3a,"Jun et al. Nat Commun 2019 (METIS, Bathe lab)",10.1038/s41467-019-13457-y,triangle,3,60.0,DX,128,41,54.29,5.710000000000001
Figure 3a,"Jun et al. Nat Commun 2019 (METIS, Bathe lab)",10.1038/s41467-019-13457-y,triangle,3,60.0,6HB,128,41,59.99,0.00999999999999801
Figure 3a,"Jun et al. Nat Commun 2019 (METIS, Bathe lab)",10.1038/s41467-019-13457-y,triangle,3,60.0,DX,128,42,63.18,3.1799999999999997
Figure 3a,"Jun et al. Nat Commun 2019 (METIS, Bathe lab)",10.1038/s41467-019-13457-y,triangle,3,60.0,6HB,128,42,61.85,1.8500000000000014
Figure 3a,"Jun et al. Nat Commun 2019 (METIS, Bathe lab)",10.1038/s41467-019-13457-y,triangle,3,60.0,DX,128,43,63.24,3.240000000000002
Figure 3a,"Jun et al. Nat Commun 2019 (METIS, Bathe lab)",10.1038/s41467-019-13457-y,triangle,3,60.0,6HB,128,43,62.61,2.6099999999999994
Figure 3a,"Jun et al. Nat Commun 2019 (METIS, Bathe lab)",10.1038/s41467-019-13457-y,triangle,3,60.0,DX,128,44,58.52,1.4799999999999969
Figure 3a,"Jun et al. Nat Commun 2019 (METIS, Bathe lab)",10.1038/s41467-019-13457-y,triangle,3,60.0,6HB,128,44,59.99,0.00999999999999801
Figure 3a,"Jun et al. Nat Commun 2019 (METIS, Bathe lab)",10.1038/s41467-019-13457-y,triangle,3,60.0,DX,128,45,50.26,9.740000000000002
Figure 3a,"Jun et al. Nat Commun 2019 (METIS, Bathe lab)",10.1038/s41467-019-13457-y,triangle,3,60.0,6HB,128,45,60.18,0.17999999999999972
Figure 3a,"Jun et al. Nat Commun 2019 (METIS, Bathe lab)",10.1038/s41467-019-13457-y,triangle,3,60.0,DX,128,46,57.22,2.780000000000001
Figure 3a,"Jun et al. Nat Commun 2019 (METIS, Bathe lab)",10.1038/s41467-019-13457-y,triangle,3,60.0,6HB,128,46,60.69,0.6899999999999977
Figure 3a,"Jun et al. Nat Commun 2019 (METIS, Bathe lab)",10.1038/s41467-019-13457-y,triangle,3,60.0,DX,128,47,50.68,9.32
Figure 3a,"Jun et al. Nat Commun 2019 (METIS, Bathe lab)",10.1038/s41467-019-13457-y,triangle,3,60.0,6HB,128,47,63.3,3.299999999999997
Figure 3a,"Jun et al. Nat Commun 2019 (METIS, Bathe lab)",10.1038/s41467-019-13457-y,triangle,3,60.0,DX,128,48,94.47,34.47
Figure 3a,"Jun et al. Nat Commun 2019 (METIS, Bathe lab)",10.1038/s41467-019-13457-y,triangle,3,60.0,6HB,128,48,61.93,1.9299999999999997
Figure 3a,"Jun et al. Nat Commun 2019 (METIS, Bathe lab)",10.1038/s41467-019-13457-y,triangle,3,60.0,DX,128,49,49.24,10.759999999999998
Figure 3a,"Jun et al. Nat Commun 2019 (METIS, Bathe lab)",10.1038/s41467-019-13457-y,triangle,3,60.0,6HB,128,49,63.41,3.4099999999999966
Figure 3a,"Jun et al. Nat Commun 2019 (METIS, Bathe lab)",10.1038/s41467-019-13457-y,triangle,3,60.0,DX,128,50,49.71,10.29
Figure 3a,"Jun et al. Nat Commun 2019 (METIS, Bathe lab)",10.1038/s41467-019-13457-y,triangle,3,60.0,6HB,128,50,66.44,6.439999999999998
Figure 3a,"Jun et al. Nat Commun 2019 (METIS, Bathe lab)",10.1038/s41467-019-13457-y,triangle,3,60.0,DX,128,51,68.41,8.409999999999997
Figure 3a,"Jun et al. Nat Commun 2019 (METIS, Bathe lab)",10.1038/s41467-019-13457-y,triangle,3,60.0,6HB,128,51,61.02,1.0200000000000031
Figure 3a,"Jun et al. Nat Commun 2019 (METIS, Bathe lab)",10.1038/s41467-019-13457-y,triangle,3,60.0,DX,128,52,58.63,1.3699999999999974
Figure 3a,"Jun et al. Nat Commun 2019 (METIS, Bathe lab)",10.1038/s41467-019-13457-y,triangle,3,60.0,6HB,128,52,55.85,4.149999999999999
Figure 3a,"Jun et al. Nat Commun 2019 (METIS, Bathe lab)",10.1038/s41467-019-13457-y,triangle,3,60.0,DX,128,53,76.14,16.14
Figure 3a,"Jun et al. Nat Commun 2019 (METIS, Bathe lab)",10.1038/s41467-019-13457-y,triangle,3,60.0,6HB,128,53,67.78,7.780000000000001
Figure 3a,"Jun et al. Nat Commun 2019 (METIS, Bathe lab)",10.1038/s41467-019-13457-y,triangle,3,60.0,DX,128,54,56.16,3.8400000000000034
Figure 3a,"Jun et al. Nat Commun 2019 (METIS, Bathe lab)",10.1038/s41467-019-13457-y,triangle,3,60.0,6HB,128,54,57.01,2.990000000000002
Figure 3a,"Jun et al. Nat Commun 2019 (METIS, Bathe lab)",10.1038/s41467-019-13457-y,triangle,3,60.0,DX,128,55,79.93,19.930000000000007
Figure 3a,"Jun et al. Nat Commun 2019 (METIS, Bathe lab)",10.1038/s41467-019-13457-y,triangle,3,60.0,6HB,128,55,57.71,2.289999999999999
Figure 3a,"Jun et al. Nat Commun 2019 (METIS, Bathe lab)",10.1038/s41467-019-13457-y,triangle,3,60.0,DX,128,56,75.75,15.75
Figure 3a,"Jun et al. Nat Commun 2019 (METIS, Bathe lab)",10.1038/s41467-019-13457-y,triangle,3,60.0,6HB,128,56,57.74,2.259999999999998
Figure 3a,"Jun et al. Nat Commun 2019 (METIS, Bathe lab)",10.1038/s41467-019-13457-y,triangle,3,60.0,DX,128,57,69.67,9.670000000000002
Figure 3a,"Jun et al. Nat Commun 2019 (METIS, Bathe lab)",10.1038/s41467-019-13457-y,triangle,3,60.0,6HB,128,57,59.49,0.509999999999998
Figure 3a,"Jun et al. Nat Commun 2019 (METIS, Bathe lab)",10.1038/s41467-019-13457-y,triangle,3,60.0,DX,128,58,53.05,6.950000000000003
Figure 3a,"Jun et al. Nat Commun 2019 (METIS, Bathe lab)",10.1038/s41467-019-13457-y,triangle,3,60.0,6HB,128,58,59.81,0.18999999999999773
Figure 3a,"Jun et al. Nat Commun 2019 (METIS, Bathe lab)",10.1038/s41467-019-13457-y,triangle,3,60.0,DX,128,59,48.98,11.020000000000003
Figure 3a,"Jun et al. Nat Commun 2019 (METIS, Bathe lab)",10.1038/s41467-019-13457-y,triangle,3,60.0,6HB,128,59,56.34,3.6599999999999966
Figure 3a,"Jun et al. Nat Commun 2019 (METIS, Bathe lab)",10.1038/s41467-019-13457-y,triangle,3,60.0,DX,128,60,62.8,2.799999999999997
Figure 3a,"Jun et al. Nat Commun 2019 (METIS, Bathe lab)",10.1038/s41467-019-13457-y,triangle,3,60.0,6HB,128,60,62.1,2.1000000000000014
Figure 3a,"Jun et al. Nat Commun 2019 (METIS, Bathe lab)",10.1038/s41467-019-13457-y,triangle,3,60.0,DX,128,61,53.49,6.509999999999998
Figure 3a,"Jun et al. Nat Commun 2019 (METIS, Bathe lab)",10.1038/s41467-019-13457-y,triangle,3,60.0,6HB,128,61,59.08,0.9200000000000017
Figure 3a,"Jun et al. Nat Commun 2019 (METIS, Bathe lab)",10.1038/s41467-019-13457-y,triangle,3,60.0,DX,128,62,92.19,32.19
Figure 3a,"Jun et al. Nat Commun 2019 (METIS, Bathe lab)",10.1038/s41467-019-13457-y,triangle,3,60.0,6HB,128,62,58.7,1.2999999999999972
Figure 3a,"Jun et al. Nat Commun 2019 (METIS, Bathe lab)",10.1038/s41467-019-13457-y,triangle,3,60.0,DX,128,63,63.45,3.450000000000003
Figure 3a,"Jun et al. Nat Commun 2019 (METIS, Bathe lab)",10.1038/s41467-019-13457-y,triangle,3,60.0,6HB,128,63,59.15,0.8500000000000014
Figure 3a,"Jun et al. Nat Commun 2019 (METIS, Bathe lab)",10.1038/s41467-019-13457-y,triangle,3,60.0,DX,128,64,60.27,0.2700000000000031
Figure 3a,"Jun et al. Nat Commun 2019 (METIS, Bathe lab)",10.1038/s41467-019-13457-y,triangle,3,60.0,6HB,128,64,65.77,5.769999999999996
Figure 3a,"Jun et al. Nat Commun 2019 (METIS, Bathe lab)",10.1038/s41467-019-13457-y,triangle,3,60.0,DX,128,65,89.18,29.180000000000007
Figure 3a,"Jun et al. Nat Commun 2019 (METIS, Bathe lab)",10.1038/s41467-019-13457-y,triangle,3,60.0,6HB,128,65,56.88,3.1199999999999974
Figure 3a,"Jun et al. Nat Commun 2019 (METIS, Bathe lab)",10.1038/s41467-019-13457-y,triangle,3,60.0,DX,128,66,46.57,13.43
Figure 3a,"Jun et al. Nat Commun 2019 (METIS, Bathe lab)",10.1038/s41467-019-13457-y,triangle,3,60.0,6HB,128,66,63.32,3.3200000000000003
Figure 3a,"Jun et al. Nat Commun 2019 (METIS, Bathe lab)",10.1038/s41467-019-13457-y,triangle,3,60.0,DX,128,67,56.7,3.299999999999997
Figure 3a,"Jun et al. Nat Commun 2019 (METIS, Bathe lab)",10.1038/s41467-019-13457-y,triangle,3,60.0,6HB,128,67,60.38,0.38000000000000256
Figure 3a,"Jun et al. Nat Commun 2019 (METIS, Bathe lab)",10.1038/s41467-019-13457-y,triangle,3,60.0,DX,128,68,45.93,14.07
Figure 3a,"Jun et al. Nat Commun 2019 (METIS, Bathe lab)",10.1038/s41467-019-13457-y,triangle,3,60.0,6HB,128,68,57.36,2.6400000000000006
Figure 3a,"Jun et al. Nat Commun 2019 (METIS, Bathe lab)",10.1038/s41467-019-13457-y,triangle,3,60.0,DX,128,69,65.08,5.079999999999998
Figure 3a,"Jun et al. Nat Commun 2019 (METIS, Bathe lab)",10.1038/s41467-019-13457-y,triangle,3,60.0,6HB,128,69,63.82,3.8200000000000003
Figure 3a,"Jun et al. Nat Commun 2019 (METIS, Bathe lab)",10.1038/s41467-019-13457-y,triangle,3,60.0,DX,128,70,54.29,5.710000000000001
Figure 3a,"Jun et al. Nat Commun 2019 (METIS, Bathe lab)",10.1038/s41467-019-13457-y,triangle,3,60.0,6HB,128,70,60.46,0.46000000000000085
Figure 3a,"Jun et al. Nat Commun 2019 (METIS, Bathe lab)",10.1038/s41467-019-13457-y,triangle,3,60.0,DX,128,71,62.68,2.6799999999999997
Figure 3a,"Jun et al. Nat Commun 2019 (METIS, Bathe lab)",10.1038/s41467-019-13457-y,triangle,3,60.0,6HB,128,71,63.68,3.6799999999999997
Figure 3a,"Jun et al. Nat Commun 2019 (METIS, Bathe lab)",10.1038/s41467-019-13457-y,triangle,3,60.0,DX,128,72,70.75,10.75
Figure 3a,"Jun et al. Nat Commun 2019 (METIS, Bathe lab)",10.1038/s41467-019-13457-y,triangle,3,60.0,6HB,128,72,57.39,2.6099999999999994
Figure 3a,"Jun et al. Nat Commun 2019 (METIS, Bathe lab)",10.1038/s41467-019-13457-y,triangle,3,60.0,DX,128,73,65.95,5.950000000000003
Figure 3a,"Jun et al. Nat Commun 2019 (METIS, Bathe lab)",10.1038/s41467-019-13457-y,triangle,3,60.0,6HB,128,73,60.34,0.3400000000000034
Figure 3a,"Jun et al. Nat Commun 2019 (METIS, Bathe lab)",10.1038/s41467-019-13457-y,triangle,3,60.0,DX,128,74,73.71,13.709999999999994
Figure 3a,"Jun et al. Nat Commun 2019 (METIS, Bathe lab)",10.1038/s41467-019-13457-y,triangle,3,60.0,6HB,128,74,54.68,5.32
Figure 3a,"Jun et al. Nat Commun 2019 (METIS, Bathe lab)",10.1038/s41467-019-13457-y,triangle,3,60.0,DX,128,75,57.61,2.3900000000000006
Figure 3a,"Jun et al. Nat Commun 2019 (METIS, Bathe lab)",10.1038/s41467-019-13457-y,triangle,3,60.0,6HB,128,75,66.15,6.150000000000006
Figure 3a,"Jun et al. Nat Commun 2019 (METIS, Bathe lab)",10.1038/s41467-019-13457-y,triangle,3,60.0,DX,128,76,51.52,8.479999999999997
Figure 3a,"Jun et al. Nat Commun 2019 (METIS, Bathe lab)",10.1038/s41467-019-13457-y,triangle,3,60.0,6HB,128,76,56.17,3.8299999999999983
Figure 3a,"Jun et al. Nat Commun 2019 (METIS, Bathe lab)",10.1038/s41467-019-13457-y,triangle,3,60.0,DX,128,77,46.87,13.130000000000003
Figure 3a,"Jun et al. Nat Commun 2019 (METIS, Bathe lab)",10.1038/s41467-019-13457-y,triangle,3,60.0,6HB,128,77,56.78,3.219999999999999
Figure 3a,"Jun et al. Nat Commun 2019 (METIS, Bathe lab)",10.1038/s41467-019-13457-y,triangle,3,60.0,DX,128,78,60.11,0.10999999999999943
Figure 3a,"Jun et al. Nat Commun 2019 (METIS, Bathe lab)",10.1038/s41467-019-13457-y,triangle,3,60.0,6HB,128,78,68.28,8.280000000000001
Figure 3a,"Jun et al. Nat Commun 2019 (METIS, Bathe lab)",10.1038/s41467-019-13457-y,triangle,3,60.0,DX,128,79,63.47,3.469999999999999
Figure 3a,"Jun et al. Nat Commun 2019 (METIS, Bathe lab)",10.1038/s41467-019-13457-y,triangle,3,60.0,6HB,128,79,56.48,3.520000000000003
Figure 3a,"Jun et al. Nat Commun 2019 (METIS, Bathe lab)",10.1038/s41467-019-13457-y,triangle,3,60.0,DX,128,80,69.0,9.0
Figure 3a,"Jun et al. Nat Commun 2019 (METIS, Bathe lab)",10.1038/s41467-019-13457-y,triangle,3,60.0,6HB,128,80,60.92,0.9200000000000017
Figure 3a,"Jun et al. Nat Commun 2019 (METIS, Bathe lab)",10.1038/s41467-019-13457-y,triangle,3,60.0,DX,128,81,57.6,2.3999999999999986
Figure 3a,"Jun et al. Nat Commun 2019 (METIS, Bathe lab)",10.1038/s41467-019-13457-y,triangle,3,60.0,6HB,128,81,59.87,0.13000000000000256
Figure 3a,"Jun et al. Nat Commun 2019 (METIS, Bathe lab)",10.1038/s41467-019-13457-y,triangle,3,60.0,DX,128,82,98.48,38.480000000000004
Figure 3a,"Jun et al. Nat Commun 2019 (METIS, Bathe lab)",10.1038/s41467-019-13457-y,triangle,3,60.0,6HB,128,82,63.96,3.960000000000001
Figure 3a,"Jun et al. Nat Commun 2019 (METIS, Bathe lab)",10.1038/s41467-019-13457-y,triangle,3,60.0,DX,128,83,46.69,13.310000000000002
Figure 3a,"Jun et al. Nat Commun 2019 (METIS, Bathe lab)",10.1038/s41467-019-13457-y,triangle,3,60.0,6HB,128,83,58.45,1.5499999999999972
Figure 3a,"Jun et al. Nat Commun 2019 (METIS, Bathe lab)",10.1038/s41467-019-13457-y,triangle,3,60.0,DX,128,84,42.97,17.03
Figure 3a,"Jun et al. Nat Commun 2019 (METIS, Bathe lab)",10.1038/s41467-019-13457-y,triangle,3,60.0,6HB,128,84,58.0,2.0
Figure 3a,"Jun et al. Nat Commun 2019 (METIS, Bathe lab)",10.1038/s41467-019-13457-y,triangle,3,60.0,DX,128,85,51.16,8.840000000000003
Figure 3a,"Jun et al. Nat Commun 2019 (METIS, Bathe lab)",10.1038/s41467-019-13457-y,triangle,3,60.0,6HB,128,85,62.5,2.5
Figure 3a,"Jun et al. Nat Commun 2019 (METIS, Bathe lab)",10.1038/s41467-019-13457-y,triangle,3,60.0,DX,128,86,60.46,0.46000000000000085
Figure 3a,"Jun et al. Nat Commun 2019 (METIS, Bathe lab)",10.1038/s41467-019-13457-y,triangle,3,60.0,6HB,128,86,59.27,0.7299999999999969
Figure 3a,"Jun et al. Nat Commun 2019 (METIS, Bathe lab)",10.1038/s41467-019-13457-y,triangle,3,60.0,DX,128,87,75.25,15.25
Figure 3a,"Jun et al. Nat Commun 2019 (METIS, Bathe lab)",10.1038/s41467-019-13457-y,triangle,3,60.0,6HB,128,87,68.85,8.849999999999994
Figure 3a,"Jun et al. Nat Commun 2019 (METIS, Bathe lab)",10.1038/s41467-019-13457-y,triangle,3,60.0,DX,128,88,55.58,4.420000000000002
Figure 3a,"Jun et al. Nat Commun 2019 (METIS, Bathe lab)",10.1038/s41467-019-13457-y,triangle,3,60.0,6HB,128,88,54.4,5.600000000000001
Figure 3a,"Jun et al. Nat Commun 2019 (METIS, Bathe lab)",10.1038/s41467-019-13457-y,triangle,3,60.0,DX,128,89,57.36,2.6400000000000006
Figure 3a,"Jun et al. Nat Commun 2019 (METIS, Bathe lab)",10.1038/s41467-019-13457-y,triangle,3,60.0,6HB,128,89,68.2,8.200000000000003
Figure 3a,"Jun et al. Nat Commun 2019 (METIS, Bathe lab)",10.1038/s41467-019-13457-y,triangle,3,60.0,DX,128,90,62.01,2.009999999999998
Figure 3a,"Jun et al. Nat Commun 2019 (METIS, Bathe lab)",10.1038/s41467-019-13457-y,triangle,3,60.0,6HB,128,90,59.31,0.6899999999999977
Figure 3a,"Jun et al. Nat Commun 2019 (METIS, Bathe lab)",10.1038/s41467-019-13457-y,triangle,3,60.0,DX,128,91,62.13,2.1300000000000026
Figure 3a,"Jun et al. Nat Commun 2019 (METIS, Bathe lab)",10.1038/s41467-019-13457-y,triangle,3,60.0,6HB,128,91,58.03,1.9699999999999989
Figure 3a,"Jun et al. Nat Commun 2019 (METIS, Bathe lab)",10.1038/s41467-019-13457-y,triangle,3,60.0,DX,128,92,73.27,13.269999999999996
Figure 3a,"Jun et al. Nat Commun 2019 (METIS, Bathe lab)",10.1038/s41467-019-13457-y,triangle,3,60.0,6HB,128,92,66.93,6.930000000000007
Figure 3a,"Jun et al. Nat Commun 2019 (METIS, Bathe lab)",10.1038/s41467-019-13457-y,triangle,3,60.0,DX,128,93,51.2,8.799999999999997
Figure 3a,"Jun et al. Nat Commun 2019 (METIS, Bathe lab)",10.1038/s41467-019-13457-y,triangle,3,60.0,6HB,128,93,64.13,4.1299999999999955
Figure 3a,"Jun et al. Nat Commun 2019 (METIS, Bathe lab)",10.1038/s41467-019-13457-y,triangle,3,60.0,DX,128,94,73.59,13.590000000000003
Figure 3a,"Jun et al. Nat Commun 2019 (METIS, Bathe lab)",10.1038/s41467-019-13457-y,triangle,3,60.0,6HB,128,94,51.49,8.509999999999998
Figure 3a,"Jun et al. Nat Commun 2019 (METIS, Bathe lab)",10.1038/s41467-019-13457-y,triangle,3,60.0,DX,128,95,63.42,3.4200000000000017
Figure 3a,"Jun et al. Nat Commun 2019 (METIS, Bathe lab)",10.1038/s41467-019-13457-y,triangle,3,60.0,6HB,128,95,56.95,3.049999999999997
Figure 3a,"Jun et al. Nat Commun 2019 (METIS, Bathe lab)",10.1038/s41467-019-13457-y,triangle,3,60.0,DX,128,96,66.27,6.269999999999996
Figure 3a,"Jun et al. Nat Commun 2019 (METIS, Bathe lab)",10.1038/s41467-019-13457-y,triangle,3,60.0,6HB,128,96,66.83,6.829999999999998
Figure 3a,"Jun et al. Nat Commun 2019 (METIS, Bathe lab)",10.1038/s41467-019-13457-y,triangle,3,60.0,DX,128,97,60.3,0.29999999999999716
Figure 3a,"Jun et al. Nat Commun 2019 (METIS, Bathe lab)",10.1038/s41467-019-13457-y,triangle,3,60.0,6HB,128,97,62.64,2.6400000000000006
Figure 3a,"Jun et al. Nat Commun 2019 (METIS, Bathe lab)",10.1038/s41467-019-13457-y,triangle,3,60.0,DX,128,98,58.66,1.3400000000000034
Figure 3a,"Jun et al. Nat Commun 2019 (METIS, Bathe lab)",10.1038/s41467-019-13457-y,triangle,3,60.0,6HB,128,98,63.55,3.549999999999997
Figure 3a,"Jun et al. Nat Commun 2019 (METIS, Bathe lab)",10.1038/s41467-019-13457-y,triangle,3,60.0,DX,128,99,66.18,6.180000000000007
Figure 3a,"Jun et al. Nat Commun 2019 (METIS, Bathe lab)",10.1038/s41467-019-13457-y,triangle,3,60.0,6HB,128,99,64.04,4.040000000000006
Figure 3a,"Jun et al. Nat Commun 2019 (METIS, Bathe lab)",10.1038/s41467-019-13457-y,triangle,3,60.0,DX,128,100,56.63,3.3699999999999974
Figure 3a,"Jun et al. Nat Commun 2019 (METIS, Bathe lab)",10.1038/s41467-019-13457-y,triangle,3,60.0,6HB,128,100,57.2,2.799999999999997
Figure 3a,"Jun et al. Nat Commun 2019 (METIS, Bathe lab)",10.1038/s41467-019-13457-y,triangle,3,60.0,DX,128,101,51.99,8.009999999999998
Figure 3a,"Jun et al. Nat Commun 2019 (METIS, Bathe lab)",10.1038/s41467-019-13457-y,triangle,3,60.0,6HB,128,101,62.93,2.9299999999999997
Figure 3a,"Jun et al. Nat Commun 2019 (METIS, Bathe lab)",10.1038/s41467-019-13457-y,triangle,3,60.0,DX,128,102,57.02,2.979999999999997
Figure 3a,"Jun et al. Nat Commun 2019 (METIS, Bathe lab)",10.1038/s41467-019-13457-y,triangle,3,60.0,6HB,128,102,59.93,0.07000000000000028
Figure 3a,"Jun et al. Nat Commun 2019 (METIS, Bathe lab)",10.1038/s41467-019-13457-y,triangle,3,60.0,DX,128,103,59.73,0.2700000000000031
Figure 3a,"Jun et al. Nat Commun 2019 (METIS, Bathe lab)",10.1038/s41467-019-13457-y,triangle,3,60.0,6HB,128,103,60.58,0.5799999999999983
Figure 3a,"Jun et al. Nat Commun 2019 (METIS, Bathe lab)",10.1038/s41467-019-13457-y,triangle,3,60.0,DX,128,104,63.11,3.1099999999999994
Figure 3a,"Jun et al. Nat Commun 2019 (METIS, Bathe lab)",10.1038/s41467-019-13457-y,triangle,3,60.0,6HB,128,104,56.58,3.4200000000000017
Figure 3a,"Jun et al. Nat Commun 2019 (METIS, Bathe lab)",10.1038/s41467-019-13457-y,triangle,3,60.0,DX,128,105,87.38,27.379999999999995
Figure 3a,"Jun et al. Nat Commun 2019 (METIS, Bathe lab)",10.1038/s41467-019-13457-y,triangle,3,60.0,6HB,128,105,59.85,0.14999999999999858
Figure 3a,"Jun et al. Nat Commun 2019 (METIS, Bathe lab)",10.1038/s41467-019-13457-y,triangle,3,60.0,DX,128,106,49.68,10.32
Figure 3a,"Jun et al. Nat Commun 2019 (METIS, Bathe lab)",10.1038/s41467-019-13457-y,triangle,3,60.0,6HB,128,106,62.83,2.8299999999999983
Figure 3a,"Jun et al. Nat Commun 2019 (METIS, Bathe lab)",10.1038/s41467-019-13457-y,triangle,3,60.0,DX,128,107,41.9,18.1
Figure 3a,"Jun et al. Nat Commun 2019 (METIS, Bathe lab)",10.1038/s41467-019-13457-y,triangle,3,60.0,6HB,128,107,56.01,3.990000000000002
Figure 3a,"Jun et al. Nat Commun 2019 (METIS, Bathe lab)",10.1038/s41467-019-13457-y,triangle,3,60.0,DX,128,108,41.23,18.770000000000003
Figure 3a,"Jun et al. Nat Commun 2019 (METIS, Bathe lab)",10.1038/s41467-019-13457-y,triangle,3,60.0,6HB,128,108,63.24,3.240000000000002
Figure 3a,"Jun et al. Nat Commun 2019 (METIS, Bathe lab)",10.1038/s41467-019-13457-y,triangle,3,60.0,DX,128,109,59.17,0.8299999999999983
Figure 3a,"Jun et al. Nat Commun 2019 (METIS, Bathe lab)",10.1038/s41467-019-13457-y,triangle,3,60.0,6HB,128,109,63.32,3.3200000000000003
Figure 3a,"Jun et al. Nat Commun 2019 (METIS, Bathe lab)",10.1038/s41467-019-13457-y,triangle,3,60.0,DX,128,110,48.47,11.530000000000001
Figure 3a,"Jun et al. Nat Commun 2019 (METIS, Bathe lab)",10.1038/s41467-019-13457-y,triangle,3,60.0,6HB,128,110,62.01,2.009999999999998
Figure 3a,"Jun et al. Nat Commun 2019 (METIS, Bathe lab)",10.1038/s41467-019-13457-y,triangle,3,60.0,DX,128,111,62.56,2.5600000000000023
Figure 3a,"Jun et al. Nat Commun 2019 (METIS, Bathe lab)",10.1038/s41467-019-13457-y,triangle,3,60.0,6HB,128,111,61.03,1.0300000000000011
Figure 3a,"Jun et al. Nat Commun 2019 (METIS, Bathe lab)",10.1038/s41467-019-13457-y,triangle,3,60.0,DX,128,112,64.23,4.230000000000004
Figure 3a,"Jun et al. Nat Commun 2019 (METIS, Bathe lab)",10.1038/s41467-019-13457-y,triangle,3,60.0,6HB,128,112,62.37,2.3699999999999974
Figure 3a,"Jun et al. Nat Commun 2019 (METIS, Bathe lab)",10.1038/s41467-019-13457-y,triangle,3,60.0,DX,128,113,79.75,19.75
Figure 3a,"Jun et al. Nat Commun 2019 (METIS, Bathe lab)",10.1038/s41467-019-13457-y,triangle,3,60.0,6HB,128,113,60.12,0.11999999999999744
Figure 3a,"Jun et al. Nat Commun 2019 (METIS, Bathe lab)",10.1038/s41467-019-13457-y,triangle,3,60.0,DX,128,114,82.05,22.049999999999997
Figure 3a,"Jun et al. Nat Commun 2019 (METIS, Bathe lab)",10.1038/s41467-019-13457-y,triangle,3,60.0,6HB,128,114,63.56,3.5600000000000023
Figure 3a,"Jun et al. Nat Commun 2019 (METIS, Bathe lab)",10.1038/s41467-019-13457-y,triangle,3,60.0,DX,128,115,42.98,17.020000000000003
Figure 3a,"Jun et al. Nat Commun 2019 (METIS, Bathe lab)",10.1038/s41467-019-13457-y,triangle,3,60.0,6HB,128,115,59.09,0.9099999999999966
Figure 3a,"Jun et al. Nat Commun 2019 (METIS, Bathe lab)",10.1038/s41467-019-13457-y,triangle,3,60.0,DX,128,116,43.57,16.43
Figure 3a,"Jun et al. Nat Commun 2019 (METIS, Bathe lab)",10.1038/s41467-019-13457-y,triangle,3,60.0,6HB,128,116,62.81,2.8100000000000023
Figure 3a,"Jun et al. Nat Commun 2019 (METIS, Bathe lab)",10.1038/s41467-019-13457-y,triangle,3,60.0,DX,128,117,47.24,12.759999999999998
Figure 3a,"Jun et al. Nat Commun 2019 (METIS, Bathe lab)",10.1038/s41467-019-13457-y,triangle,3,60.0,6HB,128,117,68.13,8.129999999999995
Figure 3a,"Jun et al. Nat Commun 2019 (METIS, Bathe lab)",10.1038/s41467-019-13457-y,triangle,3,60.0,DX,128,118,60.6,0.6000000000000014
Figure 3a,"Jun et al. Nat Commun 2019 (METIS, Bathe lab)",10.1038/s41467-019-13457-y,triangle,3,60.0,6HB,128,118,56.92,3.0799999999999983
Figure 3a,"Jun et al. Nat Commun 2019 (METIS, Bathe lab)",10.1038/s41467-019-13457-y,triangle,3,60.0,DX,128,119,62.78,2.780000000000001
Figure 3a,"Jun et al. Nat Commun 2019 (METIS, Bathe lab)",10.1038/s41467-019-13457-y,triangle,3,60.0,6HB,128,119,58.75,1.25
Figure 3a,"Jun et al. Nat Commun 2019 (METIS, Bathe lab)",10.1038/s41467-019-13457-y,triangle,3,60.0,DX,128,120,66.82,6.819999999999993
Figure 3a,"Jun et al. Nat Commun 2019 (METIS, Bathe lab)",10.1038/s41467-019-13457-y,triangle,3,60.0,6HB,128,120,60.82,0.8200000000000003
Figure 3a,"Jun et al. Nat Commun 2019 (METIS, Bathe lab)",10.1038/s41467-019-13457-y,triangle,3,60.0,DX,128,121,58.19,1.8100000000000023
Figure 3a,"Jun et al. Nat Commun 2019 (METIS, Bathe lab)",10.1038/s41467-019-13457-y,triangle,3,60.0,6HB,128,121,61.89,1.8900000000000006
Figure 3a,"Jun et al. Nat Commun 2019 (METIS, Bathe lab)",10.1038/s41467-019-13457-y,triangle,3,60.0,DX,128,122,56.76,3.240000000000002
Figure 3a,"Jun et al. Nat Commun 2019 (METIS, Bathe lab)",10.1038/s41467-019-13457-y,triangle,3,60.0,6HB,128,122,53.63,6.369999999999997
Figure 3a,"Jun et al. Nat Commun 2019 (METIS, Bathe lab)",10.1038/s41467-019-13457-y,triangle,3,60.0,DX,128,123,75.81,15.810000000000002
Figure 3a,"Jun et al. Nat Commun 2019 (METIS, Bathe lab)",10.1038/s41467-019-13457-y,triangle,3,60.0,6HB,128,123,69.68,9.680000000000007
Figure 3a,"Jun et al. Nat Commun 2019 (METIS, Bathe lab)",10.1038/s41467-019-13457-y,triangle,3,60.0,DX,128,124,92.6,32.599999999999994
Figure 3a,"Jun et al. Nat Commun 2019 (METIS, Bathe lab)",10.1038/s41467-019-13457-y,triangle,3,60.0,6HB,128,124,61.28,1.2800000000000011
Figure 3a,"Jun et al. Nat Commun 2019 (METIS, Bathe lab)",10.1038/s41467-019-13457-y,triangle,3,60.0,DX,128,125,61.94,1.9399999999999977
Figure 3a,"Jun et al. Nat Commun 2019 (METIS, Bathe lab)",10.1038/s41467-019-13457-y,triangle,3,60.0,6HB,128,125,57.79,2.210000000000001
Figure 3a,"Jun et al. Nat Commun 2019 (METIS, Bathe lab)",10.1038/s41467-019-13457-y,triangle,3,60.0,DX,128,126,45.13,14.869999999999997
Figure 3a,"Jun et al. Nat Commun 2019 (METIS, Bathe lab)",10.1038/s41467-019-13457-y,triangle,3,60.0,6HB,128,126,61.7,1.7000000000000028
Figure 3a,"Jun et al. Nat Commun 2019 (METIS, Bathe lab)",10.1038/s41467-019-13457-y,triangle,3,60.0,DX,128,127,52.32,7.68
Figure 3a,"Jun et al. Nat Commun 2019 (METIS, Bathe lab)",10.1038/s41467-019-13457-y,triangle,3,60.0,6HB,128,127,62.04,2.039999999999999
Figure 3a,"Jun et al. Nat Commun 2019 (METIS, Bathe lab)",10.1038/s41467-019-13457-y,triangle,3,60.0,DX,128,128,97.63,37.629999999999995
Figure 3a,"Jun et al. Nat Commun 2019 (METIS, Bathe lab)",10.1038/s41467-019-13457-y,triangle,3,60.0,6HB,128,128,67.66,7.659999999999997
Figure 3a,"Jun et al. Nat Commun 2019 (METIS, Bathe lab)",10.1038/s41467-019-13457-y,triangle,3,60.0,DX,128,129,41.69,18.310000000000002
Figure 3a,"Jun et al. Nat Commun 2019 (METIS, Bathe lab)",10.1038/s41467-019-13457-y,triangle,3,60.0,6HB,128,129,60.42,0.4200000000000017
Figure 3a,"Jun et al. Nat Commun 2019 (METIS, Bathe lab)",10.1038/s41467-019-13457-y,triangle,3,60.0,DX,128,130,48.78,11.219999999999999
Figure 3a,"Jun et al. Nat Commun 2019 (METIS, Bathe lab)",10.1038/s41467-019-13457-y,triangle,3,60.0,6HB,128,130,57.58,2.4200000000000017
Figure 3a,"Jun et al. Nat Commun 2019 (METIS, Bathe lab)",10.1038/s41467-019-13457-y,triangle,3,60.0,DX,128,131,64.34,4.340000000000003
Figure 3a,"Jun et al. Nat Commun 2019 (METIS, Bathe lab)",10.1038/s41467-019-13457-y,triangle,3,60.0,6HB,128,131,60.95,0.9500000000000028
Figure 3a,"Jun et al. Nat Commun 2019 (METIS, Bathe lab)",10.1038/s41467-019-13457-y,triangle,3,60.0,DX,128,132,47.88,12.119999999999997
Figure 3a,"Jun et al. Nat Commun 2019 (METIS, Bathe lab)",10.1038/s41467-019-13457-y,triangle,3,60.0,6HB,128,132,66.8,6.799999999999997
Figure 3a,"Jun et al. Nat Commun 2019 (METIS, Bathe lab)",10.1038/s41467-019-13457-y,triangle,3,60.0,DX,128,133,84.77,24.769999999999996
Figure 3a,"Jun et al. Nat Commun 2019 (METIS, Bathe lab)",10.1038/s41467-019-13457-y,triangle,3,60.0,6HB,128,133,57.32,2.6799999999999997
Figure 3a,"Jun et al. Nat Commun 2019 (METIS, Bathe lab)",10.1038/s41467-019-13457-y,triangle,3,60.0,DX,128,134,66.81,6.810000000000002
Figure 3a,"Jun et al. Nat Commun 2019 (METIS, Bathe lab)",10.1038/s41467-019-13457-y,triangle,3,60.0,6HB,128,134,61.94,1.9399999999999977
Figure 3a,"Jun et al. Nat Commun 2019 (METIS, Bathe lab)",10.1038/s41467-019-13457-y,triangle,3,60.0,DX,128,135,62.12,2.1199999999999974
Figure 3a,"Jun et al. Nat Commun 2019 (METIS, Bathe lab)",10.1038/s41467-019-13457-y,triangle,3,60.0,6HB,128,135,58.0,2.0
Figure 3a,"Jun et al. Nat Commun 2019 (METIS, Bathe lab)",10.1038/s41467-019-13457-y,triangle,3,60.0,DX,128,136,75.16,15.159999999999997
Figure 3a,"Jun et al. Nat Commun 2019 (METIS, Bathe lab)",10.1038/s41467-019-13457-y,triangle,3,60.0,6HB,128,136,65.02,5.019999999999996
Figure 3a,"Jun et al. Nat Commun 2019 (METIS, Bathe lab)",10.1038/s41467-019-13457-y,triangle,3,60.0,DX,128,137,85.79,25.790000000000006
Figure 3a,"Jun et al. Nat Commun 2019 (METIS, Bathe lab)",10.1038/s41467-019-13457-y,triangle,3,60.0,6HB,128,137,58.23,1.7700000000000031
Figure 3a,"Jun et al. Nat Commun 2019 (METIS, Bathe lab)",10.1038/s41467-019-13457-y,triangle,3,60.0,DX,128,138,76.8,16.799999999999997
Figure 3a,"Jun et al. Nat Commun 2019 (METIS, Bathe lab)",10.1038/s41467-019-13457-y,triangle,3,60.0,6HB,128,138,60.23,0.22999999999999687
Figure 3a,"Jun et al. Nat Commun 2019 (METIS, Bathe lab)",10.1038/s41467-019-13457-y,triangle,3,60.0,DX,128,139,74.83,14.829999999999998
Figure 3a,"Jun et al. Nat Commun 2019 (METIS, Bathe lab)",10.1038/s41467-019-13457-y,triangle,3,60.0,6HB,128,139,62.27,2.270000000000003
Figure 3a,"Jun et al. Nat Commun 2019 (METIS, Bathe lab)",10.1038/s41467-019-13457-y,triangle,3,60.0,DX,128,140,66.53,6.530000000000001
Figure 3a,"Jun et al. Nat Commun 2019 (METIS, Bathe lab)",10.1038/s41467-019-13457-y,triangle,3,60.0,6HB,128,140,57.26,2.740000000000002
Figure 3a,"Jun et al. Nat Commun 2019 (METIS, Bathe lab)",10.1038/s41467-019-13457-y,triangle,3,60.0,DX,128,141,54.27,5.729999999999997
Figure 3a,"Jun et al. Nat Commun 2019 (METIS, Bathe lab)",10.1038/s41467-019-13457-y,triangle,3,60.0,6HB,128,141,66.52,6.519999999999996
Figure 3a,"Jun et al. Nat Commun 2019 (METIS, Bathe lab)",10.1038/s41467-019-13457-y,triangle,3,60.0,DX,128,142,72.74,12.739999999999995
Figure 3a,"Jun et al. Nat Commun 2019 (METIS, Bathe lab)",10.1038/s41467-019-13457-y,triangle,3,60.0,6HB,128,142,59.43,0.5700000000000003
Figure 3a,"Jun et al. Nat Commun 2019 (METIS, Bathe lab)",10.1038/s41467-019-13457-y,triangle,3,60.0,DX,128,143,53.44,6.560000000000002
Figure 3a,"Jun et al. Nat Commun 2019 (METIS, Bathe lab)",10.1038/s41467-019-13457-y,triangle,3,60.0,6HB,128,143,67.75,7.75
Figure 3a,"Jun et al. Nat Commun 2019 (METIS, Bathe lab)",10.1038/s41467-019-13457-y,triangle,3,60.0,DX,128,144,51.9,8.100000000000001
Figure 3a,"Jun et al. Nat Commun 2019 (METIS, Bathe lab)",10.1038/s41467-019-13457-y,triangle,3,60.0,6HB,128,144,58.91,1.0900000000000034
Figure 3a,"Jun et al. Nat Commun 2019 (METIS, Bathe lab)",10.1038/s41467-019-13457-y,triangle,3,60.0,DX,128,145,61.31,1.3100000000000023
Figure 3a,"Jun et al. Nat Commun 2019 (METIS, Bathe lab)",10.1038/s41467-019-13457-y,triangle,3,60.0,6HB,128,145,60.47,0.46999999999999886
Figure 3a,"Jun et al. Nat Commun 2019 (METIS, Bathe lab)",10.1038/s41467-019-13457-y,triangle,3,60.0,DX,128,146,79.87,19.870000000000005
Figure 3a,"Jun et al. Nat Commun 2019 (METIS, Bathe lab)",10.1038/s41467-019-13457-y,triangle,3,60.0,6HB,128,146,62.42,2.4200000000000017
Figure 3a,"Jun et al. Nat Commun 2019 (METIS, Bathe lab)",10.1038/s41467-019-13457-y,triangle,3,60.0,DX,128,147,51.72,8.280000000000001
Figure 3a,"Jun et al. Nat Commun 2019 (METIS, Bathe lab)",10.1038/s41467-019-13457-y,triangle,3,60.0,6HB,128,147,60.84,0.8400000000000034
Figure 3a,"Jun et al. Nat Commun 2019 (METIS, Bathe lab)",10.1038/s41467-019-13457-y,triangle,3,60.0,DX,128,148,70.55,10.549999999999997
Figure 3a,"Jun et al. Nat Commun 2019 (METIS, Bathe lab)",10.1038/s41467-019-13457-y,triangle,3,60.0,6HB,128,148,60.19,0.18999999999999773
Figure 3a,"Jun et al. Nat Commun 2019 (METIS, Bathe lab)",10.1038/s41467-019-13457-y,triangle,3,60.0,DX,128,149,48.89,11.11
Figure 3a,"Jun et al. Nat Commun 2019 (METIS, Bathe lab)",10.1038/s41467-019-13457-y,triangle,3,60.0,6HB,128,149,62.54,2.539999999999999
Figure 3a,"Jun et al. Nat Commun 2019 (METIS, Bathe lab)",10.1038/s41467-019-13457-y,triangle,3,60.0,DX,128,150,59.69,0.3100000000000023
Figure 3a,"Jun et al. Nat Commun 2019 (METIS, Bathe lab)",10.1038/s41467-019-13457-y,triangle,3,60.0,6HB,128,150,54.47,5.530000000000001
Figure 3a,"Jun et al. Nat Commun 2019 (METIS, Bathe lab)",10.1038/s41467-019-13457-y,triangle,3,60.0,DX,128,151,89.58,29.58
Figure 3a,"Jun et al. Nat Commun 2019 (METIS, Bathe lab)",10.1038/s41467-019-13457-y,triangle,3,60.0,6HB,128,151,68.59,8.590000000000003
Figure 3a,"Jun et al. Nat Commun 2019 (METIS, Bathe lab)",10.1038/s41467-019-13457-y,triangle,3,60.0,DX,128,152,68.38,8.379999999999995
Figure 3a,"Jun et al. Nat Commun 2019 (METIS, Bathe lab)",10.1038/s41467-019-13457-y,triangle,3,60.0,6HB,128,152,67.61,7.609999999999999
Figure 3a,"Jun et al. Nat Commun 2019 (METIS, Bathe lab)",10.1038/s41467-019-13457-y,triangle,3,60.0,DX,128,153,49.47,10.530000000000001
Figure 3a,"Jun et al. Nat Commun 2019 (METIS, Bathe lab)",10.1038/s41467-019-13457-y,triangle,3,60.0,6HB,128,153,58.28,1.7199999999999989
Figure 3a,"Jun et al. Nat Commun 2019 (METIS, Bathe lab)",10.1038/s41467-019-13457-y,triangle,3,60.0,DX,128,154,53.75,6.25
Figure 3a,"Jun et al. Nat Commun 2019 (METIS, Bathe lab)",10.1038/s41467-019-13457-y,triangle,3,60.0,6HB,128,154,64.62,4.6200000000000045
Figure 3a,"Jun et al. Nat Commun 2019 (METIS, Bathe lab)",10.1038/s41467-019-13457-y,triangle,3,60.0,DX,128,155,54.58,5.420000000000002
Figure 3a,"Jun et al. Nat Commun 2019 (METIS, Bathe lab)",10.1038/s41467-019-13457-y,triangle,3,60.0,6HB,128,155,55.56,4.439999999999998
Figure 3a,"Jun et al. Nat Commun 2019 (METIS, Bathe lab)",10.1038/s41467-019-13457-y,triangle,3,60.0,DX,128,156,68.81,8.810000000000002
Figure 3a,"Jun et al. Nat Commun 2019 (METIS, Bathe lab)",10.1038/s41467-019-13457-y,triangle,3,60.0,6HB,128,156,67.23,7.230000000000004
Figure 3a,"Jun et al. Nat Commun 2019 (METIS, Bathe lab)",10.1038/s41467-019-13457-y,triangle,3,60.0,DX,128,157,77.7,17.700000000000003
Figure 3a,"Jun et al. Nat Commun 2019 (METIS, Bathe lab)",10.1038/s41467-019-13457-y,triangle,3,60.0,6HB,128,157,59.61,0.39000000000000057
Figure 3a,"Jun et al. Nat Commun 2019 (METIS, Bathe lab)",10.1038/s41467-019-13457-y,triangle,3,60.0,DX,128,158,48.82,11.18
Figure 3a,"Jun et al. Nat Commun 2019 (METIS, Bathe lab)",10.1038/s41467-019-13457-y,triangle,3,60.0,6HB,128,158,57.99,2.009999999999998
Figure 3a,"Jun et al. Nat Commun 2019 (METIS, Bathe lab)",10.1038/s41467-019-13457-y,triangle,3,60.0,DX,128,159,54.6,5.399999999999999
Figure 3a,"Jun et al. Nat Commun 2019 (METIS, Bathe lab)",10.1038/s41467-019-13457-y,triangle,3,60.0,6HB,128,159,62.34,2.3400000000000034
Figure 3a,"Jun et al. Nat Commun 2019 (METIS, Bathe lab)",10.1038/s41467-019-13457-y,triangle,3,60.0,DX,128,160,61.3,1.2999999999999972
Figure 3a,"Jun et al. Nat Commun 2019 (METIS, Bathe lab)",10.1038/s41467-019-13457-y,triangle,3,60.0,6HB,128,160,60.64,0.6400000000000006
Figure 3a,"Jun et al. Nat Commun 2019 (METIS, Bathe lab)",10.1038/s41467-019-13457-y,triangle,3,60.0,DX,128,161,60.39,0.39000000000000057
Figure 3a,"Jun et al. Nat Commun 2019 (METIS, Bathe lab)",10.1038/s41467-019-13457-y,triangle,3,60.0,6HB,128,161,62.67,2.6700000000000017
Figure 3a,"Jun et al. Nat Commun 2019 (METIS, Bathe lab)",10.1038/s41467-019-13457-y,triangle,3,60.0,DX,128,162,71.43,11.430000000000007
Figure 3a,"Jun et al. Nat Commun 2019 (METIS, Bathe lab)",10.1038/s41467-019-13457-y,triangle,3,60.0,6HB,128,162,57.29,2.710000000000001
Figure 3a,"Jun et al. Nat Commun 2019 (METIS, Bathe lab)",10.1038/s41467-019-13457-y,triangle,3,60.0,DX,128,163,56.13,3.8699999999999974
Figure 3a,"Jun et al. Nat Commun 2019 (METIS, Bathe lab)",10.1038/s41467-019-13457-y,triangle,3,60.0,6HB,128,163,67.3,7.299999999999997
Figure 3a,"Jun et al. Nat Commun 2019 (METIS, Bathe lab)",10.1038/s41467-019-13457-y,triangle,3,60.0,DX,128,164,65.97,5.969999999999999
Figure 3a,"Jun et al. Nat Commun 2019 (METIS, Bathe lab)",10.1038/s41467-019-13457-y,triangle,3,60.0,6HB,128,164,58.69,1.3100000000000023
Figure 3a,"Jun et al. Nat Commun 2019 (METIS, Bathe lab)",10.1038/s41467-019-13457-y,triangle,3,60.0,DX,128,165,83.8,23.799999999999997
Figure 3a,"Jun et al. Nat Commun 2019 (METIS, Bathe lab)",10.1038/s41467-019-13457-y,triangle,3,60.0,6HB,128,165,62.98,2.979999999999997
Figure 3a,"Jun et al. Nat Commun 2019 (METIS, Bathe lab)",10.1038/s41467-019-13457-y,triangle,3,60.0,DX,128,166,70.97,10.969999999999999
Figure 3a,"Jun et al. Nat Commun 2019 (METIS, Bathe lab)",10.1038/s41467-019-13457-y,triangle,3,60.0,6HB,128,166,67.68,7.680000000000007
Figure 3a,"Jun et al. Nat Commun 2019 (METIS, Bathe lab)",10.1038/s41467-019-13457-y,triangle,3,60.0,DX,128,167,55.37,4.630000000000003
Figure 3a,"Jun et al. Nat Commun 2019 (METIS, Bathe lab)",10.1038/s41467-019-13457-y,triangle,3,60.0,6HB,128,167,58.86,1.1400000000000006
Figure 3a,"Jun et al. Nat Commun 2019 (METIS, Bathe lab)",10.1038/s41467-019-13457-y,triangle,3,60.0,DX,128,168,59.25,0.75
Figure 3a,"Jun et al. Nat Commun 2019 (METIS, Bathe lab)",10.1038/s41467-019-13457-y,triangle,3,60.0,6HB,128,168,56.23,3.770000000000003
Figure 3a,"Jun et al. Nat Commun 2019 (METIS, Bathe lab)",10.1038/s41467-019-13457-y,triangle,3,60.0,DX,128,169,77.75,17.75
Figure 3a,"Jun et al. Nat Commun 2019 (METIS, Bathe lab)",10.1038/s41467-019-13457-y,triangle,3,60.0,6HB,128,169,64.61,4.609999999999999
Figure 3a,"Jun et al. Nat Commun 2019 (METIS, Bathe lab)",10.1038/s41467-019-13457-y,triangle,3,60.0,DX,128,170,74.26,14.260000000000005
Figure 3a,"Jun et al. Nat Commun 2019 (METIS, Bathe lab)",10.1038/s41467-019-13457-y,triangle,3,60.0,6HB,128,170,56.23,3.770000000000003
Figure 3a,"Jun et al. Nat Commun 2019 (METIS, Bathe lab)",10.1038/s41467-019-13457-y,triangle,3,60.0,DX,128,171,55.23,4.770000000000003
Figure 3a,"Jun et al. Nat Commun 2019 (METIS, Bathe lab)",10.1038/s41467-019-13457-y,triangle,3,60.0,6HB,128,171,68.48,8.480000000000004
Figure 3a,"Jun et al. Nat Commun 2019 (METIS, Bathe lab)",10.1038/s41467-019-13457-y,triangle,3,60.0,DX,128,172,58.39,1.6099999999999994
Figure 3a,"Jun et al. Nat Commun 2019 (METIS, Bathe lab)",10.1038/s41467-019-13457-y,triangle,3,60.0,6HB,128,172,56.94,3.0600000000000023
Figure 3a,"Jun et al. Nat Commun 2019 (METIS, Bathe lab)",10.1038/s41467-019-13457-y,triangle,3,60.0,DX,128,173,72.97,12.969999999999999
Figure 3a,"Jun et al. Nat Commun 2019 (METIS, Bathe lab)",10.1038/s41467-019-13457-y,triangle,3,60.0,6HB,128,173,65.64,5.640000000000001
Figure 3a,"Jun et al. Nat Commun 2019 (METIS, Bathe lab)",10.1038/s41467-019-13457-y,triangle,3,60.0,DX,128,174,68.19,8.189999999999998
Figure 3a,"Jun et al. Nat Commun 2019 (METIS, Bathe lab)",10.1038/s41467-019-13457-y,triangle,3,60.0,6HB,128,174,56.27,3.729999999999997
Figure 3a,"Jun et al. Nat Commun 2019 (METIS, Bathe lab)",10.1038/s41467-019-13457-y,triangle,3,60.0,DX,128,175,54.66,5.340000000000003
Figure 3a,"Jun et al. Nat Commun 2019 (METIS, Bathe lab)",10.1038/s41467-019-13457-y,triangle,3,60.0,6HB,128,175,57.34,2.6599999999999966
Figure 3a,"Jun et al. Nat Commun 2019 (METIS, Bathe lab)",10.1038/s41467-019-13457-y,triangle,3,60.0,DX,128,176,68.57,8.569999999999993
Figure 3a,"Jun et al. Nat Commun 2019 (METIS, Bathe lab)",10.1038/s41467-019-13457-y,triangle,3,60.0,6HB,128,176,65.46,5.459999999999994
Figure 3a,"Jun et al. Nat Commun 2019 (METIS, Bathe lab)",10.1038/s41467-019-13457-y,triangle,3,60.0,DX,128,177,62.17,2.1700000000000017
Figure 3a,"Jun et al. Nat Commun 2019 (METIS, Bathe lab)",10.1038/s41467-019-13457-y,triangle,3,60.0,6HB,128,177,63.61,3.6099999999999994
Figure 3a,"Jun et al. Nat Commun 2019 (METIS, Bathe lab)",10.1038/s41467-019-13457-y,triangle,3,60.0,DX,128,178,77.15,17.150000000000006
Figure 3a,"Jun et al. Nat Commun 2019 (METIS, Bathe lab)",10.1038/s41467-019-13457-y,triangle,3,60.0,6HB,128,178,54.7,5.299999999999997
Figure 3a,"Jun et al. Nat Commun 2019 (METIS, Bathe lab)",10.1038/s41467-019-13457-y,triangle,3,60.0,DX,128,179,74.6,14.599999999999994
Figure 3a,"Jun et al. Nat Commun 2019 (METIS, Bathe lab)",10.1038/s41467-019-13457-y,triangle,3,60.0,6HB,128,179,59.11,0.8900000000000006
Figure 3a,"Jun et al. Nat Commun 2019 (METIS, Bathe lab)",10.1038/s41467-019-13457-y,triangle,3,60.0,DX,128,180,53.62,6.380000000000003
Figure 3a,"Jun et al. Nat Commun 2019 (METIS, Bathe lab)",10.1038/s41467-019-13457-y,triangle,3,60.0,6HB,128,180,61.29,1.2899999999999991
Figure 3a,"Jun et al. Nat Commun 2019 (METIS, Bathe lab)",10.1038/s41467-019-13457-y,triangle,3,60.0,DX,128,181,48.06,11.939999999999998
Figure 3a,"Jun et al. Nat Commun 2019 (METIS, Bathe lab)",10.1038/s41467-019-13457-y,triangle,3,60.0,6HB,128,181,64.35,4.349999999999994
Figure 3a,"Jun et al. Nat Commun 2019 (METIS, Bathe lab)",10.1038/s41467-019-13457-y,triangle,3,60.0,DX,128,182,52.36,7.640000000000001
Figure 3a,"Jun et al. Nat Commun 2019 (METIS, Bathe lab)",10.1038/s41467-019-13457-y,triangle,3,60.0,6HB,128,182,60.94,0.9399999999999977
Figure 3a,"Jun et al. Nat Commun 2019 (METIS, Bathe lab)",10.1038/s41467-019-13457-y,triangle,3,60.0,DX,128,183,69.58,9.579999999999998
Figure 3a,"Jun et al. Nat Commun 2019 (METIS, Bathe lab)",10.1038/s41467-019-13457-y,triangle,3,60.0,6HB,128,183,59.18,0.8200000000000003
Figure 3a,"Jun et al. Nat Commun 2019 (METIS, Bathe lab)",10.1038/s41467-019-13457-y,triangle,3,60.0,DX,128,184,63.92,3.9200000000000017
Figure 3a,"Jun et al. Nat Commun 2019 (METIS, Bathe lab)",10.1038/s41467-019-13457-y,triangle,3,60.0,6HB,128,184,65.75,5.75
Figure 3a,"Jun et al. Nat Commun 2019 (METIS, Bathe lab)",10.1038/s41467-019-13457-y,triangle,3,60.0,DX,128,185,59.48,0.5200000000000031
Figure 3a,"Jun et al. Nat Commun 2019 (METIS, Bathe lab)",10.1038/s41467-019-13457-y,triangle,3,60.0,6HB,128,185,70.09,10.090000000000003
Figure 3a,"Jun et al. Nat Commun 2019 (METIS, Bathe lab)",10.1038/s41467-019-13457-y,triangle,3,60.0,DX,128,186,66.19,6.189999999999998
Figure 3a,"Jun et al. Nat Commun 2019 (METIS, Bathe lab)",10.1038/s41467-019-13457-y,triangle,3,60.0,6HB,128,186,59.32,0.6799999999999997
Figure 3a,"Jun et al. Nat Commun 2019 (METIS, Bathe lab)",10.1038/s41467-019-13457-y,triangle,3,60.0,DX,128,187,83.45,23.450000000000003
Figure 3a,"Jun et al. Nat Commun 2019 (METIS, Bathe lab)",10.1038/s41467-019-13457-y,triangle,3,60.0,6HB,128,187,59.19,0.8100000000000023
Figure 3a,"Jun et al. Nat Commun 2019 (METIS, Bathe lab)",10.1038/s41467-019-13457-y,triangle,3,60.0,DX,128,188,68.34,8.340000000000003
Figure 3a,"Jun et al. Nat Commun 2019 (METIS, Bathe lab)",10.1038/s41467-019-13457-y,triangle,3,60.0,6HB,128,188,63.09,3.0900000000000034
Figure 3a,"Jun et al. Nat Commun 2019 (METIS, Bathe lab)",10.1038/s41467-019-13457-y,triangle,3,60.0,DX,128,189,83.38,23.379999999999995
Figure 3a,"Jun et al. Nat Commun 2019 (METIS, Bathe lab)",10.1038/s41467-019-13457-y,triangle,3,60.0,6HB,128,189,59.4,0.6000000000000014
Figure 3a,"Jun et al. Nat Commun 2019 (METIS, Bathe lab)",10.1038/s41467-019-13457-y,triangle,3,60.0,DX,128,190,40.18,19.82
Figure 3a,"Jun et al. Nat Commun 2019 (METIS, Bathe lab)",10.1038/s41467-019-13457-y,triangle,3,60.0,6HB,128,190,61.7,1.7000000000000028
Figure 3a,"Jun et al. Nat Commun 2019 (METIS, Bathe lab)",10.1038/s41467-019-13457-y,triangle,3,60.0,DX,128,191,78.93,18.930000000000007
Figure 3a,"Jun et al. Nat Commun 2019 (METIS, Bathe lab)",10.1038/s41467-019-13457-y,triangle,3,60.0,6HB,128,191,57.03,2.969999999999999
Figure 3a,"Jun et al. Nat Commun 2019 (METIS, Bathe lab)",10.1038/s41467-019-13457-y,triangle,3,60.0,DX,128,192,72.53,12.530000000000001
Figure 3a,"Jun et al. Nat Commun 2019 (METIS, Bathe lab)",10.1038/s41467-019-13457-y,triangle,3,60.0,6HB,128,192,60.72,0.7199999999999989
Figure 3a,"Jun et al. Nat Commun 2019 (METIS, Bathe lab)",10.1038/s41467-019-13457-y,triangle,3,60.0,DX,128,193,43.55,16.450000000000003
Figure 3a,"Jun et al. Nat Commun 2019 (METIS, Bathe lab)",10.1038/s41467-019-13457-y,triangle,3,60.0,6HB,128,193,58.05,1.9500000000000028
Figure 3a,"Jun et al. Nat Commun 2019 (METIS, Bathe lab)",10.1038/s41467-019-13457-y,triangle,3,60.0,DX,128,194,99.6,39.599999999999994
Figure 3a,"Jun et al. Nat Commun 2019 (METIS, Bathe lab)",10.1038/s41467-019-13457-y,triangle,3,60.0,6HB,128,194,58.23,1.7700000000000031
Figure 3a,"Jun et al. Nat Commun 2019 (METIS, Bathe lab)",10.1038/s41467-019-13457-y,triangle,3,60.0,DX,128,195,76.17,16.17
Figure 3a,"Jun et al. Nat Commun 2019 (METIS, Bathe lab)",10.1038/s41467-019-13457-y,triangle,3,60.0,6HB,128,195,66.31,6.310000000000002
Figure 3a,"Jun et al. Nat Commun 2019 (METIS, Bathe lab)",10.1038/s41467-019-13457-y,triangle,3,60.0,DX,128,196,88.26,28.260000000000005
Figure 3a,"Jun et al. Nat Commun 2019 (METIS, Bathe lab)",10.1038/s41467-019-13457-y,triangle,3,60.0,6HB,128,196,65.33,5.329999999999998
Figure 3a,"Jun et al. Nat Commun 2019 (METIS, Bathe lab)",10.1038/s41467-019-13457-y,triangle,3,60.0,DX,128,197,60.71,0.7100000000000009
Figure 3a,"Jun et al. Nat Commun 2019 (METIS, Bathe lab)",10.1038/s41467-019-13457-y,triangle,3,60.0,6HB,128,197,59.88,0.11999999999999744
Figure 3a,"Jun et al. Nat Commun 2019 (METIS, Bathe lab)",10.1038/s41467-019-13457-y,triangle,3,60.0,DX,128,198,52.82,7.18
Figure 3a,"Jun et al. Nat Commun 2019 (METIS, Bathe lab)",10.1038/s41467-019-13457-y,triangle,3,60.0,6HB,128,198,63.85,3.8500000000000014
Figure 3a,"Jun et al. Nat Commun 2019 (METIS, Bathe lab)",10.1038/s41467-019-13457-y,triangle,3,60.0,DX,128,199,64.16,4.159999999999997
Figure 3a,"Jun et al. Nat Commun 2019 (METIS, Bathe lab)",10.1038/s41467-019-13457-y,triangle,3,60.0,6HB,128,199,57.94,2.0600000000000023
Figure 3a,"Jun et al. Nat Commun 2019 (METIS, Bathe lab)",10.1038/s41467-019-13457-y,triangle,3,60.0,DX,128,200,70.14,10.14
Figure 3a,"Jun et al. Nat Commun 2019 (METIS, Bathe lab)",10.1038/s41467-019-13457-y,triangle,3,60.0,6HB,128,200,58.99,1.009999999999998
Figure 3a,"Jun et al. Nat Commun 2019 (METIS, Bathe lab)",10.1038/s41467-019-13457-y,triangle,3,60.0,DX,128,201,68.1,8.099999999999994
Figure 3a,"Jun et al. Nat Commun 2019 (METIS, Bathe lab)",10.1038/s41467-019-13457-y,triangle,3,60.0,6HB,128,201,62.6,2.6000000000000014
Figure 3a,"Jun et al. Nat Commun 2019 (METIS, Bathe lab)",10.1038/s41467-019-13457-y,triangle,3,60.0,DX,128,202,62.67,2.6700000000000017
Figure 3a,"Jun et al. Nat Commun 2019 (METIS, Bathe lab)",10.1038/s41467-019-13457-y,triangle,3,60.0,6HB,128,202,61.07,1.0700000000000003
Figure 3a,"Jun et al. Nat Commun 2019 (METIS, Bathe lab)",10.1038/s41467-019-13457-y,triangle,3,60.0,DX,128,203,66.36,6.359999999999999
Figure 3a,"Jun et al. Nat Commun 2019 (METIS, Bathe lab)",10.1038/s41467-019-13457-y,triangle,3,60.0,6HB,128,203,73.95,13.950000000000003
Figure 3a,"Jun et al. Nat Commun 2019 (METIS, Bathe lab)",10.1038/s41467-019-13457-y,triangle,3,60.0,DX,128,204,48.34,11.659999999999997
Figure 3a,"Jun et al. Nat Commun 2019 (METIS, Bathe lab)",10.1038/s41467-019-13457-y,triangle,3,60.0,6HB,128,204,59.65,0.3500000000000014
Figure 3a,"Jun et al. Nat Commun 2019 (METIS, Bathe lab)",10.1038/s41467-019-13457-y,triangle,3,60.0,DX,128,205,82.14,22.14
Figure 3a,"Jun et al. Nat Commun 2019 (METIS, Bathe lab)",10.1038/s41467-019-13457-y,triangle,3,60.0,6HB,128,205,55.7,4.299999999999997
Figure 3a,"Jun et al. Nat Commun 2019 (METIS, Bathe lab)",10.1038/s41467-019-13457-y,triangle,3,60.0,DX,128,206,61.51,1.509999999999998
Figure 3a,"Jun et al. Nat Commun 2019 (METIS, Bathe lab)",10.1038/s41467-019-13457-y,triangle,3,60.0,6HB,128,206,52.58,7.420000000000002
Figure 3a,"Jun et al. Nat Commun 2019 (METIS, Bathe lab)",10.1038/s41467-019-13457-y,triangle,3,60.0,DX,128,207,70.76,10.760000000000005
Figure 3a,"Jun et al. Nat Commun 2019 (METIS, Bathe lab)",10.1038/s41467-019-13457-y,triangle,3,60.0,6HB,128,207,67.37,7.3700000000000045
Figure 3a,"Jun et al. Nat Commun 2019 (METIS, Bathe lab)",10.1038/s41467-019-13457-y,triangle,3,60.0,DX,128,208,66.47,6.469999999999999
Figure 3a,"Jun et al. Nat Commun 2019 (METIS, Bathe lab)",10.1038/s41467-019-13457-y,triangle,3,60.0,6HB,128,208,69.71,9.709999999999994
Figure 3a,"Jun et al. Nat Commun 2019 (METIS, Bathe lab)",10.1038/s41467-019-13457-y,triangle,3,60.0,DX,128,209,48.69,11.310000000000002
Figure 3a,"Jun et al. Nat Commun 2019 (METIS, Bathe lab)",10.1038/s41467-019-13457-y,triangle,3,60.0,6HB,128,209,63.9,3.8999999999999986
Figure 3a,"Jun et al. Nat Commun 2019 (METIS, Bathe lab)",10.1038/s41467-019-13457-y,triangle,3,60.0,DX,128,210,66.83,6.829999999999998
Figure 3a,"Jun et al. Nat Commun 2019 (METIS, Bathe lab)",10.1038/s41467-019-13457-y,triangle,3,60.0,6HB,128,210,62.09,2.0900000000000034
Figure 3a,"Jun et al. Nat Commun 2019 (METIS, Bathe lab)",10.1038/s41467-019-13457-y,triangle,3,60.0,DX,128,211,67.86,7.859999999999999
Figure 3a,"Jun et al. Nat Commun 2019 (METIS, Bathe lab)",10.1038/s41467-019-13457-y,triangle,3,60.0,6HB,128,211,59.45,0.5499999999999972
Figure 3a,"Jun et al. Nat Commun 2019 (METIS, Bathe lab)",10.1038/s41467-019-13457-y,triangle,3,60.0,DX,128,212,60.22,0.21999999999999886
Figure 3a,"Jun et al. Nat Commun 2019 (METIS, Bathe lab)",10.1038/s41467-019-13457-y,triangle,3,60.0,6HB,128,212,62.83,2.8299999999999983
Figure 3a,"Jun et al. Nat Commun 2019 (METIS, Bathe lab)",10.1038/s41467-019-13457-y,triangle,3,60.0,DX,128,213,47.7,12.299999999999997
Figure 3a,"Jun et al. Nat Commun 2019 (METIS, Bathe lab)",10.1038/s41467-019-13457-y,triangle,3,60.0,6HB,128,213,64.12,4.1200000000000045
Figure 3a,"Jun et al. Nat Commun 2019 (METIS, Bathe lab)",10.1038/s41467-019-13457-y,triangle,3,60.0,DX,128,214,67.02,7.019999999999996
Figure 3a,"Jun et al. Nat Commun 2019 (METIS, Bathe lab)",10.1038/s41467-019-13457-y,triangle,3,60.0,6HB,128,214,57.5,2.5
Figure 3a,"Jun et al. Nat Commun 2019 (METIS, Bathe lab)",10.1038/s41467-019-13457-y,triangle,3,60.0,DX,128,215,46.17,13.829999999999998
Figure 3a,"Jun et al. Nat Commun 2019 (METIS, Bathe lab)",10.1038/s41467-019-13457-y,triangle,3,60.0,6HB,128,215,65.38,5.3799999999999955
Figure 3a,"Jun et al. Nat Commun 2019 (METIS, Bathe lab)",10.1038/s41467-019-13457-y,triangle,3,60.0,DX,128,216,47.68,12.32
Figure 3a,"Jun et al. Nat Commun 2019 (METIS, Bathe lab)",10.1038/s41467-019-13457-y,triangle,3,60.0,6HB,128,216,59.57,0.4299999999999997
Figure 3a,"Jun et al. Nat Commun 2019 (METIS, Bathe lab)",10.1038/s41467-019-13457-y,triangle,3,60.0,DX,128,217,74.0,14.0
Figure 3a,"Jun et al. Nat Commun 2019 (METIS, Bathe lab)",10.1038/s41467-019-13457-y,triangle,3,60.0,6HB,128,217,61.29,1.2899999999999991
Figure 3a,"Jun et al. Nat Commun 2019 (METIS, Bathe lab)",10.1038/s41467-019-13457-y,triangle,3,60.0,DX,128,218,50.75,9.25
Figure 3a,"Jun et al. Nat Commun 2019 (METIS, Bathe lab)",10.1038/s41467-019-13457-y,triangle,3,60.0,6HB,128,218,61.84,1.8400000000000034
Figure 3a,"Jun et al. Nat Commun 2019 (METIS, Bathe lab)",10.1038/s41467-019-13457-y,triangle,3,60.0,DX,128,219,53.66,6.340000000000003
Figure 3a,"Jun et al. Nat Commun 2019 (METIS, Bathe lab)",10.1038/s41467-019-13457-y,triangle,3,60.0,6HB,128,219,65.12,5.1200000000000045
Figure 3a,"Jun et al. Nat Commun 2019 (METIS, Bathe lab)",10.1038/s41467-019-13457-y,triangle,3,60.0,DX,128,220,43.85,16.15
Figure 3a,"Jun et al. Nat Commun 2019 (METIS, Bathe lab)",10.1038/s41467-019-13457-y,triangle,3,60.0,6HB,128,220,61.31,1.3100000000000023
Figure 3a,"Jun et al. Nat Commun 2019 (METIS, Bathe lab)",10.1038/s41467-019-13457-y,triangle,3,60.0,DX,128,221,68.55,8.549999999999997
Figure 3a,"Jun et al. Nat Commun 2019 (METIS, Bathe lab)",10.1038/s41467-019-13457-y,triangle,3,60.0,6HB,128,221,67.42,7.420000000000002
Figure 3a,"Jun et al. Nat Commun 2019 (METIS, Bathe lab)",10.1038/s41467-019-13457-y,triangle,3,60.0,DX,128,222,67.99,7.989999999999995
Figure 3a,"Jun et al. Nat Commun 2019 (METIS, Bathe lab)",10.1038/s41467-019-13457-y,triangle,3,60.0,6HB,128,222,64.04,4.040000000000006
Figure 3a,"Jun et al. Nat Commun 2019 (METIS, Bathe lab)",10.1038/s41467-019-13457-y,triangle,3,60.0,DX,128,223,63.39,3.3900000000000006
Figure 3a,"Jun et al. Nat Commun 2019 (METIS, Bathe lab)",10.1038/s41467-019-13457-y,triangle,3,60.0,6HB,128,223,62.11,2.1099999999999994
Figure 3a,"Jun et al. Nat Commun 2019 (METIS, Bathe lab)",10.1038/s41467-019-13457-y,triangle,3,60.0,DX,128,224,60.52,0.5200000000000031
Figure 3a,"Jun et al. Nat Commun 2019 (METIS, Bathe lab)",10.1038/s41467-019-13457-y,triangle,3,60.0,6HB,128,224,61.73,1.7299999999999969
Figure 3a,"Jun et al. Nat Commun 2019 (METIS, Bathe lab)",10.1038/s41467-019-13457-y,triangle,3,60.0,DX,128,225,54.94,5.060000000000002
Figure 3a,"Jun et al. Nat Commun 2019 (METIS, Bathe lab)",10.1038/s41467-019-13457-y,triangle,3,60.0,6HB,128,225,66.47,6.469999999999999
Figure 3a,"Jun et al. Nat Commun 2019 (METIS, Bathe lab)",10.1038/s41467-019-13457-y,triangle,3,60.0,DX,128,226,88.93,28.930000000000007
Figure 3a,"Jun et al. Nat Commun 2019 (METIS, Bathe lab)",10.1038/s41467-019-13457-y,triangle,3,60.0,6HB,128,226,57.88,2.1199999999999974
Figure 3a,"Jun et al. Nat Commun 2019 (METIS, Bathe lab)",10.1038/s41467-019-13457-y,triangle,3,60.0,DX,128,227,52.76,7.240000000000002
Figure 3a,"Jun et al. Nat Commun 2019 (METIS, Bathe lab)",10.1038/s41467-019-13457-y,triangle,3,60.0,6HB,128,227,62.85,2.8500000000000014
Figure 3a,"Jun et al. Nat Commun 2019 (METIS, Bathe lab)",10.1038/s41467-019-13457-y,triangle,3,60.0,DX,128,228,52.59,7.409999999999997
Figure 3a,"Jun et al. Nat Commun 2019 (METIS, Bathe lab)",10.1038/s41467-019-13457-y,triangle,3,60.0,6HB,128,228,64.22,4.219999999999999
Figure 3a,"Jun et al. Nat Commun 2019 (METIS, Bathe lab)",10.1038/s41467-019-13457-y,triangle,3,60.0,DX,128,229,69.13,9.129999999999995
Figure 3a,"Jun et al. Nat Commun 2019 (METIS, Bathe lab)",10.1038/s41467-019-13457-y,triangle,3,60.0,6HB,128,229,61.15,1.1499999999999986
Figure 3a,"Jun et al. Nat Commun 2019 (METIS, Bathe lab)",10.1038/s41467-019-13457-y,triangle,3,60.0,DX,128,230,50.21,9.79
Figure 3a,"Jun et al. Nat Commun 2019 (METIS, Bathe lab)",10.1038/s41467-019-13457-y,triangle,3,60.0,6HB,128,230,61.18,1.1799999999999997
Figure 3a,"Jun et al. Nat Commun 2019 (METIS, Bathe lab)",10.1038/s41467-019-13457-y,triangle,3,60.0,DX,128,231,92.56,32.56
Figure 3a,"Jun et al. Nat Commun 2019 (METIS, Bathe lab)",10.1038/s41467-019-13457-y,triangle,3,60.0,6HB,128,231,72.03,12.030000000000001
Figure 3a,"Jun et al. Nat Commun 2019 (METIS, Bathe lab)",10.1038/s41467-019-13457-y,triangle,3,60.0,DX,128,232,45.69,14.310000000000002
Figure 3a,"Jun et al. Nat Commun 2019 (METIS, Bathe lab)",10.1038/s41467-019-13457-y,triangle,3,60.0,6HB,128,232,66.3,6.299999999999997
Figure 3a,"Jun et al. Nat Commun 2019 (METIS, Bathe lab)",10.1038/s41467-019-13457-y,triangle,3,60.0,DX,128,233,62.95,2.950000000000003
Figure 3a,"Jun et al. Nat Commun 2019 (METIS, Bathe lab)",10.1038/s41467-019-13457-y,triangle,3,60.0,6HB,128,233,69.27,9.269999999999996
Figure 3a,"Jun et al. Nat Commun 2019 (METIS, Bathe lab)",10.1038/s41467-019-13457-y,triangle,3,60.0,DX,128,234,67.33,7.329999999999998
Figure 3a,"Jun et al. Nat Commun 2019 (METIS, Bathe lab)",10.1038/s41467-019-13457-y,triangle,3,60.0,6HB,128,234,61.3,1.2999999999999972
Figure 3a,"Jun et al. Nat Commun 2019 (METIS, Bathe lab)",10.1038/s41467-019-13457-y,triangle,3,60.0,DX,128,235,50.1,9.899999999999999
Figure 3a,"Jun et al. Nat Commun 2019 (METIS, Bathe lab)",10.1038/s41467-019-13457-y,triangle,3,60.0,6HB,128,235,58.14,1.8599999999999994
Figure 3a,"Jun et al. Nat Commun 2019 (METIS, Bathe lab)",10.1038/s41467-019-13457-y,triangle,3,60.0,DX,128,236,70.36,10.36
Figure 3a,"Jun et al. Nat Commun 2019 (METIS, Bathe lab)",10.1038/s41467-019-13457-y,triangle,3,60.0,6HB,128,236,64.82,4.819999999999993
Figure 3a,"Jun et al. Nat Commun 2019 (METIS, Bathe lab)",10.1038/s41467-019-13457-y,triangle,3,60.0,DX,128,237,79.98,19.980000000000004
Figure 3a,"Jun et al. Nat Commun 2019 (METIS, Bathe lab)",10.1038/s41467-019-13457-y,triangle,3,60.0,6HB,128,237,59.33,0.6700000000000017
Figure 3a,"Jun et al. Nat Commun 2019 (METIS, Bathe lab)",10.1038/s41467-019-13457-y,triangle,3,60.0,DX,128,238,66.22,6.219999999999999
Figure 3a,"Jun et al. Nat Commun 2019 (METIS, Bathe lab)",10.1038/s41467-019-13457-y,triangle,3,60.0,6HB,128,238,56.31,3.6899999999999977
Figure 3a,"Jun et al. Nat Commun 2019 (METIS, Bathe lab)",10.1038/s41467-019-13457-y,triangle,3,60.0,DX,128,239,69.55,9.549999999999997
Figure 3a,"Jun et al. Nat Commun 2019 (METIS, Bathe lab)",10.1038/s41467-019-13457-y,triangle,3,60.0,6HB,128,239,64.71,4.709999999999994
Figure 3a,"Jun et al. Nat Commun 2019 (METIS, Bathe lab)",10.1038/s41467-019-13457-y,triangle,3,60.0,DX,128,240,58.92,1.0799999999999983
Figure 3a,"Jun et al. Nat Commun 2019 (METIS, Bathe lab)",10.1038/s41467-019-13457-y,triangle,3,60.0,6HB,128,240,53.03,6.969999999999999
Figure 3a,"Jun et al. Nat Commun 2019 (METIS, Bathe lab)",10.1038/s41467-019-13457-y,triangle,3,60.0,DX,128,241,64.64,4.640000000000001
Figure 3a,"Jun et al. Nat Commun 2019 (METIS, Bathe lab)",10.1038/s41467-019-13457-y,triangle,3,60.0,6HB,128,241,69.21,9.209999999999994
Figure 3a,"Jun et al. Nat Commun 2019 (METIS, Bathe lab)",10.1038/s41467-019-13457-y,triangle,3,60.0,DX,128,242,62.63,2.6300000000000026
Figure 3a,"Jun et al. Nat Commun 2019 (METIS, Bathe lab)",10.1038/s41467-019-13457-y,triangle,3,60.0,6HB,128,242,63.29,3.289999999999999
Figure 3a,"Jun et al. Nat Commun 2019 (METIS, Bathe lab)",10.1038/s41467-019-13457-y,triangle,3,60.0,DX,128,243,51.57,8.43
Figure 3a,"Jun et al. Nat Commun 2019 (METIS, Bathe lab)",10.1038/s41467-019-13457-y,triangle,3,60.0,6HB,128,243,63.6,3.6000000000000014
Figure 3a,"Jun et al. Nat Commun 2019 (METIS, Bathe lab)",10.1038/s41467-019-13457-y,triangle,3,60.0,DX,128,244,52.92,7.079999999999998
Figure 3a,"Jun et al. Nat Commun 2019 (METIS, Bathe lab)",10.1038/s41467-019-13457-y,triangle,3,60.0,6HB,128,244,59.71,0.28999999999999915
Figure 3a,"Jun et al. Nat Commun 2019 (METIS, Bathe lab)",10.1038/s41467-019-13457-y,triangle,3,60.0,DX,128,245,65.74,5.739999999999995
Figure 3a,"Jun et al. Nat Commun 2019 (METIS, Bathe lab)",10.1038/s41467-019-13457-y,triangle,3,60.0,6HB,128,245,59.44,0.5600000000000023
Figure 3a,"Jun et al. Nat Commun 2019 (METIS, Bathe lab)",10.1038/s41467-019-13457-y,triangle,3,60.0,DX,128,246,56.74,3.259999999999998
Figure 3a,"Jun et al. Nat Commun 2019 (METIS, Bathe lab)",10.1038/s41467-019-13457-y,triangle,3,60.0,6HB,128,246,71.2,11.200000000000003
Figure 3a,"Jun et al. Nat Commun 2019 (METIS, Bathe lab)",10.1038/s41467-019-13457-y,triangle,3,60.0,DX,128,247,79.03,19.03
Figure 3a,"Jun et al. Nat Commun 2019 (METIS, Bathe lab)",10.1038/s41467-019-13457-y,triangle,3,60.0,6HB,128,247,55.27,4.729999999999997
Figure 3a,"Jun et al. Nat Commun 2019 (METIS, Bathe lab)",10.1038/s41467-019-13457-y,triangle,3,60.0,DX,128,248,42.93,17.07
Figure 3a,"Jun et al. Nat Commun 2019 (METIS, Bathe lab)",10.1038/s41467-019-13457-y,triangle,3,60.0,6HB,128,248,61.51,1.509999999999998
Figure 3a,"Jun et al. Nat Commun 2019 (METIS, Bathe lab)",10.1038/s41467-019-13457-y,triangle,3,60.0,DX,128,249,62.21,2.210000000000001
Figure 3a,"Jun et al. Nat Commun 2019 (METIS, Bathe lab)",10.1038/s41467-019-13457-y,triangle,3,60.0,6HB,128,249,58.32,1.6799999999999997
Figure 3a,"Jun et al. Nat Commun 2019 (METIS, Bathe lab)",10.1038/s41467-019-13457-y,triangle,3,60.0,DX,128,250,58.97,1.0300000000000011
Figure 3a,"Jun et al. Nat Commun 2019 (METIS, Bathe lab)",10.1038/s41467-019-13457-y,triangle,3,60.0,6HB,128,250,63.49,3.490000000000002
Figure 3a,"Jun et al. Nat Commun 2019 (METIS, Bathe lab)",10.1038/s41467-019-13457-y,triangle,3,60.0,DX,128,251,35.99,24.009999999999998
Figure 3a,"Jun et al. Nat Commun 2019 (METIS, Bathe lab)",10.1038/s41467-019-13457-y,triangle,3,60.0,6HB,128,251,63.3,3.299999999999997
Figure 3a,"Jun et al. Nat Commun 2019 (METIS, Bathe lab)",10.1038/s41467-019-13457-y,triangle,3,60.0,DX,128,252,67.11,7.109999999999999
Figure 3a,"Jun et al. Nat Commun 2019 (METIS, Bathe lab)",10.1038/s41467-019-13457-y,triangle,3,60.0,6HB,128,252,61.56,1.5600000000000023
Figure 3a,"Jun et al. Nat Commun 2019 (METIS, Bathe lab)",10.1038/s41467-019-13457-y,triangle,3,60.0,DX,128,253,90.0,30.0
Figure 3a,"Jun et al. Nat Commun 2019 (METIS, Bathe lab)",10.1038/s41467-019-13457-y,triangle,3,60.0,6HB,128,253,59.3,0.7000000000000028
Figure 3a,"Jun et al. Nat Commun 2019 (METIS, Bathe lab)",10.1038/s41467-019-13457-y,triangle,3,60.0,DX,128,254,59.39,0.6099999999999994
Figure 3a,"Jun et al. Nat Commun 2019 (METIS, Bathe lab)",10.1038/s41467-019-13457-y,triangle,3,60.0,6HB,128,254,59.52,0.4799999999999969
Figure 3a,"Jun et al. Nat Commun 2019 (METIS, Bathe lab)",10.1038/s41467-019-13457-y,triangle,3,60.0,DX,128,255,52.35,7.649999999999999
Figure 3a,"Jun et al. Nat Commun 2019 (METIS, Bathe lab)",10.1038/s41467-019-13457-y,triangle,3,60.0,6HB,128,255,61.75,1.75
Figure 3a,"Jun et al. Nat Commun 2019 (METIS, Bathe lab)",10.1038/s41467-019-13457-y,triangle,3,60.0,DX,128,256,78.15,18.150000000000006
Figure 3a,"Jun et al. Nat Commun 2019 (METIS, Bathe lab)",10.1038/s41467-019-13457-y,triangle,3,60.0,6HB,128,256,60.54,0.5399999999999991
Figure 3a,"Jun et al. Nat Commun 2019 (METIS, Bathe lab)",10.1038/s41467-019-13457-y,triangle,3,60.0,DX,128,257,47.16,12.840000000000003
Figure 3a,"Jun et al. Nat Commun 2019 (METIS, Bathe lab)",10.1038/s41467-019-13457-y,triangle,3,60.0,6HB,128,257,60.46,0.46000000000000085
Figure 3a,"Jun et al. Nat Commun 2019 (METIS, Bathe lab)",10.1038/s41467-019-13457-y,triangle,3,60.0,DX,128,258,46.02,13.979999999999997
Figure 3a,"Jun et al. Nat Commun 2019 (METIS, Bathe lab)",10.1038/s41467-019-13457-y,triangle,3,60.0,6HB,128,258,66.31,6.310000000000002
Figure 3a,"Jun et al. Nat Commun 2019 (METIS, Bathe lab)",10.1038/s41467-019-13457-y,triangle,3,60.0,DX,128,259,75.25,15.25
Figure 3a,"Jun et al. Nat Commun 2019 (METIS, Bathe lab)",10.1038/s41467-019-13457-y,triangle,3,60.0,6HB,128,259,58.94,1.0600000000000023
Figure 3a,"Jun et al. Nat Commun 2019 (METIS, Bathe lab)",10.1038/s41467-019-13457-y,triangle,3,60.0,DX,128,260,64.68,4.680000000000007
Figure 3a,"Jun et al. Nat Commun 2019 (METIS, Bathe lab)",10.1038/s41467-019-13457-y,triangle,3,60.0,6HB,128,260,62.36,2.3599999999999994
Figure 3a,"Jun et al. Nat Commun 2019 (METIS, Bathe lab)",10.1038/s41467-019-13457-y,triangle,3,60.0,DX,128,261,52.18,7.82
Figure 3a,"Jun et al. Nat Commun 2019 (METIS, Bathe lab)",10.1038/s41467-019-13457-y,triangle,3,60.0,6HB,128,261,58.49,1.509999999999998
Figure 3a,"Jun et al. Nat Commun 2019 (METIS, Bathe lab)",10.1038/s41467-019-13457-y,triangle,3,60.0,DX,128,262,56.03,3.969999999999999
Figure 3a,"Jun et al. Nat Commun 2019 (METIS, Bathe lab)",10.1038/s41467-019-13457-y,triangle,3,60.0,6HB,128,262,54.81,5.189999999999998
Figure 3a,"Jun et al. Nat Commun 2019 (METIS, Bathe lab)",10.1038/s41467-019-13457-y,triangle,3,60.0,DX,128,263,55.34,4.659999999999997
Figure 3a,"Jun et al. Nat Commun 2019 (METIS, Bathe lab)",10.1038/s41467-019-13457-y,triangle,3,60.0,6HB,128,263,66.19,6.189999999999998
Figure 3a,"Jun et al. Nat Commun 2019 (METIS, Bathe lab)",10.1038/s41467-019-13457-y,triangle,3,60.0,DX,128,264,83.8,23.799999999999997
Figure 3a,"Jun et al. Nat Commun 2019 (METIS, Bathe lab)",10.1038/s41467-019-13457-y,triangle,3,60.0,6HB,128,264,72.02,12.019999999999996
Figure 3a,"Jun et al. Nat Commun 2019 (METIS, Bathe lab)",10.1038/s41467-019-13457-y,triangle,3,60.0,DX,128,265,50.17,9.829999999999998
Figure 3a,"Jun et al. Nat Commun 2019 (METIS, Bathe lab)",10.1038/s41467-019-13457-y,triangle,3,60.0,6HB,128,265,68.03,8.030000000000001
Figure 3a,"Jun et al. Nat Commun 2019 (METIS, Bathe lab)",10.1038/s41467-019-13457-y,triangle,3,60.0,DX,128,266,64.75,4.75
Figure 3a,"Jun et al. Nat Commun 2019 (METIS, Bathe lab)",10.1038/s41467-019-13457-y,triangle,3,60.0,6HB,128,266,55.91,4.090000000000003
Figure 3a,"Jun et al. Nat Commun 2019 (METIS, Bathe lab)",10.1038/s41467-019-13457-y,triangle,3,60.0,DX,128,267,65.4,5.400000000000006
Figure 3a,"Jun et al. Nat Commun 2019 (METIS, Bathe lab)",10.1038/s41467-019-13457-y,triangle,3,60.0,6HB,128,267,71.73,11.730000000000004
Figure 3a,"Jun et al. Nat Commun 2019 (METIS, Bathe lab)",10.1038/s41467-019-13457-y,triangle,3,60.0,DX,128,268,60.88,0.8800000000000026
Figure 3a,"Jun et al. Nat Commun 2019 (METIS, Bathe lab)",10.1038/s41467-019-13457-y,triangle,3,60.0,6HB,128,268,58.31,1.6899999999999977
Figure 3a,"Jun et al. Nat Commun 2019 (METIS, Bathe lab)",10.1038/s41467-019-13457-y,triangle,3,60.0,DX,128,269,46.23,13.770000000000003
Figure 3a,"Jun et al. Nat Commun 2019 (METIS, Bathe lab)",10.1038/s41467-019-13457-y,triangle,3,60.0,6HB,128,269,75.26,15.260000000000005
Figure 3a,"Jun et al. Nat Commun 2019 (METIS, Bathe lab)",10.1038/s41467-019-13457-y,triangle,3,60.0,DX,128,270,71.43,11.430000000000007
Figure 3a,"Jun et al. Nat Commun 2019 (METIS, Bathe lab)",10.1038/s41467-019-13457-y,triangle,3,60.0,6HB,128,270,64.12,4.1200000000000045
Figure 3a,"Jun et al. Nat Commun 2019 (METIS, Bathe lab)",10.1038/s41467-019-13457-y,triangle,3,60.0,DX,128,271,62.29,2.289999999999999
Figure 3a,"Jun et al. Nat Commun 2019 (METIS, Bathe lab)",10.1038/s41467-019-13457-y,triangle,3,60.0,6HB,128,271,70.19,10.189999999999998
Figure 3a,"Jun et al. Nat Commun 2019 (METIS, Bathe lab)",10.1038/s41467-019-13457-y,triangle,3,60.0,DX,128,272,69.7,9.700000000000003
Figure 3a,"Jun et al. Nat Commun 2019 (METIS, Bathe lab)",10.1038/s41467-019-13457-y,triangle,3,60.0,6HB,128,272,59.82,0.17999999999999972
Figure 3a,"Jun et al. Nat Commun 2019 (METIS, Bathe lab)",10.1038/s41467-019-13457-y,triangle,3,60.0,DX,128,273,46.02,13.979999999999997
Figure 3a,"Jun et al. Nat Commun 2019 (METIS, Bathe lab)",10.1038/s41467-019-13457-y,triangle,3,60.0,6HB,128,273,65.81,5.810000000000002
Figure 3a,"Jun et al. Nat Commun 2019 (METIS, Bathe lab)",10.1038/s41467-019-13457-y,triangle,3,60.0,DX,128,274,71.3,11.299999999999997
Figure 3a,"Jun et al. Nat Commun 2019 (METIS, Bathe lab)",10.1038/s41467-019-13457-y,triangle,3,60.0,6HB,128,274,67.38,7.3799999999999955
Figure 3a,"Jun et al. Nat Commun 2019 (METIS, Bathe lab)",10.1038/s41467-019-13457-y,triangle,3,60.0,DX,128,275,44.23,15.770000000000003
Figure 3a,"Jun et al. Nat Commun 2019 (METIS, Bathe lab)",10.1038/s41467-019-13457-y,triangle,3,60.0,6HB,128,275,62.32,2.3200000000000003
Figure 3a,"Jun et al. Nat Commun 2019 (METIS, Bathe lab)",10.1038/s41467-019-13457-y,triangle,3,60.0,DX,128,276,70.01,10.010000000000005
Figure 3a,"Jun et al. Nat Commun 2019 (METIS, Bathe lab)",10.1038/s41467-019-13457-y,triangle,3,60.0,6HB,128,276,60.95,0.9500000000000028
Figure 3a,"Jun et al. Nat Commun 2019 (METIS, Bathe lab)",10.1038/s41467-019-13457-y,triangle,3,60.0,DX,128,277,63.02,3.020000000000003
Figure 3a,"Jun et al. Nat Commun 2019 (METIS, Bathe lab)",10.1038/s41467-019-13457-y,triangle,3,60.0,6HB,128,277,53.18,6.82
Figure 3a,"Jun et al. Nat Commun 2019 (METIS, Bathe lab)",10.1038/s41467-019-13457-y,triangle,3,60.0,DX,128,278,51.3,8.700000000000003
Figure 3a,"Jun et al. Nat Commun 2019 (METIS, Bathe lab)",10.1038/s41467-019-13457-y,triangle,3,60.0,6HB,128,278,63.05,3.049999999999997
Figure 3a,"Jun et al. Nat Commun 2019 (METIS, Bathe lab)",10.1038/s41467-019-13457-y,triangle,3,60.0,DX,128,279,61.72,1.7199999999999989
Figure 3a,"Jun et al. Nat Commun 2019 (METIS, Bathe lab)",10.1038/s41467-019-13457-y,triangle,3,60.0,6HB,128,279,59.55,0.45000000000000284
Figure 3a,"Jun et al. Nat Commun 2019 (METIS, Bathe lab)",10.1038/s41467-019-13457-y,triangle,3,60.0,DX,128,280,68.58,8.579999999999998
Figure 3a,"Jun et al. Nat Commun 2019 (METIS, Bathe lab)",10.1038/s41467-019-13457-y,triangle,3,60.0,6HB,128,280,67.27,7.269999999999996
Figure 3a,"Jun et al. Nat Commun 2019 (METIS, Bathe lab)",10.1038/s41467-019-13457-y,triangle,3,60.0,DX,128,281,46.86,13.14
Figure 3a,"Jun et al. Nat Commun 2019 (METIS, Bathe lab)",10.1038/s41467-019-13457-y,triangle,3,60.0,6HB,128,281,64.1,4.099999999999994
Figure 3a,"Jun et al. Nat Commun 2019 (METIS, Bathe lab)",10.1038/s41467-019-13457-y,triangle,3,60.0,DX,128,282,50.3,9.700000000000003
Figure 3a,"Jun et al. Nat Commun 2019 (METIS, Bathe lab)",10.1038/s41467-019-13457-y,triangle,3,60.0,6HB,128,282,60.71,0.7100000000000009
Figure 3a,"Jun et al. Nat Commun 2019 (METIS, Bathe lab)",10.1038/s41467-019-13457-y,triangle,3,60.0,DX,128,283,90.75,30.75
Figure 3a,"Jun et al. Nat Commun 2019 (METIS, Bathe lab)",10.1038/s41467-019-13457-y,triangle,3,60.0,6HB,128,283,61.46,1.4600000000000009
Figure 3a,"Jun et al. Nat Commun 2019 (METIS, Bathe lab)",10.1038/s41467-019-13457-y,triangle,3,60.0,DX,128,284,53.97,6.030000000000001
Figure 3a,"Jun et al. Nat Commun 2019 (METIS, Bathe lab)",10.1038/s41467-019-13457-y,triangle,3,60.0,6HB,128,284,68.79,8.790000000000006
Figure 3a,"Jun et al. Nat Commun 2019 (METIS, Bathe lab)",10.1038/s41467-019-13457-y,triangle,3,60.0,DX,128,285,114.34,54.34
Figure 3a,"Jun et al. Nat Commun 2019 (METIS, Bathe lab)",10.1038/s41467-019-13457-y,triangle,3,60.0,6HB,128,285,54.41,5.590000000000003
Figure 3a,"Jun et al. Nat Commun 2019 (METIS, Bathe lab)",10.1038/s41467-019-13457-y,triangle,3,60.0,DX,128,286,62.69,2.6899999999999977
Figure 3a,"Jun et al. Nat Commun 2019 (METIS, Bathe lab)",10.1038/s41467-019-13457-y,triangle,3,60.0,6HB,128,286,57.46,2.539999999999999
Figure 3a,"Jun et al. Nat Commun 2019 (METIS, Bathe lab)",10.1038/s41467-019-13457-y,triangle,3,60.0,DX,128,287,56.64,3.3599999999999994
Figure 3a,"Jun et al. Nat Commun 2019 (METIS, Bathe lab)",10.1038/s41467-019-13457-y,triangle,3,60.0,6HB,128,287,54.82,5.18
Figure 3a,"Jun et al. Nat Commun 2019 (METIS, Bathe lab)",10.1038/s41467-019-13457-y,triangle,3,60.0,DX,128,288,66.56,6.560000000000002
Figure 3a,"Jun et al. Nat Commun 2019 (METIS, Bathe lab)",10.1038/s41467-019-13457-y,triangle,3,60.0,6HB,128,288,66.45,6.450000000000003
Figure 3a,"Jun et al. Nat Commun 2019 (METIS, Bathe lab)",10.1038/s41467-019-13457-y,triangle,3,60.0,DX,128,289,58.88,1.1199999999999974
Figure 3a,"Jun et al. Nat Commun 2019 (METIS, Bathe lab)",10.1038/s41467-019-13457-y,triangle,3,60.0,6HB,128,289,61.39,1.3900000000000006
Figure 3a,"Jun et al. Nat Commun 2019 (METIS, Bathe lab)",10.1038/s41467-019-13457-y,triangle,3,60.0,DX,128,290,82.86,22.86
Figure 3a,"Jun et al. Nat Commun 2019 (METIS, Bathe lab)",10.1038/s41467-019-13457-y,triangle,3,60.0,6HB,128,290,61.62,1.6199999999999974
Figure 3a,"Jun et al. Nat Commun 2019 (METIS, Bathe lab)",10.1038/s41467-019-13457-y,triangle,3,60.0,DX,128,291,54.15,5.850000000000001
Figure 3a,"Jun et al. Nat Commun 2019 (METIS, Bathe lab)",10.1038/s41467-019-13457-y,triangle,3,60.0,6HB,128,291,62.86,2.8599999999999994
Figure 3a,"Jun et al. Nat Commun 2019 (METIS, Bathe lab)",10.1038/s41467-019-13457-y,triangle,3,60.0,DX,128,292,48.22,11.780000000000001
Figure 3a,"Jun et al. Nat Commun 2019 (METIS, Bathe lab)",10.1038/s41467-019-13457-y,triangle,3,60.0,6HB,128,292,65.45,5.450000000000003
Figure 3a,"Jun et al. Nat Commun 2019 (METIS, Bathe lab)",10.1038/s41467-019-13457-y,triangle,3,60.0,DX,128,293,59.17,0.8299999999999983
Figure 3a,"Jun et al. Nat Commun 2019 (METIS, Bathe lab)",10.1038/s41467-019-13457-y,triangle,3,60.0,6HB,128,293,61.15,1.1499999999999986
Figure 3a,"Jun et al. Nat Commun 2019 (METIS, Bathe lab)",10.1038/s41467-019-13457-y,triangle,3,60.0,DX,128,294,74.34,14.340000000000003
Figure 3a,"Jun et al. Nat Commun 2019 (METIS, Bathe lab)",10.1038/s41467-019-13457-y,triangle,3,60.0,6HB,128,294,60.64,0.6400000000000006
Figure 3a,"Jun et al. Nat Commun 2019 (METIS, Bathe lab)",10.1038/s41467-019-13457-y,triangle,3,60.0,DX,128,295,67.37,7.3700000000000045
Figure 3a,"Jun et al. Nat Commun 2019 (METIS, Bathe lab)",10.1038/s41467-019-13457-y,triangle,3,60.0,6HB,128,295,66.98,6.980000000000004
Figure 3a,"Jun et al. Nat Commun 2019 (METIS, Bathe lab)",10.1038/s41467-019-13457-y,triangle,3,60.0,DX,128,296,71.22,11.219999999999999
Figure 3a,"Jun et al. Nat Commun 2019 (METIS, Bathe lab)",10.1038/s41467-019-13457-y,triangle,3,60.0,6HB,128,296,54.42,5.579999999999998
Figure 3a,"Jun et al. Nat Commun 2019 (METIS, Bathe lab)",10.1038/s41467-019-13457-y,triangle,3,60.0,DX,128,297,66.17,6.170000000000002
Figure 3a,"Jun et al. Nat Commun 2019 (METIS, Bathe lab)",10.1038/s41467-019-13457-y,triangle,3,60.0,6HB,128,297,59.56,0.4399999999999977
Figure 3a,"Jun et al. Nat Commun 2019 (METIS, Bathe lab)",10.1038/s41467-019-13457-y,triangle,3,60.0,DX,128,298,44.49,15.509999999999998
Figure 3a,"Jun et al. Nat Commun 2019 (METIS, Bathe lab)",10.1038/s41467-019-13457-y,triangle,3,60.0,6HB,128,298,60.48,0.4799999999999969
Figure 3a,"Jun et al. Nat Commun 2019 (METIS, Bathe lab)",10.1038/s41467-019-13457-y,triangle,3,60.0,DX,128,299,46.44,13.560000000000002
Figure 3a,"Jun et al. Nat Commun 2019 (METIS, Bathe lab)",10.1038/s41467-019-13457-y,triangle,3,60.0,6HB,128,299,62.74,2.740000000000002
Figure 3a,"Jun et al. Nat Commun 2019 (METIS, Bathe lab)",10.1038/s41467-019-13457-y,triangle,3,60.0,DX,128,300,56.93,3.0700000000000003
Figure 3a,"Jun et al. Nat Commun 2019 (METIS, Bathe lab)",10.1038/s41467-019-13457-y,triangle,3,60.0,6HB,128,300,63.15,3.1499999999999986
Figure 3a,"Jun et al. Nat Commun 2019 (METIS, Bathe lab)",10.1038/s41467-019-13457-y,triangle,3,60.0,DX,128,301,59.62,0.38000000000000256
Figure 3a,"Jun et al. Nat Commun 2019 (METIS, Bathe lab)",10.1038/s41467-019-13457-y,triangle,3,60.0,6HB,128,301,57.99,2.009999999999998
Figure 3a,"Jun et al. Nat Commun 2019 (METIS, Bathe lab)",10.1038/s41467-019-13457-y,triangle,3,60.0,DX,128,302,73.73,13.730000000000004
Figure 3a,"Jun et al. Nat Commun 2019 (METIS, Bathe lab)",10.1038/s41467-019-13457-y,triangle,3,60.0,6HB,128,302,64.21,4.209999999999994
Figure 3a,"Jun et al. Nat Commun 2019 (METIS, Bathe lab)",10.1038/s41467-019-13457-y,triangle,3,60.0,DX,128,303,64.57,4.569999999999993
Figure 3a,"Jun et al. Nat Commun 2019 (METIS, Bathe lab)",10.1038/s41467-019-13457-y,triangle,3,60.0,6HB,128,303,62.72,2.719999999999999
Figure 3a,"Jun et al. Nat Commun 2019 (METIS, Bathe lab)",10.1038/s41467-019-13457-y,triangle,3,60.0,DX,128,304,42.3,17.700000000000003
Figure 3a,"Jun et al. Nat Commun 2019 (METIS, Bathe lab)",10.1038/s41467-019-13457-y,triangle,3,60.0,6HB,128,304,58.81,1.1899999999999977
Figure 3a,"Jun et al. Nat Commun 2019 (METIS, Bathe lab)",10.1038/s41467-019-13457-y,triangle,3,60.0,DX,128,305,50.03,9.969999999999999
Figure 3a,"Jun et al. Nat Commun 2019 (METIS, Bathe lab)",10.1038/s41467-019-13457-y,triangle,3,60.0,6HB,128,305,63.23,3.229999999999997
Figure 3a,"Jun et al. Nat Commun 2019 (METIS, Bathe lab)",10.1038/s41467-019-13457-y,triangle,3,60.0,DX,128,306,52.65,7.350000000000001
Figure 3a,"Jun et al. Nat Commun 2019 (METIS, Bathe lab)",10.1038/s41467-019-13457-y,triangle,3,60.0,6HB,128,306,61.81,1.8100000000000023
Figure 3a,"Jun et al. Nat Commun 2019 (METIS, Bathe lab)",10.1038/s41467-019-13457-y,triangle,3,60.0,DX,128,307,66.78,6.780000000000001
Figure 3a,"Jun et al. Nat Commun 2019 (METIS, Bathe lab)",10.1038/s41467-019-13457-y,triangle,3,60.0,6HB,128,307,62.94,2.9399999999999977
Figure 3a,"Jun et al. Nat Commun 2019 (METIS, Bathe lab)",10.1038/s41467-019-13457-y,triangle,3,60.0,DX,128,308,79.35,19.349999999999994
Figure 3a,"Jun et al. Nat Commun 2019 (METIS, Bathe lab)",10.1038/s41467-019-13457-y,triangle,3,60.0,6HB,128,308,62.27,2.270000000000003
Figure 3a,"Jun et al. Nat Commun 2019 (METIS, Bathe lab)",10.1038/s41467-019-13457-y,triangle,3,60.0,DX,128,309,66.57,6.569999999999993
Figure 3a,"Jun et al. Nat Commun 2019 (METIS, Bathe lab)",10.1038/s41467-019-13457-y,triangle,3,60.0,6HB,128,309,59.27,0.7299999999999969
Figure 3a,"Jun et al. Nat Commun 2019 (METIS, Bathe lab)",10.1038/s41467-019-13457-y,triangle,3,60.0,DX,128,310,46.13,13.869999999999997
Figure 3a,"Jun et al. Nat Commun 2019 (METIS, Bathe lab)",10.1038/s41467-019-13457-y,triangle,3,60.0,6HB,128,310,61.57,1.5700000000000003
Figure 3a,"Jun et al. Nat Commun 2019 (METIS, Bathe lab)",10.1038/s41467-019-13457-y,triangle,3,60.0,DX,128,311,45.45,14.549999999999997
Figure 3a,"Jun et al. Nat Commun 2019 (METIS, Bathe lab)",10.1038/s41467-019-13457-y,triangle,3,60.0,6HB,128,311,58.6,1.3999999999999986
Figure 3a,"Jun et al. Nat Commun 2019 (METIS, Bathe lab)",10.1038/s41467-019-13457-y,triangle,3,60.0,DX,128,312,48.16,11.840000000000003
Figure 3a,"Jun et al. Nat Commun 2019 (METIS, Bathe lab)",10.1038/s41467-019-13457-y,triangle,3,60.0,6HB,128,312,64.94,4.939999999999998
Figure 3a,"Jun et al. Nat Commun 2019 (METIS, Bathe lab)",10.1038/s41467-019-13457-y,triangle,3,60.0,DX,128,313,55.94,4.060000000000002
Figure 3a,"Jun et al. Nat Commun 2019 (METIS, Bathe lab)",10.1038/s41467-019-13457-y,triangle,3,60.0,6HB,128,313,61.98,1.9799999999999969
Figure 3a,"Jun et al. Nat Commun 2019 (METIS, Bathe lab)",10.1038/s41467-019-13457-y,triangle,3,60.0,DX,128,314,68.04,8.040000000000006
Figure 3a,"Jun et al. Nat Commun 2019 (METIS, Bathe lab)",10.1038/s41467-019-13457-y,triangle,3,60.0,6HB,128,314,64.66,4.659999999999997
Figure 3a,"Jun et al. Nat Commun 2019 (METIS, Bathe lab)",10.1038/s41467-019-13457-y,triangle,3,60.0,DX,128,315,58.57,1.4299999999999997
Figure 3a,"Jun et al. Nat Commun 2019 (METIS, Bathe lab)",10.1038/s41467-019-13457-y,triangle,3,60.0,6HB,128,315,68.13,8.129999999999995
Figure 3a,"Jun et al. Nat Commun 2019 (METIS, Bathe lab)",10.1038/s41467-019-13457-y,triangle,3,60.0,DX,128,316,58.13,1.8699999999999974
Figure 3a,"Jun et al. Nat Commun 2019 (METIS, Bathe lab)",10.1038/s41467-019-13457-y,triangle,3,60.0,6HB,128,316,56.69,3.3100000000000023
Figure 3a,"Jun et al. Nat Commun 2019 (METIS, Bathe lab)",10.1038/s41467-019-13457-y,triangle,3,60.0,DX,128,317,46.43,13.57
Figure 3a,"Jun et al. Nat Commun 2019 (METIS, Bathe lab)",10.1038/s41467-019-13457-y,triangle,3,60.0,6HB,128,317,64.73,4.730000000000004
Figure 3a,"Jun et al. Nat Commun 2019 (METIS, Bathe lab)",10.1038/s41467-019-13457-y,triangle,3,60.0,DX,128,318,70.49,10.489999999999995
Figure 3a,"Jun et al. Nat Commun 2019 (METIS, Bathe lab)",10.1038/s41467-019-13457-y,triangle,3,60.0,6HB,128,318,53.27,6.729999999999997
Figure 3a,"Jun et al. Nat Commun 2019 (METIS, Bathe lab)",10.1038/s41467-019-13457-y,triangle,3,60.0,DX,128,319,83.45,23.450000000000003
Figure 3a,"Jun et al. Nat Commun 2019 (METIS, Bathe lab)",10.1038/s41467-019-13457-y,triangle,3,60.0,6HB,128,319,58.9,1.1000000000000014
Figure 3a,"Jun et al. Nat Commun 2019 (METIS, Bathe lab)",10.1038/s41467-019-13457-y,triangle,3,60.0,DX,128,320,70.93,10.930000000000007
Figure 3a,"Jun et al. Nat Commun 2019 (METIS, Bathe lab)",10.1038/s41467-019-13457-y,triangle,3,60.0,6HB,128,320,58.42,1.5799999999999983
Figure 3a,"Jun et al. Nat Commun 2019 (METIS, Bathe lab)",10.1038/s41467-019-13457-y,triangle,3,60.0,DX,128,321,84.14,24.14
Figure 3a,"Jun et al. Nat Commun 2019 (METIS, Bathe lab)",10.1038/s41467-019-13457-y,triangle,3,60.0,6HB,128,321,61.82,1.8200000000000003
Figure 3a,"Jun et al. Nat Commun 2019 (METIS, Bathe lab)",10.1038/s41467-019-13457-y,triangle,3,60.0,DX,128,322,70.02,10.019999999999996
Figure 3a,"Jun et al. Nat Commun 2019 (METIS, Bathe lab)",10.1038/s41467-019-13457-y,triangle,3,60.0,6HB,128,322,57.53,2.469999999999999
Figure 3a,"Jun et al. Nat Commun 2019 (METIS, Bathe lab)",10.1038/s41467-019-13457-y,triangle,3,60.0,DX,128,323,50.23,9.770000000000003
Figure 3a,"Jun et al. Nat Commun 2019 (METIS, Bathe lab)",10.1038/s41467-019-13457-y,triangle,3,60.0,6HB,128,323,66.36,6.359999999999999
Figure 3a,"Jun et al. Nat Commun 2019 (METIS, Bathe lab)",10.1038/s41467-019-13457-y,triangle,3,60.0,DX,128,324,60.98,0.9799999999999969
Figure 3a,"Jun et al. Nat Commun 2019 (METIS, Bathe lab)",10.1038/s41467-019-13457-y,triangle,3,60.0,6HB,128,324,61.25,1.25
Figure 3a,"Jun et al. Nat Commun 2019 (METIS, Bathe lab)",10.1038/s41467-019-13457-y,triangle,3,60.0,DX,128,325,74.61,14.61
Figure 3a,"Jun et al. Nat Commun 2019 (METIS, Bathe lab)",10.1038/s41467-019-13457-y,triangle,3,60.0,6HB,128,325,61.36,1.3599999999999994
Figure 3a,"Jun et al. Nat Commun 2019 (METIS, Bathe lab)",10.1038/s41467-019-13457-y,triangle,3,60.0,DX,128,326,38.41,21.590000000000003
Figure 3a,"Jun et al. Nat Commun 2019 (METIS, Bathe lab)",10.1038/s41467-019-13457-y,triangle,3,60.0,6HB,128,326,62.08,2.0799999999999983
Figure 3a,"Jun et al. Nat Commun 2019 (METIS, Bathe lab)",10.1038/s41467-019-13457-y,triangle,3,60.0,DX,128,327,74.37,14.370000000000005
Figure 3a,"Jun et al. Nat Commun 2019 (METIS, Bathe lab)",10.1038/s41467-019-13457-y,triangle,3,60.0,6HB,128,327,58.32,1.6799999999999997
Figure 3a,"Jun et al. Nat Commun 2019 (METIS, Bathe lab)",10.1038/s41467-019-13457-y,triangle,3,60.0,DX,128,328,97.92,37.92
Figure 3a,"Jun et al. Nat Commun 2019 (METIS, Bathe lab)",10.1038/s41467-019-13457-y,triangle,3,60.0,6HB,128,328,58.11,1.8900000000000006
Figure 3a,"Jun et al. Nat Commun 2019 (METIS, Bathe lab)",10.1038/s41467-019-13457-y,triangle,3,60.0,DX,128,329,60.82,0.8200000000000003
Figure 3a,"Jun et al. Nat Commun 2019 (METIS, Bathe lab)",10.1038/s41467-019-13457-y,triangle,3,60.0,6HB,128,329,51.14,8.86
Figure 3a,"Jun et al. Nat Commun 2019 (METIS, Bathe lab)",10.1038/s41467-019-13457-y,triangle,3,60.0,DX,128,330,63.86,3.8599999999999994
Figure 3a,"Jun et al. Nat Commun 2019 (METIS, Bathe lab)",10.1038/s41467-019-13457-y,triangle,3,60.0,6HB,128,330,63.53,3.530000000000001
Figure 3a,"Jun et al. Nat Commun 2019 (METIS, Bathe lab)",10.1038/s41467-019-13457-y,triangle,3,60.0,DX,128,331,62.24,2.240000000000002
Figure 3a,"Jun et al. Nat Commun 2019 (METIS, Bathe lab)",10.1038/s41467-019-13457-y,triangle,3,60.0,6HB,128,331,61.0,1.0
Figure 3a,"Jun et al. Nat Commun 2019 (METIS, Bathe lab)",10.1038/s41467-019-13457-y,triangle,3,60.0,DX,128,332,53.25,6.75
Figure 3a,"Jun et al. Nat Commun 2019 (METIS, Bathe lab)",10.1038/s41467-019-13457-y,triangle,3,60.0,6HB,128,332,60.57,0.5700000000000003
Figure 3a,"Jun et al. Nat Commun 2019 (METIS, Bathe lab)",10.1038/s41467-019-13457-y,triangle,3,60.0,DX,128,333,48.93,11.07
Figure 3a,"Jun et al. Nat Commun 2019 (METIS, Bathe lab)",10.1038/s41467-019-13457-y,triangle,3,60.0,6HB,128,333,56.19,3.8100000000000023
Figure 3a,"Jun et al. Nat Commun 2019 (METIS, Bathe lab)",10.1038/s41467-019-13457-y,triangle,3,60.0,DX,128,334,55.04,4.960000000000001
Figure 3a,"Jun et al. Nat Commun 2019 (METIS, Bathe lab)",10.1038/s41467-019-13457-y,triangle,3,60.0,6HB,128,334,64.72,4.719999999999999
Figure 3a,"Jun et al. Nat Commun 2019 (METIS, Bathe lab)",10.1038/s41467-019-13457-y,triangle,3,60.0,DX,128,335,93.28,33.28
Figure 3a,"Jun et al. Nat Commun 2019 (METIS, Bathe lab)",10.1038/s41467-019-13457-y,triangle,3,60.0,6HB,128,335,61.86,1.8599999999999994
Figure 3a,"Jun et al. Nat Commun 2019 (METIS, Bathe lab)",10.1038/s41467-019-13457-y,triangle,3,60.0,DX,128,336,65.91,5.909999999999997
Figure 3a,"Jun et al. Nat Commun 2019 (METIS, Bathe lab)",10.1038/s41467-019-13457-y,triangle,3,60.0,6HB,128,336,57.13,2.8699999999999974
Figure 3a,"Jun et al. Nat Commun 2019 (METIS, Bathe lab)",10.1038/s41467-019-13457-y,triangle,3,60.0,DX,128,337,53.98,6.020000000000003
Figure 3a,"Jun et al. Nat Commun 2019 (METIS, Bathe lab)",10.1038/s41467-019-13457-y,triangle,3,60.0,6HB,128,337,65.26,5.260000000000005
Figure 3a,"Jun et al. Nat Commun 2019 (METIS, Bathe lab)",10.1038/s41467-019-13457-y,triangle,3,60.0,DX,128,338,65.95,5.950000000000003
Figure 3a,"Jun et al. Nat Commun 2019 (METIS, Bathe lab)",10.1038/s41467-019-13457-y,triangle,3,60.0,6HB,128,338,58.85,1.1499999999999986
Figure 3a,"Jun et al. Nat Commun 2019 (METIS, Bathe lab)",10.1038/s41467-019-13457-y,triangle,3,60.0,DX,128,339,92.21,32.209999999999994
Figure 3a,"Jun et al. Nat Commun 2019 (METIS, Bathe lab)",10.1038/s41467-019-13457-y,triangle,3,60.0,6HB,128,339,72.43,12.430000000000007
Figure 3a,"Jun et al. Nat Commun 2019 (METIS, Bathe lab)",10.1038/s41467-019-13457-y,triangle,3,60.0,DX,128,340,104.31,44.31
Figure 3a,"Jun et al. Nat Commun 2019 (METIS, Bathe lab)",10.1038/s41467-019-13457-y,triangle,3,60.0,6HB,128,340,60.01,0.00999999999999801
Figure 3a,"Jun et al. Nat Commun 2019 (METIS, Bathe lab)",10.1038/s41467-019-13457-y,triangle,3,60.0,DX,128,341,48.16,11.840000000000003
Figure 3a,"Jun et al. Nat Commun 2019 (METIS, Bathe lab)",10.1038/s41467-019-13457-y,triangle,3,60.0,6HB,128,341,60.27,0.2700000000000031
Figure 3a,"Jun et al. Nat Commun 2019 (METIS, Bathe lab)",10.1038/s41467-019-13457-y,triangle,3,60.0,DX,128,342,93.32,33.31999999999999
Figure 3a,"Jun et al. Nat Commun 2019 (METIS, Bathe lab)",10.1038/s41467-019-13457-y,triangle,3,60.0,6HB,128,342,63.1,3.1000000000000014
Figure 3a,"Jun et al. Nat Commun 2019 (METIS, Bathe lab)",10.1038/s41467-019-13457-y,triangle,3,60.0,DX,128,343,52.18,7.82
Figure 3a,"Jun et al. Nat Commun 2019 (METIS, Bathe lab)",10.1038/s41467-019-13457-y,triangle,3,60.0,6HB,128,343,60.46,0.46000000000000085
Figure 3a,"Jun et al. Nat Commun 2019 (METIS, Bathe lab)",10.1038/s41467-019-13457-y,triangle,3,60.0,DX,128,344,66.21,6.209999999999994
Figure 3a,"Jun et al. Nat Commun 2019 (METIS, Bathe lab)",10.1038/s41467-019-13457-y,triangle,3,60.0,6HB,128,344,58.45,1.5499999999999972
Figure 3a,"Jun et al. Nat Commun 2019 (METIS, Bathe lab)",10.1038/s41467-019-13457-y,triangle,3,60.0,DX,128,345,87.99,27.989999999999995
Figure 3a,"Jun et al. Nat Commun 2019 (METIS, Bathe lab)",10.1038/s41467-019-13457-y,triangle,3,60.0,6HB,128,345,62.01,2.009999999999998
Figure 3a,"Jun et al. Nat Commun 2019 (METIS, Bathe lab)",10.1038/s41467-019-13457-y,triangle,3,60.0,DX,128,346,62.68,2.6799999999999997
Figure 3a,"Jun et al. Nat Commun 2019 (METIS, Bathe lab)",10.1038/s41467-019-13457-y,triangle,3,60.0,6HB,128,346,56.47,3.530000000000001
Figure 3a,"Jun et al. Nat Commun 2019 (METIS, Bathe lab)",10.1038/s41467-019-13457-y,triangle,3,60.0,DX,128,347,48.98,11.020000000000003
Figure 3a,"Jun et al. Nat Commun 2019 (METIS, Bathe lab)",10.1038/s41467-019-13457-y,triangle,3,60.0,6HB,128,347,62.14,2.1400000000000006
Figure 3a,"Jun et al. Nat Commun 2019 (METIS, Bathe lab)",10.1038/s41467-019-13457-y,triangle,3,60.0,DX,128,348,69.44,9.439999999999998
Figure 3a,"Jun et al. Nat Commun 2019 (METIS, Bathe lab)",10.1038/s41467-019-13457-y,triangle,3,60.0,6HB,128,348,55.81,4.189999999999998
Figure 3a,"Jun et al. Nat Commun 2019 (METIS, Bathe lab)",10.1038/s41467-019-13457-y,triangle,3,60.0,DX,128,349,57.13,2.8699999999999974
Figure 3a,"Jun et al. Nat Commun 2019 (METIS, Bathe lab)",10.1038/s41467-019-13457-y,triangle,3,60.0,6HB,128,349,56.04,3.960000000000001
Figure 3a,"Jun et al. Nat Commun 2019 (METIS, Bathe lab)",10.1038/s41467-019-13457-y,triangle,3,60.0,DX,128,350,40.96,19.04
Figure 3a,"Jun et al. Nat Commun 2019 (METIS, Bathe lab)",10.1038/s41467-019-13457-y,triangle,3,60.0,6HB,128,350,64.51,4.510000000000005
Figure 3a,"Jun et al. Nat Commun 2019 (METIS, Bathe lab)",10.1038/s41467-019-13457-y,triangle,3,60.0,DX,128,351,60.11,0.10999999999999943
Figure 3a,"Jun et al. Nat Commun 2019 (METIS, Bathe lab)",10.1038/s41467-019-13457-y,triangle,3,60.0,6HB,128,351,54.09,5.909999999999997
Figure 3a,"Jun et al. Nat Commun 2019 (METIS, Bathe lab)",10.1038/s41467-019-13457-y,triangle,3,60.0,DX,128,352,75.7,15.700000000000003
Figure 3a,"Jun et al. Nat Commun 2019 (METIS, Bathe lab)",10.1038/s41467-019-13457-y,triangle,3,60.0,6HB,128,352,57.26,2.740000000000002
Figure 3a,"Jun et al. Nat Commun 2019 (METIS, Bathe lab)",10.1038/s41467-019-13457-y,triangle,3,60.0,DX,128,353,58.41,1.5900000000000034
Figure 3a,"Jun et al. Nat Commun 2019 (METIS, Bathe lab)",10.1038/s41467-019-13457-y,triangle,3,60.0,6HB,128,353,65.7,5.700000000000003
Figure 3a,"Jun et al. Nat Commun 2019 (METIS, Bathe lab)",10.1038/s41467-019-13457-y,triangle,3,60.0,DX,128,354,49.69,10.310000000000002
Figure 3a,"Jun et al. Nat Commun 2019 (METIS, Bathe lab)",10.1038/s41467-019-13457-y,triangle,3,60.0,6HB,128,354,58.12,1.8800000000000026
Figure 3a,"Jun et al. Nat Commun 2019 (METIS, Bathe lab)",10.1038/s41467-019-13457-y,triangle,3,60.0,DX,128,355,60.6,0.6000000000000014
Figure 3a,"Jun et al. Nat Commun 2019 (METIS, Bathe lab)",10.1038/s41467-019-13457-y,triangle,3,60.0,6HB,128,355,67.28,7.280000000000001
Figure 3a,"Jun et al. Nat Commun 2019 (METIS, Bathe lab)",10.1038/s41467-019-13457-y,triangle,3,60.0,DX,128,356,71.34,11.340000000000003
Figure 3a,"Jun et al. Nat Commun 2019 (METIS, Bathe lab)",10.1038/s41467-019-13457-y,triangle,3,60.0,6HB,128,356,61.24,1.240000000000002
Figure 3a,"Jun et al. Nat Commun 2019 (METIS, Bathe lab)",10.1038/s41467-019-13457-y,triangle,3,60.0,DX,128,357,45.69,14.310000000000002
Figure 3a,"Jun et al. Nat Commun 2019 (METIS, Bathe lab)",10.1038/s41467-019-13457-y,triangle,3,60.0,6HB,128,357,60.3,0.29999999999999716
Figure 3a,"Jun et al. Nat Commun 2019 (METIS, Bathe lab)",10.1038/s41467-019-13457-y,triangle,3,60.0,DX,128,358,85.52,25.519999999999996
Figure 3a,"Jun et al. Nat Commun 2019 (METIS, Bathe lab)",10.1038/s41467-019-13457-y,triangle,3,60.0,6HB,128,358,60.63,0.6300000000000026
Figure 3a,"Jun et al. Nat Commun 2019 (METIS, Bathe lab)",10.1038/s41467-019-13457-y,triangle,3,60.0,DX,128,359,47.66,12.340000000000003
Figure 3a,"Jun et al. Nat Commun 2019 (METIS, Bathe lab)",10.1038/s41467-019-13457-y,triangle,3,60.0,6HB,128,359,61.09,1.0900000000000034
Figure 3a,"Jun et al. Nat Commun 2019 (METIS, Bathe lab)",10.1038/s41467-019-13457-y,triangle,3,60.0,DX,128,360,72.18,12.180000000000007
Figure 3a,"Jun et al. Nat Commun 2019 (METIS, Bathe lab)",10.1038/s41467-019-13457-y,triangle,3,60.0,6HB,128,360,60.91,0.9099999999999966
Figure 3a,"Jun et al. Nat Commun 2019 (METIS, Bathe lab)",10.1038/s41467-019-13457-y,triangle,3,60.0,DX,128,361,37.13,22.869999999999997
Figure 3a,"Jun et al. Nat Commun 2019 (METIS, Bathe lab)",10.1038/s41467-019-13457-y,triangle,3,60.0,6HB,128,361,62.05,2.049999999999997
Figure 3a,"Jun et al. Nat Commun 2019 (METIS, Bathe lab)",10.1038/s41467-019-13457-y,triangle,3,60.0,DX,128,362,57.79,2.210000000000001
Figure 3a,"Jun et al. Nat Commun 2019 (METIS, Bathe lab)",10.1038/s41467-019-13457-y,triangle,3,60.0,6HB,128,362,64.59,4.590000000000003
Figure 3a,"Jun et al. Nat Commun 2019 (METIS, Bathe lab)",10.1038/s41467-019-13457-y,triangle,3,60.0,DX,128,363,49.12,10.880000000000003
Figure 3a,"Jun et al. Nat Commun 2019 (METIS, Bathe lab)",10.1038/s41467-019-13457-y,triangle,3,60.0,6HB,128,363,58.61,1.3900000000000006
Figure 3a,"Jun et al. Nat Commun 2019 (METIS, Bathe lab)",10.1038/s41467-019-13457-y,triangle,3,60.0,DX,128,364,85.89,25.89
Figure 3a,"Jun et al. Nat Commun 2019 (METIS, Bathe lab)",10.1038/s41467-019-13457-y,triangle,3,60.0,6HB,128,364,58.86,1.1400000000000006
Figure 3a,"Jun et al. Nat Commun 2019 (METIS, Bathe lab)",10.1038/s41467-019-13457-y,triangle,3,60.0,DX,128,365,59.93,0.07000000000000028
Figure 3a,"Jun et al. Nat Commun 2019 (METIS, Bathe lab)",10.1038/s41467-019-13457-y,triangle,3,60.0,6HB,128,365,62.53,2.530000000000001
Figure 3a,"Jun et al. Nat Commun 2019 (METIS, Bathe lab)",10.1038/s41467-019-13457-y,triangle,3,60.0,DX,128,366,56.67,3.3299999999999983
Figure 3a,"Jun et al. Nat Commun 2019 (METIS, Bathe lab)",10.1038/s41467-019-13457-y,triangle,3,60.0,6HB,128,366,60.76,0.759999999999998
Figure 3a,"Jun et al. Nat Commun 2019 (METIS, Bathe lab)",10.1038/s41467-019-13457-y,triangle,3,60.0,DX,128,367,62.19,2.1899999999999977
Figure 3a,"Jun et al. Nat Commun 2019 (METIS, Bathe lab)",10.1038/s41467-019-13457-y,triangle,3,60.0,6HB,128,367,61.66,1.6599999999999966
Figure 3a,"Jun et al. Nat Commun 2019 (METIS, Bathe lab)",10.1038/s41467-019-13457-y,triangle,3,60.0,DX,128,368,50.61,9.39
Figure 3a,"Jun et al. Nat Commun 2019 (METIS, Bathe lab)",10.1038/s41467-019-13457-y,triangle,3,60.0,6HB,128,368,62.55,2.549999999999997
Figure 3a,"Jun et al. Nat Commun 2019 (METIS, Bathe lab)",10.1038/s41467-019-13457-y,triangle,3,60.0,DX,128,369,56.28,3.719999999999999
Figure 3a,"Jun et al. Nat Commun 2019 (METIS, Bathe lab)",10.1038/s41467-019-13457-y,triangle,3,60.0,6HB,128,369,60.32,0.3200000000000003
Figure 3a,"Jun et al. Nat Commun 2019 (METIS, Bathe lab)",10.1038/s41467-019-13457-y,triangle,3,60.0,DX,128,370,74.33,14.329999999999998
Figure 3a,"Jun et al. Nat Commun 2019 (METIS, Bathe lab)",10.1038/s41467-019-13457-y,triangle,3,60.0,6HB,128,370,62.64,2.6400000000000006
Figure 3a,"Jun et al. Nat Commun 2019 (METIS, Bathe lab)",10.1038/s41467-019-13457-y,triangle,3,60.0,DX,128,371,60.29,0.28999999999999915
Figure 3a,"Jun et al. Nat Commun 2019 (METIS, Bathe lab)",10.1038/s41467-019-13457-y,triangle,3,60.0,6HB,128,371,60.64,0.6400000000000006
Figure 3a,"Jun et al. Nat Commun 2019 (METIS, Bathe lab)",10.1038/s41467-019-13457-y,triangle,3,60.0,DX,128,372,53.78,6.219999999999999
Figure 3a,"Jun et al. Nat Commun 2019 (METIS, Bathe lab)",10.1038/s41467-019-13457-y,triangle,3,60.0,6HB,128,372,56.22,3.780000000000001
Figure 3a,"Jun et al. Nat Commun 2019 (METIS, Bathe lab)",10.1038/s41467-019-13457-y,triangle,3,60.0,DX,128,373,56.28,3.719999999999999
Figure 3a,"Jun et al. Nat Commun 2019 (METIS, Bathe lab)",10.1038/s41467-019-13457-y,triangle,3,60.0,6HB,128,373,61.27,1.2700000000000031
Figure 3a,"Jun et al. Nat Commun 2019 (METIS, Bathe lab)",10.1038/s41467-019-13457-y,triangle,3,60.0,DX,128,374,51.58,8.420000000000002
Figure 3a,"Jun et al. Nat Commun 2019 (METIS, Bathe lab)",10.1038/s41467-019-13457-y,triangle,3,60.0,6HB,128,374,58.41,1.5900000000000034
Figure 3a,"Jun et al. Nat Commun 2019 (METIS, Bathe lab)",10.1038/s41467-019-13457-y,triangle,3,60.0,DX,128,375,47.4,12.600000000000001
Figure 3a,"Jun et al. Nat Commun 2019 (METIS, Bathe lab)",10.1038/s41467-019-13457-y,triangle,3,60.0,6HB,128,375,68.31,8.310000000000002
Figure 3a,"Jun et al. Nat Commun 2019 (METIS, Bathe lab)",10.1038/s41467-019-13457-y,triangle,3,60.0,DX,128,376,75.59,15.590000000000003
Figure 3a,"Jun et al. Nat Commun 2019 (METIS, Bathe lab)",10.1038/s41467-019-13457-y,triangle,3,60.0,6HB,128,376,61.46,1.4600000000000009
Figure 3a,"Jun et al. Nat Commun 2019 (METIS, Bathe lab)",10.1038/s41467-019-13457-y,triangle,3,60.0,DX,128,377,73.63,13.629999999999995
Figure 3a,"Jun et al. Nat Commun 2019 (METIS, Bathe lab)",10.1038/s41467-019-13457-y,triangle,3,60.0,6HB,128,377,53.6,6.399999999999999
Figure 3a,"Jun et al. Nat Commun 2019 (METIS, Bathe lab)",10.1038/s41467-019-13457-y,triangle,3,60.0,DX,128,378,48.34,11.659999999999997
Figure 3a,"Jun et al. Nat Commun 2019 (METIS, Bathe lab)",10.1038/s41467-019-13457-y,triangle,3,60.0,6HB,128,378,62.74,2.740000000000002
Figure 3a,"Jun et al. Nat Commun 2019 (METIS, Bathe lab)",10.1038/s41467-019-13457-y,triangle,3,60.0,DX,128,379,72.78,12.780000000000001
Figure 3a,"Jun et al. Nat Commun 2019 (METIS, Bathe lab)",10.1038/s41467-019-13457-y,triangle,3,60.0,6HB,128,379,66.53,6.530000000000001
Figure 3a,"Jun et al. Nat Commun 2019 (METIS, Bathe lab)",10.1038/s41467-019-13457-y,triangle,3,60.0,DX,128,380,44.67,15.329999999999998
Figure 3a,"Jun et al. Nat Commun 2019 (METIS, Bathe lab)",10.1038/s41467-019-13457-y,triangle,3,60.0,6HB,128,380,54.48,5.520000000000003
Figure 3a,"Jun et al. Nat Commun 2019 (METIS, Bathe lab)",10.1038/s41467-019-13457-y,triangle,3,60.0,DX,128,381,39.68,20.32
Figure 3a,"Jun et al. Nat Commun 2019 (METIS, Bathe lab)",10.1038/s41467-019-13457-y,triangle,3,60.0,6HB,128,381,59.93,0.07000000000000028
Figure 3a,"Jun et al. Nat Commun 2019 (METIS, Bathe lab)",10.1038/s41467-019-13457-y,triangle,3,60.0,DX,128,382,94.61,34.61
Figure 3a,"Jun et al. Nat Commun 2019 (METIS, Bathe lab)",10.1038/s41467-019-13457-y,triangle,3,60.0,6HB,128,382,63.28,3.280000000000001
Figure 3a,"Jun et al. Nat Commun 2019 (METIS, Bathe lab)",10.1038/s41467-019-13457-y,triangle,3,60.0,DX,128,383,92.78,32.78
Figure 3a,"Jun et al. Nat Commun 2019 (METIS, Bathe lab)",10.1038/s41467-019-13457-y,triangle,3,60.0,6HB,128,383,60.14,0.14000000000000057
Figure 3a,"Jun et al. Nat Commun 2019 (METIS, Bathe lab)",10.1038/s41467-019-13457-y,triangle,3,60.0,DX,128,384,99.45,39.45
Figure 3a,"Jun et al. Nat Commun 2019 (METIS, Bathe lab)",10.1038/s41467-019-13457-y,triangle,3,60.0,6HB,128,384,67.45,7.450000000000003
Figure 3a,"Jun et al. Nat Commun 2019 (METIS, Bathe lab)",10.1038/s41467-019-13457-y,triangle,3,60.0,DX,128,385,72.65,12.650000000000006
Figure 3a,"Jun et al. Nat Commun 2019 (METIS, Bathe lab)",10.1038/s41467-019-13457-y,triangle,3,60.0,6HB,128,385,57.78,2.219999999999999
Figure 3a,"Jun et al. Nat Commun 2019 (METIS, Bathe lab)",10.1038/s41467-019-13457-y,triangle,3,60.0,DX,128,386,65.14,5.140000000000001
Figure 3a,"Jun et al. Nat Commun 2019 (METIS, Bathe lab)",10.1038/s41467-019-13457-y,triangle,3,60.0,6HB,128,386,60.28,0.28000000000000114
Figure 3a,"Jun et al. Nat Commun 2019 (METIS, Bathe lab)",10.1038/s41467-019-13457-y,triangle,3,60.0,DX,128,387,72.46,12.459999999999994
Figure 3a,"Jun et al. Nat Commun 2019 (METIS, Bathe lab)",10.1038/s41467-019-13457-y,triangle,3,60.0,6HB,128,387,64.8,4.799999999999997
Figure 3a,"Jun et al. Nat Commun 2019 (METIS, Bathe lab)",10.1038/s41467-019-13457-y,triangle,3,60.0,DX,128,388,56.45,3.549999999999997
Figure 3a,"Jun et al. Nat Commun 2019 (METIS, Bathe lab)",10.1038/s41467-019-13457-y,triangle,3,60.0,6HB,128,388,60.66,0.6599999999999966
Figure 3a,"Jun et al. Nat Commun 2019 (METIS, Bathe lab)",10.1038/s41467-019-13457-y,triangle,3,60.0,DX,128,389,46.5,13.5
Figure 3a,"Jun et al. Nat Commun 2019 (METIS, Bathe lab)",10.1038/s41467-019-13457-y,triangle,3,60.0,6HB,128,389,59.71,0.28999999999999915
Figure 3a,"Jun et al. Nat Commun 2019 (METIS, Bathe lab)",10.1038/s41467-019-13457-y,triangle,3,60.0,DX,128,390,52.32,7.68
Figure 3a,"Jun et al. Nat Commun 2019 (METIS, Bathe lab)",10.1038/s41467-019-13457-y,triangle,3,60.0,6HB,128,390,65.95,5.950000000000003
Figure 3a,"Jun et al. Nat Commun 2019 (METIS, Bathe lab)",10.1038/s41467-019-13457-y,triangle,3,60.0,DX,128,391,62.24,2.240000000000002
Figure 3a,"Jun et al. Nat Commun 2019 (METIS, Bathe lab)",10.1038/s41467-019-13457-y,triangle,3,60.0,6HB,128,391,61.62,1.6199999999999974
Figure 3a,"Jun et al. Nat Commun 2019 (METIS, Bathe lab)",10.1038/s41467-019-13457-y,triangle,3,60.0,DX,128,392,55.74,4.259999999999998
Figure 3a,"Jun et al. Nat Commun 2019 (METIS, Bathe lab)",10.1038/s41467-019-13457-y,triangle,3,60.0,6HB,128,392,56.5,3.5
Figure 3a,"Jun et al. Nat Commun 2019 (METIS, Bathe lab)",10.1038/s41467-019-13457-y,triangle,3,60.0,DX,128,393,53.55,6.450000000000003
Figure 3a,"Jun et al. Nat Commun 2019 (METIS, Bathe lab)",10.1038/s41467-019-13457-y,triangle,3,60.0,6HB,128,393,61.81,1.8100000000000023
Figure 3a,"Jun et al. Nat Commun 2019 (METIS, Bathe lab)",10.1038/s41467-019-13457-y,triangle,3,60.0,DX,128,394,76.58,16.58
Figure 3a,"Jun et al. Nat Commun 2019 (METIS, Bathe lab)",10.1038/s41467-019-13457-y,triangle,3,60.0,6HB,128,394,59.68,0.3200000000000003
Figure 3a,"Jun et al. Nat Commun 2019 (METIS, Bathe lab)",10.1038/s41467-019-13457-y,triangle,3,60.0,DX,128,395,76.05,16.049999999999997
Figure 3a,"Jun et al. Nat Commun 2019 (METIS, Bathe lab)",10.1038/s41467-019-13457-y,triangle,3,60.0,6HB,128,395,60.7,0.7000000000000028
Figure 3a,"Jun et al. Nat Commun 2019 (METIS, Bathe lab)",10.1038/s41467-019-13457-y,triangle,3,60.0,DX,128,396,59.3,0.7000000000000028
Figure 3a,"Jun et al. Nat Commun 2019 (METIS, Bathe lab)",10.1038/s41467-019-13457-y,triangle,3,60.0,6HB,128,396,63.32,3.3200000000000003
Figure 3a,"Jun et al. Nat Commun 2019 (METIS, Bathe lab)",10.1038/s41467-019-13457-y,triangle,3,60.0,DX,128,397,51.72,8.280000000000001
Figure 3a,"Jun et al. Nat Commun 2019 (METIS, Bathe lab)",10.1038/s41467-019-13457-y,triangle,3,60.0,6HB,128,397,58.51,1.490000000000002
Figure 3a,"Jun et al. Nat Commun 2019 (METIS, Bathe lab)",10.1038/s41467-019-13457-y,triangle,3,60.0,DX,128,398,59.16,0.8400000000000034
Figure 3a,"Jun et al. Nat Commun 2019 (METIS, Bathe lab)",10.1038/s41467-019-13457-y,triangle,3,60.0,6HB,128,398,63.55,3.549999999999997
Figure 3a,"Jun et al. Nat Commun 2019 (METIS, Bathe lab)",10.1038/s41467-019-13457-y,triangle,3,60.0,DX,128,399,55.74,4.259999999999998
Figure 3a,"Jun et al. Nat Commun 2019 (METIS, Bathe lab)",10.1038/s41467-019-13457-y,triangle,3,60.0,6HB,128,399,62.91,2.9099999999999966
Figure 3a,"Jun et al. Nat Commun 2019 (METIS, Bathe lab)",10.1038/s41467-019-13457-y,triangle,3,60.0,DX,128,400,60.73,0.7299999999999969
Figure 3a,"Jun et al. Nat Commun 2019 (METIS, Bathe lab)",10.1038/s41467-019-13457-y,triangle,3,60.0,6HB,128,400,57.1,2.8999999999999986
Figure 3a,"Jun et al. Nat Commun 2019 (METIS, Bathe lab)",10.1038/s41467-019-13457-y,triangle,3,60.0,DX,128,401,42.55,17.450000000000003
Figure 3a,"Jun et al. Nat Commun 2019 (METIS, Bathe lab)",10.1038/s41467-019-13457-y,triangle,3,60.0,6HB,128,401,61.47,1.4699999999999989
Figure 3a,"Jun et al. Nat Commun 2019 (METIS, Bathe lab)",10.1038/s41467-019-13457-y,triangle,3,60.0,DX,128,402,42.89,17.11
Figure 3a,"Jun et al. Nat Commun 2019 (METIS, Bathe lab)",10.1038/s41467-019-13457-y,triangle,3,60.0,6HB,128,402,61.6,1.6000000000000014
Figure 3a,"Jun et al. Nat Commun 2019 (METIS, Bathe lab)",10.1038/s41467-019-13457-y,triangle,3,60.0,DX,128,403,75.12,15.120000000000005
Figure 3a,"Jun et al. Nat Commun 2019 (METIS, Bathe lab)",10.1038/s41467-019-13457-y,triangle,3,60.0,6HB,128,403,60.96,0.9600000000000009
Figure 3a,"Jun et al. Nat Commun 2019 (METIS, Bathe lab)",10.1038/s41467-019-13457-y,triangle,3,60.0,DX,128,404,52.8,7.200000000000003
Figure 3a,"Jun et al. Nat Commun 2019 (METIS, Bathe lab)",10.1038/s41467-019-13457-y,triangle,3,60.0,6HB,128,404,62.78,2.780000000000001
Figure 3a,"Jun et al. Nat Commun 2019 (METIS, Bathe lab)",10.1038/s41467-019-13457-y,triangle,3,60.0,DX,128,405,49.84,10.159999999999997
Figure 3a,"Jun et al. Nat Commun 2019 (METIS, Bathe lab)",10.1038/s41467-019-13457-y,triangle,3,60.0,6HB,128,405,59.64,0.35999999999999943
Figure 3a,"Jun et al. Nat Commun 2019 (METIS, Bathe lab)",10.1038/s41467-019-13457-y,triangle,3,60.0,DX,128,406,59.31,0.6899999999999977
Figure 3a,"Jun et al. Nat Commun 2019 (METIS, Bathe lab)",10.1038/s41467-019-13457-y,triangle,3,60.0,6HB,128,406,59.77,0.22999999999999687
Figure 3a,"Jun et al. Nat Commun 2019 (METIS, Bathe lab)",10.1038/s41467-019-13457-y,triangle,3,60.0,DX,128,407,45.7,14.299999999999997
Figure 3a,"Jun et al. Nat Commun 2019 (METIS, Bathe lab)",10.1038/s41467-019-13457-y,triangle,3,60.0,6HB,128,407,62.77,2.770000000000003
Figure 3a,"Jun et al. Nat Commun 2019 (METIS, Bathe lab)",10.1038/s41467-019-13457-y,triangle,3,60.0,DX,128,408,83.52,23.519999999999996
Figure 3a,"Jun et al. Nat Commun 2019 (METIS, Bathe lab)",10.1038/s41467-019-13457-y,triangle,3,60.0,6HB,128,408,59.17,0.8299999999999983
Figure 3a,"Jun et al. Nat Commun 2019 (METIS, Bathe lab)",10.1038/s41467-019-13457-y,triangle,3,60.0,DX,128,409,83.39,23.39
Figure 3a,"Jun et al. Nat Commun 2019 (METIS, Bathe lab)",10.1038/s41467-019-13457-y,triangle,3,60.0,6HB,128,409,60.61,0.6099999999999994
Figure 3a,"Jun et al. Nat Commun 2019 (METIS, Bathe lab)",10.1038/s41467-019-13457-y,triangle,3,60.0,DX,128,410,48.77,11.229999999999997
Figure 3a,"Jun et al. Nat Commun 2019 (METIS, Bathe lab)",10.1038/s41467-019-13457-y,triangle,3,60.0,6HB,128,410,65.8,5.799999999999997
Figure 3a,"Jun et al. Nat Commun 2019 (METIS, Bathe lab)",10.1038/s41467-019-13457-y,triangle,3,60.0,DX,128,411,58.24,1.759999999999998
Figure 3a,"Jun et al. Nat Commun 2019 (METIS, Bathe lab)",10.1038/s41467-019-13457-y,triangle,3,60.0,6HB,128,411,54.6,5.399999999999999
Figure 3a,"Jun et al. Nat Commun 2019 (METIS, Bathe lab)",10.1038/s41467-019-13457-y,triangle,3,60.0,DX,128,412,65.81,5.810000000000002
Figure 3a,"Jun et al. Nat Commun 2019 (METIS, Bathe lab)",10.1038/s41467-019-13457-y,triangle,3,60.0,6HB,128,412,61.75,1.75
Figure 3a,"Jun et al. Nat Commun 2019 (METIS, Bathe lab)",10.1038/s41467-019-13457-y,triangle,3,60.0,DX,128,413,66.47,6.469999999999999
Figure 3a,"Jun et al. Nat Commun 2019 (METIS, Bathe lab)",10.1038/s41467-019-13457-y,triangle,3,60.0,6HB,128,413,62.5,2.5
Figure 3a,"Jun et al. Nat Commun 2019 (METIS, Bathe lab)",10.1038/s41467-019-13457-y,triangle,3,60.0,DX,128,414,67.62,7.6200000000000045
Figure 3a,"Jun et al. Nat Commun 2019 (METIS, Bathe lab)",10.1038/s41467-019-13457-y,triangle,3,60.0,6HB,128,414,60.77,0.7700000000000031
Figure 3a,"Jun et al. Nat Commun 2019 (METIS, Bathe lab)",10.1038/s41467-019-13457-y,triangle,3,60.0,DX,128,415,70.02,10.019999999999996
Figure 3a,"Jun et al. Nat Commun 2019 (METIS, Bathe lab)",10.1038/s41467-019-13457-y,triangle,3,60.0,6HB,128,415,56.24,3.759999999999998
Figure 3a,"Jun et al. Nat Commun 2019 (METIS, Bathe lab)",10.1038/s41467-019-13457-y,triangle,3,60.0,DX,128,416,89.33,29.33
Figure 3a,"Jun et al. Nat Commun 2019 (METIS, Bathe lab)",10.1038/s41467-019-13457-y,triangle,3,60.0,6HB,128,416,62.68,2.6799999999999997
Figure 3a,"Jun et al. Nat Commun 2019 (METIS, Bathe lab)",10.1038/s41467-019-13457-y,triangle,3,60.0,DX,128,417,60.57,0.5700000000000003
Figure 3a,"Jun et al. Nat Commun 2019 (METIS, Bathe lab)",10.1038/s41467-019-13457-y,triangle,3,60.0,6HB,128,417,59.36,0.6400000000000006
Figure 3a,"Jun et al. Nat Commun 2019 (METIS, Bathe lab)",10.1038/s41467-019-13457-y,triangle,3,60.0,DX,128,418,50.87,9.130000000000003
Figure 3a,"Jun et al. Nat Commun 2019 (METIS, Bathe lab)",10.1038/s41467-019-13457-y,triangle,3,60.0,6HB,128,418,60.87,0.8699999999999974
Figure 3a,"Jun et al. Nat Commun 2019 (METIS, Bathe lab)",10.1038/s41467-019-13457-y,triangle,3,60.0,DX,128,419,75.28,15.280000000000001
Figure 3a,"Jun et al. Nat Commun 2019 (METIS, Bathe lab)",10.1038/s41467-019-13457-y,triangle,3,60.0,6HB,128,419,58.18,1.8200000000000003
Figure 3a,"Jun et al. Nat Commun 2019 (METIS, Bathe lab)",10.1038/s41467-019-13457-y,triangle,3,60.0,DX,128,420,69.45,9.450000000000003
Figure 3a,"Jun et al. Nat Commun 2019 (METIS, Bathe lab)",10.1038/s41467-019-13457-y,triangle,3,60.0,6HB,128,420,61.72,1.7199999999999989
Figure 3a,"Jun et al. Nat Commun 2019 (METIS, Bathe lab)",10.1038/s41467-019-13457-y,triangle,3,60.0,DX,128,421,65.69,5.689999999999998
Figure 3a,"Jun et al. Nat Commun 2019 (METIS, Bathe lab)",10.1038/s41467-019-13457-y,triangle,3,60.0,6HB,128,421,54.2,5.799999999999997
Figure 3a,"Jun et al. Nat Commun 2019 (METIS, Bathe lab)",10.1038/s41467-019-13457-y,triangle,3,60.0,DX,128,422,38.31,21.689999999999998
Figure 3a,"Jun et al. Nat Commun 2019 (METIS, Bathe lab)",10.1038/s41467-019-13457-y,triangle,3,60.0,6HB,128,422,63.61,3.6099999999999994
Figure 3a,"Jun et al. Nat Commun 2019 (METIS, Bathe lab)",10.1038/s41467-019-13457-y,triangle,3,60.0,DX,128,423,51.35,8.649999999999999
Figure 3a,"Jun et al. Nat Commun 2019 (METIS, Bathe lab)",10.1038/s41467-019-13457-y,triangle,3,60.0,6HB,128,423,63.19,3.1899999999999977
Figure 3a,"Jun et al. Nat Commun 2019 (METIS, Bathe lab)",10.1038/s41467-019-13457-y,triangle,3,60.0,DX,128,424,42.97,17.03
Figure 3a,"Jun et al. Nat Commun 2019 (METIS, Bathe lab)",10.1038/s41467-019-13457-y,triangle,3,60.0,6HB,128,424,59.27,0.7299999999999969
Figure 3a,"Jun et al. Nat Commun 2019 (METIS, Bathe lab)",10.1038/s41467-019-13457-y,triangle,3,60.0,DX,128,425,46.01,13.990000000000002
Figure 3a,"Jun et al. Nat Commun 2019 (METIS, Bathe lab)",10.1038/s41467-019-13457-y,triangle,3,60.0,6HB,128,425,59.98,0.020000000000003126
Figure 3a,"Jun et al. Nat Commun 2019 (METIS, Bathe lab)",10.1038/s41467-019-13457-y,triangle,3,60.0,DX,128,426,55.8,4.200000000000003
Figure 3a,"Jun et al. Nat Commun 2019 (METIS, Bathe lab)",10.1038/s41467-019-13457-y,triangle,3,60.0,6HB,128,426,63.27,3.270000000000003
Figure 3a,"Jun et al. Nat Commun 2019 (METIS, Bathe lab)",10.1038/s41467-019-13457-y,triangle,3,60.0,DX,128,427,58.46,1.5399999999999991
Figure 3a,"Jun et al. Nat Commun 2019 (METIS, Bathe lab)",10.1038/s41467-019-13457-y,triangle,3,60.0,6HB,128,427,54.02,5.979999999999997
Figure 3a,"Jun et al. Nat Commun 2019 (METIS, Bathe lab)",10.1038/s41467-019-13457-y,triangle,3,60.0,DX,128,428,103.23,43.230000000000004
Figure 3a,"Jun et al. Nat Commun 2019 (METIS, Bathe lab)",10.1038/s41467-019-13457-y,triangle,3,60.0,6HB,128,428,64.61,4.609999999999999
Figure 3a,"Jun et al. Nat Commun 2019 (METIS, Bathe lab)",10.1038/s41467-019-13457-y,triangle,3,60.0,DX,128,429,60.57,0.5700000000000003
Figure 3a,"Jun et al. Nat Commun 2019 (METIS, Bathe lab)",10.1038/s41467-019-13457-y,triangle,3,60.0,6HB,128,429,68.97,8.969999999999999
Figure 3a,"Jun et al. Nat Commun 2019 (METIS, Bathe lab)",10.1038/s41467-019-13457-y,triangle,3,60.0,DX,128,430,110.47,50.47
Figure 3a,"Jun et al. Nat Commun 2019 (METIS, Bathe lab)",10.1038/s41467-019-13457-y,triangle,3,60.0,6HB,128,430,62.34,2.3400000000000034
Figure 3a,"Jun et al. Nat Commun 2019 (METIS, Bathe lab)",10.1038/s41467-019-13457-y,triangle,3,60.0,DX,128,431,81.73,21.730000000000004
Figure 3a,"Jun et al. Nat Commun 2019 (METIS, Bathe lab)",10.1038/s41467-019-13457-y,triangle,3,60.0,6HB,128,431,60.98,0.9799999999999969
Figure 3a,"Jun et al. Nat Commun 2019 (METIS, Bathe lab)",10.1038/s41467-019-13457-y,triangle,3,60.0,DX,128,432,48.01,11.990000000000002
Figure 3a,"Jun et al. Nat Commun 2019 (METIS, Bathe lab)",10.1038/s41467-019-13457-y,triangle,3,60.0,6HB,128,432,60.13,0.13000000000000256
Figure 3a,"Jun et al. Nat Commun 2019 (METIS, Bathe lab)",10.1038/s41467-019-13457-y,triangle,3,60.0,DX,128,433,55.5,4.5
Figure 3a,"Jun et al. Nat Commun 2019 (METIS, Bathe lab)",10.1038/s41467-019-13457-y,triangle,3,60.0,6HB,128,433,66.09,6.090000000000003
Figure 3a,"Jun et al. Nat Commun 2019 (METIS, Bathe lab)",10.1038/s41467-019-13457-y,triangle,3,60.0,DX,128,434,74.31,14.310000000000002
Figure 3a,"Jun et al. Nat Commun 2019 (METIS, Bathe lab)",10.1038/s41467-019-13457-y,triangle,3,60.0,6HB,128,434,58.73,1.2700000000000031
Figure 3a,"Jun et al. Nat Commun 2019 (METIS, Bathe lab)",10.1038/s41467-019-13457-y,triangle,3,60.0,DX,128,435,79.69,19.689999999999998
Figure 3a,"Jun et al. Nat Commun 2019 (METIS, Bathe lab)",10.1038/s41467-019-13457-y,triangle,3,60.0,6HB,128,435,58.38,1.6199999999999974
Figure 3a,"Jun et al. Nat Commun 2019 (METIS, Bathe lab)",10.1038/s41467-019-13457-y,triangle,3,60.0,DX,128,436,84.31,24.310000000000002
Figure 3a,"Jun et al. Nat Commun 2019 (METIS, Bathe lab)",10.1038/s41467-019-13457-y,triangle,3,60.0,6HB,128,436,73.69,13.689999999999998
Figure 3a,"Jun et al. Nat Commun 2019 (METIS, Bathe lab)",10.1038/s41467-019-13457-y,triangle,3,60.0,DX,128,437,82.2,22.200000000000003
Figure 3a,"Jun et al. Nat Commun 2019 (METIS, Bathe lab)",10.1038/s41467-019-13457-y,triangle,3,60.0,6HB,128,437,59.26,0.740000000000002
Figure 3a,"Jun et al. Nat Commun 2019 (METIS, Bathe lab)",10.1038/s41467-019-13457-y,triangle,3,60.0,DX,128,438,73.52,13.519999999999996
Figure 3a,"Jun et al. Nat Commun 2019 (METIS, Bathe lab)",10.1038/s41467-019-13457-y,triangle,3,60.0,6HB,128,438,54.83,5.170000000000002
Figure 3a,"Jun et al. Nat Commun 2019 (METIS, Bathe lab)",10.1038/s41467-019-13457-y,triangle,3,60.0,DX,128,439,54.56,5.439999999999998
Figure 3a,"Jun et al. Nat Commun 2019 (METIS, Bathe lab)",10.1038/s41467-019-13457-y,triangle,3,60.0,6HB,128,439,55.54,4.460000000000001
Figure 3a,"Jun et al. Nat Commun 2019 (METIS, Bathe lab)",10.1038/s41467-019-13457-y,triangle,3,60.0,DX,128,440,62.32,2.3200000000000003
Figure 3a,"Jun et al. Nat Commun 2019 (METIS, Bathe lab)",10.1038/s41467-019-13457-y,triangle,3,60.0,6HB,128,440,57.71,2.289999999999999
Figure 3a,"Jun et al. Nat Commun 2019 (METIS, Bathe lab)",10.1038/s41467-019-13457-y,triangle,3,60.0,DX,128,441,65.63,5.6299999999999955
Figure 3a,"Jun et al. Nat Commun 2019 (METIS, Bathe lab)",10.1038/s41467-019-13457-y,triangle,3,60.0,6HB,128,441,64.97,4.969999999999999
Figure 3a,"Jun et al. Nat Commun 2019 (METIS, Bathe lab)",10.1038/s41467-019-13457-y,triangle,3,60.0,DX,128,442,48.2,11.799999999999997
Figure 3a,"Jun et al. Nat Commun 2019 (METIS, Bathe lab)",10.1038/s41467-019-13457-y,triangle,3,60.0,6HB,128,442,67.18,7.180000000000007
Figure 3a,"Jun et al. Nat Commun 2019 (METIS, Bathe lab)",10.1038/s41467-019-13457-y,triangle,3,60.0,DX,128,443,60.42,0.4200000000000017
Figure 3a,"Jun et al. Nat Commun 2019 (METIS, Bathe lab)",10.1038/s41467-019-13457-y,triangle,3,60.0,6HB,128,443,60.36,0.35999999999999943
Figure 3a,"Jun et al. Nat Commun 2019 (METIS, Bathe lab)",10.1038/s41467-019-13457-y,triangle,3,60.0,DX,128,444,51.02,8.979999999999997
Figure 3a,"Jun et al. Nat Commun 2019 (METIS, Bathe lab)",10.1038/s41467-019-13457-y,triangle,3,60.0,6HB,128,444,58.23,1.7700000000000031
Figure 3a,"Jun et al. Nat Commun 2019 (METIS, Bathe lab)",10.1038/s41467-019-13457-y,triangle,3,60.0,DX,128,445,58.59,1.4099999999999966
Figure 3a,"Jun et al. Nat Commun 2019 (METIS, Bathe lab)",10.1038/s41467-019-13457-y,triangle,3,60.0,6HB,128,445,65.74,5.739999999999995
Figure 3a,"Jun et al. Nat Commun 2019 (METIS, Bathe lab)",10.1038/s41467-019-13457-y,triangle,3,60.0,DX,128,446,91.19,31.189999999999998
Figure 3a,"Jun et al. Nat Commun 2019 (METIS, Bathe lab)",10.1038/s41467-019-13457-y,triangle,3,60.0,6HB,128,446,60.62,0.6199999999999974
Figure 3a,"Jun et al. Nat Commun 2019 (METIS, Bathe lab)",10.1038/s41467-019-13457-y,triangle,3,60.0,DX,128,447,54.6,5.399999999999999
Figure 3a,"Jun et al. Nat Commun 2019 (METIS, Bathe lab)",10.1038/s41467-019-13457-y,triangle,3,60.0,6HB,128,447,60.57,0.5700000000000003
Figure 3a,"Jun et al. Nat Commun 2019 (METIS, Bathe lab)",10.1038/s41467-019-13457-y,triangle,3,60.0,DX,128,448,61.46,1.4600000000000009
Figure 3a,"Jun et al. Nat Commun 2019 (METIS, Bathe lab)",10.1038/s41467-019-13457-y,triangle,3,60.0,6HB,128,448,58.3,1.7000000000000028
Figure 3a,"Jun et al. Nat Commun 2019 (METIS, Bathe lab)",10.1038/s41467-019-13457-y,triangle,3,60.0,DX,128,449,64.18,4.180000000000007
Figure 3a,"Jun et al. Nat Commun 2019 (METIS, Bathe lab)",10.1038/s41467-019-13457-y,triangle,3,60.0,6HB,128,449,65.81,5.810000000000002
Figure 3a,"Jun et al. Nat Commun 2019 (METIS, Bathe lab)",10.1038/s41467-019-13457-y,triangle,3,60.0,DX,128,450,60.91,0.9099999999999966
Figure 3a,"Jun et al. Nat Commun 2019 (METIS, Bathe lab)",10.1038/s41467-019-13457-y,triangle,3,60.0,6HB,128,450,63.65,3.6499999999999986
Figure 3a,"Jun et al. Nat Commun 2019 (METIS, Bathe lab)",10.1038/s41467-019-13457-y,triangle,3,60.0,DX,128,451,52.61,7.390000000000001
Figure 3a,"Jun et al. Nat Commun 2019 (METIS, Bathe lab)",10.1038/s41467-019-13457-y,triangle,3,60.0,6HB,128,451,63.52,3.520000000000003
Figure 3a,"Jun et al. Nat Commun 2019 (METIS, Bathe lab)",10.1038/s41467-019-13457-y,triangle,3,60.0,DX,128,452,98.88,38.879999999999995
Figure 3a,"Jun et al. Nat Commun 2019 (METIS, Bathe lab)",10.1038/s41467-019-13457-y,triangle,3,60.0,6HB,128,452,63.7,3.700000000000003
Figure 3a,"Jun et al. Nat Commun 2019 (METIS, Bathe lab)",10.1038/s41467-019-13457-y,triangle,3,60.0,DX,128,453,57.01,2.990000000000002
Figure 3a,"Jun et al. Nat Commun 2019 (METIS, Bathe lab)",10.1038/s41467-019-13457-y,triangle,3,60.0,6HB,128,453,56.51,3.490000000000002
Figure 3a,"Jun et al. Nat Commun 2019 (METIS, Bathe lab)",10.1038/s41467-019-13457-y,triangle,3,60.0,DX,128,454,65.22,5.219999999999999
Figure 3a,"Jun et al. Nat Commun 2019 (METIS, Bathe lab)",10.1038/s41467-019-13457-y,triangle,3,60.0,6HB,128,454,62.62,2.6199999999999974
Figure 3a,"Jun et al. Nat Commun 2019 (METIS, Bathe lab)",10.1038/s41467-019-13457-y,triangle,3,60.0,DX,128,455,73.32,13.319999999999993
Figure 3a,"Jun et al. Nat Commun 2019 (METIS, Bathe lab)",10.1038/s41467-019-13457-y,triangle,3,60.0,6HB,128,455,57.15,2.8500000000000014
Figure 3a,"Jun et al. Nat Commun 2019 (METIS, Bathe lab)",10.1038/s41467-019-13457-y,triangle,3,60.0,DX,128,456,58.49,1.509999999999998
Figure 3a,"Jun et al. Nat Commun 2019 (METIS, Bathe lab)",10.1038/s41467-019-13457-y,triangle,3,60.0,6HB,128,456,57.58,2.4200000000000017
Figure 3a,"Jun et al. Nat Commun 2019 (METIS, Bathe lab)",10.1038/s41467-019-13457-y,triangle,3,60.0,DX,128,457,57.05,2.950000000000003
Figure 3a,"Jun et al. Nat Commun 2019 (METIS, Bathe lab)",10.1038/s41467-019-13457-y,triangle,3,60.0,6HB,128,457,67.04,7.040000000000006
Figure 3a,"Jun et al. Nat Commun 2019 (METIS, Bathe lab)",10.1038/s41467-019-13457-y,triangle,3,60.0,DX,128,458,63.19,3.1899999999999977
Figure 3a,"Jun et al. Nat Commun 2019 (METIS, Bathe lab)",10.1038/s41467-019-13457-y,triangle,3,60.0,6HB,128,458,60.61,0.6099999999999994
Figure 3a,"Jun et al. Nat Commun 2019 (METIS, Bathe lab)",10.1038/s41467-019-13457-y,triangle,3,60.0,DX,128,459,54.36,5.640000000000001
Figure 3a,"Jun et al. Nat Commun 2019 (METIS, Bathe lab)",10.1038/s41467-019-13457-y,triangle,3,60.0,6HB,128,459,62.93,2.9299999999999997
Figure 3a,"Jun et al. Nat Commun 2019 (METIS, Bathe lab)",10.1038/s41467-019-13457-y,triangle,3,60.0,DX,128,460,57.19,2.8100000000000023
Figure 3a,"Jun et al. Nat Commun 2019 (METIS, Bathe lab)",10.1038/s41467-019-13457-y,triangle,3,60.0,6HB,128,460,57.36,2.6400000000000006
Figure 3a,"Jun et al. Nat Commun 2019 (METIS, Bathe lab)",10.1038/s41467-019-13457-y,triangle,3,60.0,DX,128,461,62.91,2.9099999999999966
Figure 3a,"Jun et al. Nat Commun 2019 (METIS, Bathe lab)",10.1038/s41467-019-13457-y,triangle,3,60.0,6HB,128,461,68.76,8.760000000000005
Figure 3a,"Jun et al. Nat Commun 2019 (METIS, Bathe lab)",10.1038/s41467-019-13457-y,triangle,3,60.0,DX,128,462,51.66,8.340000000000003
Figure 3a,"Jun et al. Nat Commun 2019 (METIS, Bathe lab)",10.1038/s41467-019-13457-y,triangle,3,60.0,6HB,128,462,59.16,0.8400000000000034
Figure 3a,"Jun et al. Nat Commun 2019 (METIS, Bathe lab)",10.1038/s41467-019-13457-y,triangle,3,60.0,DX,128,463,59.3,0.7000000000000028
Figure 3a,"Jun et al. Nat Commun 2019 (METIS, Bathe lab)",10.1038/s41467-019-13457-y,triangle,3,60.0,6HB,128,463,59.87,0.13000000000000256
Figure 3a,"Jun et al. Nat Commun 2019 (METIS, Bathe lab)",10.1038/s41467-019-13457-y,triangle,3,60.0,DX,128,464,49.68,10.32
Figure 3a,"Jun et al. Nat Commun 2019 (METIS, Bathe lab)",10.1038/s41467-019-13457-y,triangle,3,60.0,6HB,128,464,59.38,0.6199999999999974
Figure 3a,"Jun et al. Nat Commun 2019 (METIS, Bathe lab)",10.1038/s41467-019-13457-y,triangle,3,60.0,DX,128,465,51.53,8.469999999999999
Figure 3a,"Jun et al. Nat Commun 2019 (METIS, Bathe lab)",10.1038/s41467-019-13457-y,triangle,3,60.0,6HB,128,465,65.77,5.769999999999996
Figure 3a,"Jun et al. Nat Commun 2019 (METIS, Bathe lab)",10.1038/s41467-019-13457-y,triangle,3,60.0,DX,128,466,93.83,33.83
Figure 3a,"Jun et al. Nat Commun 2019 (METIS, Bathe lab)",10.1038/s41467-019-13457-y,triangle,3,60.0,6HB,128,466,60.55,0.5499999999999972
Figure 3a,"Jun et al. Nat Commun 2019 (METIS, Bathe lab)",10.1038/s41467-019-13457-y,triangle,3,60.0,DX,128,467,85.71,25.709999999999994
Figure 3a,"Jun et al. Nat Commun 2019 (METIS, Bathe lab)",10.1038/s41467-019-13457-y,triangle,3,60.0,6HB,128,467,60.56,0.5600000000000023
Figure 3a,"Jun et al. Nat Commun 2019 (METIS, Bathe lab)",10.1038/s41467-019-13457-y,triangle,3,60.0,DX,128,468,71.6,11.599999999999994
Figure 3a,"Jun et al. Nat Commun 2019 (METIS, Bathe lab)",10.1038/s41467-019-13457-y,triangle,3,60.0,6HB,128,468,59.56,0.4399999999999977
Figure 3a,"Jun et al. Nat Commun 2019 (METIS, Bathe lab)",10.1038/s41467-019-13457-y,triangle,3,60.0,DX,128,469,76.29,16.290000000000006
Figure 3a,"Jun et al. Nat Commun 2019 (METIS, Bathe lab)",10.1038/s41467-019-13457-y,triangle,3,60.0,6HB,128,469,57.99,2.009999999999998
Figure 3a,"Jun et al. Nat Commun 2019 (METIS, Bathe lab)",10.1038/s41467-019-13457-y,triangle,3,60.0,DX,128,470,67.38,7.3799999999999955
Figure 3a,"Jun et al. Nat Commun 2019 (METIS, Bathe lab)",10.1038/s41467-019-13457-y,triangle,3,60.0,6HB,128,470,60.75,0.75
Figure 3a,"Jun et al. Nat Commun 2019 (METIS, Bathe lab)",10.1038/s41467-019-13457-y,triangle,3,60.0,DX,128,471,60.51,0.509999999999998
Figure 3a,"Jun et al. Nat Commun 2019 (METIS, Bathe lab)",10.1038/s41467-019-13457-y,triangle,3,60.0,6HB,128,471,55.59,4.409999999999997
Figure 3a,"Jun et al. Nat Commun 2019 (METIS, Bathe lab)",10.1038/s41467-019-13457-y,triangle,3,60.0,DX,128,472,72.49,12.489999999999995
Figure 3a,"Jun et al. Nat Commun 2019 (METIS, Bathe lab)",10.1038/s41467-019-13457-y,triangle,3,60.0,6HB,128,472,59.3,0.7000000000000028
Figure 3a,"Jun et al. Nat Commun 2019 (METIS, Bathe lab)",10.1038/s41467-019-13457-y,triangle,3,60.0,DX,128,473,52.68,7.32
Figure 3a,"Jun et al. Nat Commun 2019 (METIS, Bathe lab)",10.1038/s41467-019-13457-y,triangle,3,60.0,6HB,128,473,62.02,2.020000000000003
Figure 3a,"Jun et al. Nat Commun 2019 (METIS, Bathe lab)",10.1038/s41467-019-13457-y,triangle,3,60.0,DX,128,474,51.39,8.61
Figure 3a,"Jun et al. Nat Commun 2019 (METIS, Bathe lab)",10.1038/s41467-019-13457-y,triangle,3,60.0,6HB,128,474,60.44,0.4399999999999977
Figure 3a,"Jun et al. Nat Commun 2019 (METIS, Bathe lab)",10.1038/s41467-019-13457-y,triangle,3,60.0,DX,128,475,57.76,2.240000000000002
Figure 3a,"Jun et al. Nat Commun 2019 (METIS, Bathe lab)",10.1038/s41467-019-13457-y,triangle,3,60.0,6HB,128,475,65.82,5.819999999999993
Figure 3a,"Jun et al. Nat Commun 2019 (METIS, Bathe lab)",10.1038/s41467-019-13457-y,triangle,3,60.0,DX,128,476,47.6,12.399999999999999
Figure 3a,"Jun et al. Nat Commun 2019 (METIS, Bathe lab)",10.1038/s41467-019-13457-y,triangle,3,60.0,6HB,128,476,62.15,2.1499999999999986
Figure 3a,"Jun et al. Nat Commun 2019 (METIS, Bathe lab)",10.1038/s41467-019-13457-y,triangle,3,60.0,DX,128,477,63.55,3.549999999999997
Figure 3a,"Jun et al. Nat Commun 2019 (METIS, Bathe lab)",10.1038/s41467-019-13457-y,triangle,3,60.0,6HB,128,477,64.09,4.090000000000003
Figure 3a,"Jun et al. Nat Commun 2019 (METIS, Bathe lab)",10.1038/s41467-019-13457-y,triangle,3,60.0,DX,128,478,83.14,23.14
Figure 3a,"Jun et al. Nat Commun 2019 (METIS, Bathe lab)",10.1038/s41467-019-13457-y,triangle,3,60.0,6HB,128,478,63.41,3.4099999999999966
Figure 3a,"Jun et al. Nat Commun 2019 (METIS, Bathe lab)",10.1038/s41467-019-13457-y,triangle,3,60.0,DX,128,479,61.38,1.3800000000000026
Figure 3a,"Jun et al. Nat Commun 2019 (METIS, Bathe lab)",10.1038/s41467-019-13457-y,triangle,3,60.0,6HB,128,479,61.04,1.0399999999999991
Figure 3a,"Jun et al. Nat Commun 2019 (METIS, Bathe lab)",10.1038/s41467-019-13457-y,triangle,3,60.0,DX,128,480,54.02,5.979999999999997
Figure 3a,"Jun et al. Nat Commun 2019 (METIS, Bathe lab)",10.1038/s41467-019-13457-y,triangle,3,60.0,6HB,128,480,70.73,10.730000000000004
Figure 3a,"Jun et al. Nat Commun 2019 (METIS, Bathe lab)",10.1038/s41467-019-13457-y,triangle,3,60.0,DX,128,481,87.74,27.739999999999995
Figure 3a,"Jun et al. Nat Commun 2019 (METIS, Bathe lab)",10.1038/s41467-019-13457-y,triangle,3,60.0,6HB,128,481,65.26,5.260000000000005
Figure 3a,"Jun et al. Nat Commun 2019 (METIS, Bathe lab)",10.1038/s41467-019-13457-y,triangle,3,60.0,DX,128,482,40.95,19.049999999999997
Figure 3a,"Jun et al. Nat Commun 2019 (METIS, Bathe lab)",10.1038/s41467-019-13457-y,triangle,3,60.0,6HB,128,482,51.2,8.799999999999997
Figure 3a,"Jun et al. Nat Commun 2019 (METIS, Bathe lab)",10.1038/s41467-019-13457-y,triangle,3,60.0,DX,128,483,53.23,6.770000000000003
Figure 3a,"Jun et al. Nat Commun 2019 (METIS, Bathe lab)",10.1038/s41467-019-13457-y,triangle,3,60.0,6HB,128,483,59.42,0.5799999999999983
Figure 3a,"Jun et al. Nat Commun 2019 (METIS, Bathe lab)",10.1038/s41467-019-13457-y,triangle,3,60.0,DX,128,484,56.33,3.6700000000000017
Figure 3a,"Jun et al. Nat Commun 2019 (METIS, Bathe lab)",10.1038/s41467-019-13457-y,triangle,3,60.0,6HB,128,484,60.38,0.38000000000000256
Figure 3a,"Jun et al. Nat Commun 2019 (METIS, Bathe lab)",10.1038/s41467-019-13457-y,triangle,3,60.0,DX,128,485,70.24,10.239999999999995
Figure 3a,"Jun et al. Nat Commun 2019 (METIS, Bathe lab)",10.1038/s41467-019-13457-y,triangle,3,60.0,6HB,128,485,63.95,3.950000000000003
Figure 3a,"Jun et al. Nat Commun 2019 (METIS, Bathe lab)",10.1038/s41467-019-13457-y,triangle,3,60.0,DX,128,486,60.81,0.8100000000000023
Figure 3a,"Jun et al. Nat Commun 2019 (METIS, Bathe lab)",10.1038/s41467-019-13457-y,triangle,3,60.0,6HB,128,486,61.43,1.4299999999999997
Figure 3a,"Jun et al. Nat Commun 2019 (METIS, Bathe lab)",10.1038/s41467-019-13457-y,triangle,3,60.0,DX,128,487,47.38,12.619999999999997
Figure 3a,"Jun et al. Nat Commun 2019 (METIS, Bathe lab)",10.1038/s41467-019-13457-y,triangle,3,60.0,6HB,128,487,67.6,7.599999999999994
Figure 3a,"Jun et al. Nat Commun 2019 (METIS, Bathe lab)",10.1038/s41467-019-13457-y,triangle,3,60.0,DX,128,488,62.66,2.6599999999999966
Figure 3a,"Jun et al. Nat Commun 2019 (METIS, Bathe lab)",10.1038/s41467-019-13457-y,triangle,3,60.0,6HB,128,488,54.4,5.600000000000001
Figure 3a,"Jun et al. Nat Commun 2019 (METIS, Bathe lab)",10.1038/s41467-019-13457-y,triangle,3,60.0,DX,128,489,48.46,11.54
Figure 3a,"Jun et al. Nat Commun 2019 (METIS, Bathe lab)",10.1038/s41467-019-13457-y,triangle,3,60.0,6HB,128,489,66.92,6.920000000000002
Figure 3a,"Jun et al. Nat Commun 2019 (METIS, Bathe lab)",10.1038/s41467-019-13457-y,triangle,3,60.0,DX,128,490,59.73,0.2700000000000031
Figure 3a,"Jun et al. Nat Commun 2019 (METIS, Bathe lab)",10.1038/s41467-019-13457-y,triangle,3,60.0,6HB,128,490,63.35,3.3500000000000014
Figure 3a,"Jun et al. Nat Commun 2019 (METIS, Bathe lab)",10.1038/s41467-019-13457-y,triangle,3,60.0,DX,128,491,38.99,21.009999999999998
Figure 3a,"Jun et al. Nat Commun 2019 (METIS, Bathe lab)",10.1038/s41467-019-13457-y,triangle,3,60.0,6HB,128,491,58.64,1.3599999999999994
Figure 3a,"Jun et al. Nat Commun 2019 (METIS, Bathe lab)",10.1038/s41467-019-13457-y,triangle,3,60.0,DX,128,492,68.2,8.200000000000003
Figure 3a,"Jun et al. Nat Commun 2019 (METIS, Bathe lab)",10.1038/s41467-019-13457-y,triangle,3,60.0,6HB,128,492,62.5,2.5
Figure 3a,"Jun et al. Nat Commun 2019 (METIS, Bathe lab)",10.1038/s41467-019-13457-y,triangle,3,60.0,DX,128,493,63.88,3.8800000000000026
Figure 3a,"Jun et al. Nat Commun 2019 (METIS, Bathe lab)",10.1038/s41467-019-13457-y,triangle,3,60.0,6HB,128,493,60.33,0.3299999999999983
Figure 3a,"Jun et al. Nat Commun 2019 (METIS, Bathe lab)",10.1038/s41467-019-13457-y,triangle,3,60.0,DX,128,494,48.29,11.71
Figure 3a,"Jun et al. Nat Commun 2019 (METIS, Bathe lab)",10.1038/s41467-019-13457-y,triangle,3,60.0,6HB,128,494,56.84,3.1599999999999966
Figure 3a,"Jun et al. Nat Commun 2019 (METIS, Bathe lab)",10.1038/s41467-019-13457-y,triangle,3,60.0,DX,128,495,59.51,0.490000000000002
Figure 3a,"Jun et al. Nat Commun 2019 (METIS, Bathe lab)",10.1038/s41467-019-13457-y,triangle,3,60.0,6HB,128,495,62.01,2.009999999999998
Figure 3a,"Jun et al. Nat Commun 2019 (METIS, Bathe lab)",10.1038/s41467-019-13457-y,triangle,3,60.0,DX,128,496,64.88,4.8799999999999955
Figure 3a,"Jun et al. Nat Commun 2019 (METIS, Bathe lab)",10.1038/s41467-019-13457-y,triangle,3,60.0,6HB,128,496,63.61,3.6099999999999994
Figure 3a,"Jun et al. Nat Commun 2019 (METIS, Bathe lab)",10.1038/s41467-019-13457-y,triangle,3,60.0,DX,128,497,74.57,14.569999999999993
Figure 3a,"Jun et al. Nat Commun 2019 (METIS, Bathe lab)",10.1038/s41467-019-13457-y,triangle,3,60.0,6HB,128,497,69.77,9.769999999999996
Figure 3a,"Jun et al. Nat Commun 2019 (METIS, Bathe lab)",10.1038/s41467-019-13457-y,triangle,3,60.0,DX,128,498,60.33,0.3299999999999983
Figure 3a,"Jun et al. Nat Commun 2019 (METIS, Bathe lab)",10.1038/s41467-019-13457-y,triangle,3,60.0,6HB,128,498,62.68,2.6799999999999997
Figure 3a,"Jun et al. Nat Commun 2019 (METIS, Bathe lab)",10.1038/s41467-019-13457-y,triangle,3,60.0,DX,128,499,70.99,10.989999999999995
Figure 3a,"Jun et al. Nat Commun 2019 (METIS, Bathe lab)",10.1038/s41467-019-13457-y,triangle,3,60.0,6HB,128,499,56.13,3.8699999999999974
Figure 3a,"Jun et al. Nat Commun 2019 (METIS, Bathe lab)",10.1038/s41467-019-13457-y,triangle,3,60.0,DX,128,500,81.11,21.11
Figure 3a,"Jun et al. Nat Commun 2019 (METIS, Bathe lab)",10.1038/s41467-019-13457-y,triangle,3,60.0,6HB,128,500,62.25,2.25
Figure 3a,"Jun et al. Nat Commun 2019 (METIS, Bathe lab)",10.1038/s41467-019-13457-y,triangle,3,60.0,DX,128,501,61.22,1.2199999999999989
Figure 3a,"Jun et al. Nat Commun 2019 (METIS, Bathe lab)",10.1038/s41467-019-13457-y,triangle,3,60.0,6HB,128,501,61.12,1.1199999999999974
Figure 3a,"Jun et al. Nat Commun 2019 (METIS, Bathe lab)",10.1038/s41467-019-13457-y,triangle,3,60.0,DX,128,502,59.8,0.20000000000000284
Figure 3a,"Jun et al. Nat Commun 2019 (METIS, Bathe lab)",10.1038/s41467-019-13457-y,triangle,3,60.0,6HB,128,502,67.64,7.640000000000001
Figure 3a,"Jun et al. Nat Commun 2019 (METIS, Bathe lab)",10.1038/s41467-019-13457-y,triangle,3,60.0,DX,128,503,50.49,9.509999999999998
Figure 3a,"Jun et al. Nat Commun 2019 (METIS, Bathe lab)",10.1038/s41467-019-13457-y,triangle,3,60.0,6HB,128,503,61.7,1.7000000000000028
Figure 3a,"Jun et al. Nat Commun 2019 (METIS, Bathe lab)",10.1038/s41467-019-13457-y,triangle,3,60.0,DX,128,504,59.85,0.14999999999999858
Figure 3a,"Jun et al. Nat Commun 2019 (METIS, Bathe lab)",10.1038/s41467-019-13457-y,triangle,3,60.0,6HB,128,504,58.5,1.5
Figure 3a,"Jun et al. Nat Commun 2019 (METIS, Bathe lab)",10.1038/s41467-019-13457-y,triangle,3,60.0,DX,128,505,80.33,20.33
Figure 3a,"Jun et al. Nat Commun 2019 (METIS, Bathe lab)",10.1038/s41467-019-13457-y,triangle,3,60.0,6HB,128,505,65.63,5.6299999999999955
Figure 3a,"Jun et al. Nat Commun 2019 (METIS, Bathe lab)",10.1038/s41467-019-13457-y,triangle,3,60.0,DX,128,506,49.13,10.869999999999997
Figure 3a,"Jun et al. Nat Commun 2019 (METIS, Bathe lab)",10.1038/s41467-019-13457-y,triangle,3,60.0,6HB,128,506,65.89,5.890000000000001
Figure 3a,"Jun et al. Nat Commun 2019 (METIS, Bathe lab)",10.1038/s41467-019-13457-y,triangle,3,60.0,DX,128,507,54.59,5.409999999999997
Figure 3a,"Jun et al. Nat Commun 2019 (METIS, Bathe lab)",10.1038/s41467-019-13457-y,triangle,3,60.0,6HB,128,507,58.44,1.5600000000000023
Figure 3a,"Jun et al. Nat Commun 2019 (METIS, Bathe lab)",10.1038/s41467-019-13457-y,triangle,3,60.0,DX,128,508,66.95,6.950000000000003
Figure 3a,"Jun et al. Nat Commun 2019 (METIS, Bathe lab)",10.1038/s41467-019-13457-y,triangle,3,60.0,6HB,128,508,59.13,0.8699999999999974
Figure 3a,"Jun et al. Nat Commun 2019 (METIS, Bathe lab)",10.1038/s41467-019-13457-y,triangle,3,60.0,DX,128,509,84.75,24.75
Figure 3a,"Jun et al. Nat Commun 2019 (METIS, Bathe lab)",10.1038/s41467-019-13457-y,triangle,3,60.0,6HB,128,509,57.89,2.1099999999999994
Figure 3a,"Jun et al. Nat Commun 2019 (METIS, Bathe lab)",10.1038/s41467-019-13457-y,triangle,3,60.0,DX,128,510,55.45,4.549999999999997
Figure 3a,"Jun et al. Nat Commun 2019 (METIS, Bathe lab)",10.1038/s41467-019-13457-y,triangle,3,60.0,6HB,128,510,65.41,5.409999999999997
Figure 3a,"Jun et al. Nat Commun 2019 (METIS, Bathe lab)",10.1038/s41467-019-13457-y,triangle,3,60.0,DX,128,511,49.52,10.479999999999997
Figure 3a,"Jun et al. Nat Commun 2019 (METIS, Bathe lab)",10.1038/s41467-019-13457-y,triangle,3,60.0,6HB,128,511,65.03,5.030000000000001
Figure 3a,"Jun et al. Nat Commun 2019 (METIS, Bathe lab)",10.1038/s41467-019-13457-y,triangle,3,60.0,DX,128,512,74.65,14.650000000000006
Figure 3a,"Jun et al. Nat Commun 2019 (METIS, Bathe lab)",10.1038/s41467-019-13457-y,triangle,3,60.0,6HB,128,512,63.37,3.3699999999999974
Figure 3a,"Jun et al. Nat Commun 2019 (METIS, Bathe lab)",10.1038/s41467-019-13457-y,triangle,3,60.0,DX,128,513,56.32,3.6799999999999997
Figure 3a,"Jun et al. Nat Commun 2019 (METIS, Bathe lab)",10.1038/s41467-019-13457-y,triangle,3,60.0,6HB,128,513,63.8,3.799999999999997
Figure 3a,"Jun et al. Nat Commun 2019 (METIS, Bathe lab)",10.1038/s41467-019-13457-y,triangle,3,60.0,DX,128,514,62.39,2.3900000000000006
Figure 3a,"Jun et al. Nat Commun 2019 (METIS, Bathe lab)",10.1038/s41467-019-13457-y,triangle,3,60.0,6HB,128,514,60.09,0.09000000000000341
Figure 3a,"Jun et al. Nat Commun 2019 (METIS, Bathe lab)",10.1038/s41467-019-13457-y,triangle,3,60.0,DX,128,515,66.13,6.1299999999999955
Figure 3a,"Jun et al. Nat Commun 2019 (METIS, Bathe lab)",10.1038/s41467-019-13457-y,triangle,3,60.0,6HB,128,515,56.24,3.759999999999998
Figure 3a,"Jun et al. Nat Commun 2019 (METIS, Bathe lab)",10.1038/s41467-019-13457-y,triangle,3,60.0,DX,128,516,68.51,8.510000000000005
Figure 3a,"Jun et al. Nat Commun 2019 (METIS, Bathe lab)",10.1038/s41467-019-13457-y,triangle,3,60.0,6HB,128,516,66.97,6.969999999999999
Figure 3a,"Jun et al. Nat Commun 2019 (METIS, Bathe lab)",10.1038/s41467-019-13457-y,triangle,3,60.0,DX,128,517,70.06,10.060000000000002
Figure 3a,"Jun et al. Nat Commun 2019 (METIS, Bathe lab)",10.1038/s41467-019-13457-y,triangle,3,60.0,6HB,128,517,56.64,3.3599999999999994
Figure 3a,"Jun et al. Nat Commun 2019 (METIS, Bathe lab)",10.1038/s41467-019-13457-y,triangle,3,60.0,DX,128,518,59.69,0.3100000000000023
Figure 3a,"Jun et al. Nat Commun 2019 (METIS, Bathe lab)",10.1038/s41467-019-13457-y,triangle,3,60.0,6HB,128,518,61.31,1.3100000000000023
Figure 3a,"Jun et al. Nat Commun 2019 (METIS, Bathe lab)",10.1038/s41467-019-13457-y,triangle,3,60.0,DX,128,519,53.26,6.740000000000002
Figure 3a,"Jun et al. Nat Commun 2019 (METIS, Bathe lab)",10.1038/s41467-019-13457-y,triangle,3,60.0,6HB,128,519,60.42,0.4200000000000017
Figure 3a,"Jun et al. Nat Commun 2019 (METIS, Bathe lab)",10.1038/s41467-019-13457-y,triangle,3,60.0,DX,128,520,102.7,42.7
Figure 3a,"Jun et al. Nat Commun 2019 (METIS, Bathe lab)",10.1038/s41467-019-13457-y,triangle,3,60.0,6HB,128,520,64.08,4.079999999999998
Figure 3a,"Jun et al. Nat Commun 2019 (METIS, Bathe lab)",10.1038/s41467-019-13457-y,triangle,3,60.0,DX,128,521,74.05,14.049999999999997
Figure 3a,"Jun et al. Nat Commun 2019 (METIS, Bathe lab)",10.1038/s41467-019-13457-y,triangle,3,60.0,6HB,128,521,63.91,3.9099999999999966
Figure 3a,"Jun et al. Nat Commun 2019 (METIS, Bathe lab)",10.1038/s41467-019-13457-y,triangle,3,60.0,DX,128,522,93.67,33.67
Figure 3a,"Jun et al. Nat Commun 2019 (METIS, Bathe lab)",10.1038/s41467-019-13457-y,triangle,3,60.0,6HB,128,522,60.89,0.8900000000000006
Figure 3a,"Jun et al. Nat Commun 2019 (METIS, Bathe lab)",10.1038/s41467-019-13457-y,triangle,3,60.0,DX,128,523,60.59,0.5900000000000034
Figure 3a,"Jun et al. Nat Commun 2019 (METIS, Bathe lab)",10.1038/s41467-019-13457-y,triangle,3,60.0,6HB,128,523,67.38,7.3799999999999955
Figure 3a,"Jun et al. Nat Commun 2019 (METIS, Bathe lab)",10.1038/s41467-019-13457-y,triangle,3,60.0,DX,128,524,64.5,4.5
Figure 3a,"Jun et al. Nat Commun 2019 (METIS, Bathe lab)",10.1038/s41467-019-13457-y,triangle,3,60.0,6HB,128,524,57.02,2.979999999999997
Figure 3a,"Jun et al. Nat Commun 2019 (METIS, Bathe lab)",10.1038/s41467-019-13457-y,triangle,3,60.0,DX,128,525,62.22,2.219999999999999
Figure 3a,"Jun et al. Nat Commun 2019 (METIS, Bathe lab)",10.1038/s41467-019-13457-y,triangle,3,60.0,6HB,128,525,61.67,1.6700000000000017
Figure 3a,"Jun et al. Nat Commun 2019 (METIS, Bathe lab)",10.1038/s41467-019-13457-y,triangle,3,60.0,DX,128,526,78.13,18.129999999999995
Figure 3a,"Jun et al. Nat Commun 2019 (METIS, Bathe lab)",10.1038/s41467-019-13457-y,triangle,3,60.0,6HB,128,526,57.76,2.240000000000002
Figure 3a,"Jun et al. Nat Commun 2019 (METIS, Bathe lab)",10.1038/s41467-019-13457-y,triangle,3,60.0,DX,128,527,64.75,4.75
Figure 3a,"Jun et al. Nat Commun 2019 (METIS, Bathe lab)",10.1038/s41467-019-13457-y,triangle,3,60.0,6HB,128,527,61.98,1.9799999999999969
Figure 3a,"Jun et al. Nat Commun 2019 (METIS, Bathe lab)",10.1038/s41467-019-13457-y,triangle,3,60.0,DX,128,528,80.24,20.239999999999995
Figure 3a,"Jun et al. Nat Commun 2019 (METIS, Bathe lab)",10.1038/s41467-019-13457-y,triangle,3,60.0,6HB,128,528,57.21,2.789999999999999
Figure 3a,"Jun et al. Nat Commun 2019 (METIS, Bathe lab)",10.1038/s41467-019-13457-y,triangle,3,60.0,DX,128,529,55.34,4.659999999999997
Figure 3a,"Jun et al. Nat Commun 2019 (METIS, Bathe lab)",10.1038/s41467-019-13457-y,triangle,3,60.0,6HB,128,529,68.28,8.280000000000001
Figure 3a,"Jun et al. Nat Commun 2019 (METIS, Bathe lab)",10.1038/s41467-019-13457-y,triangle,3,60.0,DX,128,530,85.89,25.89
Figure 3a,"Jun et al. Nat Commun 2019 (METIS, Bathe lab)",10.1038/s41467-019-13457-y,triangle,3,60.0,6HB,128,530,60.63,0.6300000000000026
Figure 3a,"Jun et al. Nat Commun 2019 (METIS, Bathe lab)",10.1038/s41467-019-13457-y,triangle,3,60.0,DX,128,531,48.22,11.780000000000001
Figure 3a,"Jun et al. Nat Commun 2019 (METIS, Bathe lab)",10.1038/s41467-019-13457-y,triangle,3,60.0,6HB,128,531,56.84,3.1599999999999966
Figure 3a,"Jun et al. Nat Commun 2019 (METIS, Bathe lab)",10.1038/s41467-019-13457-y,triangle,3,60.0,DX,128,532,53.58,6.420000000000002
Figure 3a,"Jun et al. Nat Commun 2019 (METIS, Bathe lab)",10.1038/s41467-019-13457-y,triangle,3,60.0,6HB,128,532,58.89,1.1099999999999994
Figure 3a,"Jun et al. Nat Commun 2019 (METIS, Bathe lab)",10.1038/s41467-019-13457-y,triangle,3,60.0,DX,128,533,80.72,20.72
Figure 3a,"Jun et al. Nat Commun 2019 (METIS, Bathe lab)",10.1038/s41467-019-13457-y,triangle,3,60.0,6HB,128,533,64.5,4.5
Figure 3a,"Jun et al. Nat Commun 2019 (METIS, Bathe lab)",10.1038/s41467-019-13457-y,triangle,3,60.0,DX,128,534,82.74,22.739999999999995
Figure 3a,"Jun et al. Nat Commun 2019 (METIS, Bathe lab)",10.1038/s41467-019-13457-y,triangle,3,60.0,6HB,128,534,59.71,0.28999999999999915
Figure 3a,"Jun et al. Nat Commun 2019 (METIS, Bathe lab)",10.1038/s41467-019-13457-y,triangle,3,60.0,DX,128,535,68.64,8.64
Figure 3a,"Jun et al. Nat Commun 2019 (METIS, Bathe lab)",10.1038/s41467-019-13457-y,triangle,3,60.0,6HB,128,535,60.59,0.5900000000000034
Figure 3a,"Jun et al. Nat Commun 2019 (METIS, Bathe lab)",10.1038/s41467-019-13457-y,triangle,3,60.0,DX,128,536,53.67,6.329999999999998
Figure 3a,"Jun et al. Nat Commun 2019 (METIS, Bathe lab)",10.1038/s41467-019-13457-y,triangle,3,60.0,6HB,128,536,58.5,1.5
Figure 3a,"Jun et al. Nat Commun 2019 (METIS, Bathe lab)",10.1038/s41467-019-13457-y,triangle,3,60.0,DX,128,537,54.71,5.289999999999999
Figure 3a,"Jun et al. Nat Commun 2019 (METIS, Bathe lab)",10.1038/s41467-019-13457-y,triangle,3,60.0,6HB,128,537,54.27,5.729999999999997
Figure 3a,"Jun et al. Nat Commun 2019 (METIS, Bathe lab)",10.1038/s41467-019-13457-y,triangle,3,60.0,DX,128,538,63.79,3.789999999999999
Figure 3a,"Jun et al. Nat Commun 2019 (METIS, Bathe lab)",10.1038/s41467-019-13457-y,triangle,3,60.0,6HB,128,538,61.74,1.740000000000002
Figure 3a,"Jun et al. Nat Commun 2019 (METIS, Bathe lab)",10.1038/s41467-019-13457-y,triangle,3,60.0,DX,128,539,71.75,11.75
Figure 3a,"Jun et al. Nat Commun 2019 (METIS, Bathe lab)",10.1038/s41467-019-13457-y,triangle,3,60.0,6HB,128,539,60.44,0.4399999999999977
Figure 3a,"Jun et al. Nat Commun 2019 (METIS, Bathe lab)",10.1038/s41467-019-13457-y,triangle,3,60.0,DX,128,540,70.77,10.769999999999996
Figure 3a,"Jun et al. Nat Commun 2019 (METIS, Bathe lab)",10.1038/s41467-019-13457-y,triangle,3,60.0,6HB,128,540,66.0,6.0
Figure 3a,"Jun et al. Nat Commun 2019 (METIS, Bathe lab)",10.1038/s41467-019-13457-y,triangle,3,60.0,DX,128,541,45.53,14.469999999999999
Figure 3a,"Jun et al. Nat Commun 2019 (METIS, Bathe lab)",10.1038/s41467-019-13457-y,triangle,3,60.0,6HB,128,541,69.65,9.650000000000006
Figure 3a,"Jun et al. Nat Commun 2019 (METIS, Bathe lab)",10.1038/s41467-019-13457-y,triangle,3,60.0,DX,128,542,53.9,6.100000000000001
Figure 3a,"Jun et al. Nat Commun 2019 (METIS, Bathe lab)",10.1038/s41467-019-13457-y,triangle,3,60.0,6HB,128,542,61.61,1.6099999999999994
Figure 3a,"Jun et al. Nat Commun 2019 (METIS, Bathe lab)",10.1038/s41467-019-13457-y,triangle,3,60.0,DX,128,543,53.16,6.840000000000003
Figure 3a,"Jun et al. Nat Commun 2019 (METIS, Bathe lab)",10.1038/s41467-019-13457-y,triangle,3,60.0,6HB,128,543,66.38,6.3799999999999955
Figure 3a,"Jun et al. Nat Commun 2019 (METIS, Bathe lab)",10.1038/s41467-019-13457-y,triangle,3,60.0,DX,128,544,78.98,18.980000000000004
Figure 3a,"Jun et al. Nat Commun 2019 (METIS, Bathe lab)",10.1038/s41467-019-13457-y,triangle,3,60.0,6HB,128,544,52.38,7.619999999999997
Figure 3a,"Jun et al. Nat Commun 2019 (METIS, Bathe lab)",10.1038/s41467-019-13457-y,triangle,3,60.0,DX,128,545,52.19,7.810000000000002
Figure 3a,"Jun et al. Nat Commun 2019 (METIS, Bathe lab)",10.1038/s41467-019-13457-y,triangle,3,60.0,6HB,128,545,62.05,2.049999999999997
Figure 3a,"Jun et al. Nat Commun 2019 (METIS, Bathe lab)",10.1038/s41467-019-13457-y,triangle,3,60.0,DX,128,546,49.56,10.439999999999998
Figure 3a,"Jun et al. Nat Commun 2019 (METIS, Bathe lab)",10.1038/s41467-019-13457-y,triangle,3,60.0,6HB,128,546,61.78,1.7800000000000011
Figure 3a,"Jun et al. Nat Commun 2019 (METIS, Bathe lab)",10.1038/s41467-019-13457-y,triangle,3,60.0,DX,128,547,79.66,19.659999999999997
Figure 3a,"Jun et al. Nat Commun 2019 (METIS, Bathe lab)",10.1038/s41467-019-13457-y,triangle,3,60.0,6HB,128,547,61.54,1.5399999999999991
Figure 3a,"Jun et al. Nat Commun 2019 (METIS, Bathe lab)",10.1038/s41467-019-13457-y,triangle,3,60.0,DX,128,548,100.58,40.58
Figure 3a,"Jun et al. Nat Commun 2019 (METIS, Bathe lab)",10.1038/s41467-019-13457-y,triangle,3,60.0,6HB,128,548,60.3,0.29999999999999716
Figure 3a,"Jun et al. Nat Commun 2019 (METIS, Bathe lab)",10.1038/s41467-019-13457-y,triangle,3,60.0,DX,128,549,62.49,2.490000000000002
Figure 3a,"Jun et al. Nat Commun 2019 (METIS, Bathe lab)",10.1038/s41467-019-13457-y,triangle,3,60.0,6HB,128,549,59.71,0.28999999999999915
Figure 3a,"Jun et al. Nat Commun 2019 (METIS, Bathe lab)",10.1038/s41467-019-13457-y,triangle,3,60.0,DX,128,550,58.13,1.8699999999999974
Figure 3a,"Jun et al. Nat Commun 2019 (METIS, Bathe lab)",10.1038/s41467-019-13457-y,triangle,3,60.0,6HB,128,550,63.91,3.9099999999999966
Figure 3a,"Jun et al. Nat Commun 2019 (METIS, Bathe lab)",10.1038/s41467-019-13457-y,triangle,3,60.0,DX,128,551,68.46,8.459999999999994
Figure 3a,"Jun et al. Nat Commun 2019 (METIS, Bathe lab)",10.1038/s41467-019-13457-y,triangle,3,60.0,6HB,128,551,63.31,3.3100000000000023
Figure 3a,"Jun et al. Nat Commun 2019 (METIS, Bathe lab)",10.1038/s41467-019-13457-y,triangle,3,60.0,DX,128,552,35.74,24.259999999999998
Figure 3a,"Jun et al. Nat Commun 2019 (METIS, Bathe lab)",10.1038/s41467-019-13457-y,triangle,3,60.0,6HB,128,552,63.41,3.4099999999999966
Figure 3a,"Jun et al. Nat Commun 2019 (METIS, Bathe lab)",10.1038/s41467-019-13457-y,triangle,3,60.0,DX,128,553,57.88,2.1199999999999974
Figure 3a,"Jun et al. Nat Commun 2019 (METIS, Bathe lab)",10.1038/s41467-019-13457-y,triangle,3,60.0,6HB,128,553,58.69,1.3100000000000023
Figure 3a,"Jun et al. Nat Commun 2019 (METIS, Bathe lab)",10.1038/s41467-019-13457-y,triangle,3,60.0,DX,128,554,75.76,15.760000000000005
Figure 3a,"Jun et al. Nat Commun 2019 (METIS, Bathe lab)",10.1038/s41467-019-13457-y,triangle,3,60.0,6HB,128,554,60.26,0.259999999999998
Figure 3a,"Jun et al. Nat Commun 2019 (METIS, Bathe lab)",10.1038/s41467-019-13457-y,triangle,3,60.0,DX,128,555,96.25,36.25
Figure 3a,"Jun et al. Nat Commun 2019 (METIS, Bathe lab)",10.1038/s41467-019-13457-y,triangle,3,60.0,6HB,128,555,58.69,1.3100000000000023
Figure 3a,"Jun et al. Nat Commun 2019 (METIS, Bathe lab)",10.1038/s41467-019-13457-y,triangle,3,60.0,DX,128,556,59.18,0.8200000000000003
Figure 3a,"Jun et al. Nat Commun 2019 (METIS, Bathe lab)",10.1038/s41467-019-13457-y,triangle,3,60.0,6HB,128,556,60.09,0.09000000000000341
Figure 3a,"Jun et al. Nat Commun 2019 (METIS, Bathe lab)",10.1038/s41467-019-13457-y,triangle,3,60.0,DX,128,557,60.18,0.17999999999999972
Figure 3a,"Jun et al. Nat Commun 2019 (METIS, Bathe lab)",10.1038/s41467-019-13457-y,triangle,3,60.0,6HB,128,557,65.95,5.950000000000003
Figure 3a,"Jun et al. Nat Commun 2019 (METIS, Bathe lab)",10.1038/s41467-019-13457-y,triangle,3,60.0,DX,128,558,56.61,3.3900000000000006
Figure 3a,"Jun et al. Nat Commun 2019 (METIS, Bathe lab)",10.1038/s41467-019-13457-y,triangle,3,60.0,6HB,128,558,58.99,1.009999999999998
Figure 3a,"Jun et al. Nat Commun 2019 (METIS, Bathe lab)",10.1038/s41467-019-13457-y,triangle,3,60.0,DX,128,559,57.5,2.5
Figure 3a,"Jun et al. Nat Commun 2019 (METIS, Bathe lab)",10.1038/s41467-019-13457-y,triangle,3,60.0,6HB,128,559,62.81,2.8100000000000023
Figure 3a,"Jun et al. Nat Commun 2019 (METIS, Bathe lab)",10.1038/s41467-019-13457-y,triangle,3,60.0,DX,128,560,74.28,14.280000000000001
Figure 3a,"Jun et al. Nat Commun 2019 (METIS, Bathe lab)",10.1038/s41467-019-13457-y,triangle,3,60.0,6HB,128,560,61.06,1.0600000000000023
Figure 3a,"Jun et al. Nat Commun 2019 (METIS, Bathe lab)",10.1038/s41467-019-13457-y,triangle,3,60.0,DX,128,561,56.99,3.009999999999998
Figure 3a,"Jun et al. Nat Commun 2019 (METIS, Bathe lab)",10.1038/s41467-019-13457-y,triangle,3,60.0,6HB,128,561,56.94,3.0600000000000023
Figure 3a,"Jun et al. Nat Commun 2019 (METIS, Bathe lab)",10.1038/s41467-019-13457-y,triangle,3,60.0,DX,128,562,37.34,22.659999999999997
Figure 3a,"Jun et al. Nat Commun 2019 (METIS, Bathe lab)",10.1038/s41467-019-13457-y,triangle,3,60.0,6HB,128,562,60.69,0.6899999999999977
Figure 3a,"Jun et al. Nat Commun 2019 (METIS, Bathe lab)",10.1038/s41467-019-13457-y,triangle,3,60.0,DX,128,563,100.89,40.89
Figure 3a,"Jun et al. Nat Commun 2019 (METIS, Bathe lab)",10.1038/s41467-019-13457-y,triangle,3,60.0,6HB,128,563,57.93,2.0700000000000003
Figure 3a,"Jun et al. Nat Commun 2019 (METIS, Bathe lab)",10.1038/s41467-019-13457-y,triangle,3,60.0,DX,128,564,42.81,17.189999999999998
Figure 3a,"Jun et al. Nat Commun 2019 (METIS, Bathe lab)",10.1038/s41467-019-13457-y,triangle,3,60.0,6HB,128,564,62.1,2.1000000000000014
Figure 3a,"Jun et al. Nat Commun 2019 (METIS, Bathe lab)",10.1038/s41467-019-13457-y,triangle,3,60.0,DX,128,565,48.78,11.219999999999999
Figure 3a,"Jun et al. Nat Commun 2019 (METIS, Bathe lab)",10.1038/s41467-019-13457-y,triangle,3,60.0,6HB,128,565,60.61,0.6099999999999994
Figure 3a,"Jun et al. Nat Commun 2019 (METIS, Bathe lab)",10.1038/s41467-019-13457-y,triangle,3,60.0,DX,128,566,55.77,4.229999999999997
Figure 3a,"Jun et al. Nat Commun 2019 (METIS, Bathe lab)",10.1038/s41467-019-13457-y,triangle,3,60.0,6HB,128,566,61.54,1.5399999999999991
Figure 3a,"Jun et al. Nat Commun 2019 (METIS, Bathe lab)",10.1038/s41467-019-13457-y,triangle,3,60.0,DX,128,567,84.79,24.790000000000006
Figure 3a,"Jun et al. Nat Commun 2019 (METIS, Bathe lab)",10.1038/s41467-019-13457-y,triangle,3,60.0,6HB,128,567,53.75,6.25
Figure 3a,"Jun et al. Nat Commun 2019 (METIS, Bathe lab)",10.1038/s41467-019-13457-y,triangle,3,60.0,DX,128,568,53.1,6.899999999999999
Figure 3a,"Jun et al. Nat Commun 2019 (METIS, Bathe lab)",10.1038/s41467-019-13457-y,triangle,3,60.0,6HB,128,568,68.99,8.989999999999995
Figure 3a,"Jun et al. Nat Commun 2019 (METIS, Bathe lab)",10.1038/s41467-019-13457-y,triangle,3,60.0,DX,128,569,65.99,5.989999999999995
Figure 3a,"Jun et al. Nat Commun 2019 (METIS, Bathe lab)",10.1038/s41467-019-13457-y,triangle,3,60.0,6HB,128,569,54.87,5.130000000000003
Figure 3a,"Jun et al. Nat Commun 2019 (METIS, Bathe lab)",10.1038/s41467-019-13457-y,triangle,3,60.0,DX,128,570,69.72,9.719999999999999
Figure 3a,"Jun et al. Nat Commun 2019 (METIS, Bathe lab)",10.1038/s41467-019-13457-y,triangle,3,60.0,6HB,128,570,59.36,0.6400000000000006
Figure 3a,"Jun et al. Nat Commun 2019 (METIS, Bathe lab)",10.1038/s41467-019-13457-y,triangle,3,60.0,DX,128,571,51.72,8.280000000000001
Figure 3a,"Jun et al. Nat Commun 2019 (METIS, Bathe lab)",10.1038/s41467-019-13457-y,triangle,3,60.0,6HB,128,571,67.48,7.480000000000004
Figure 3a,"Jun et al. Nat Commun 2019 (METIS, Bathe lab)",10.1038/s41467-019-13457-y,triangle,3,60.0,DX,128,572,80.05,20.049999999999997
Figure 3a,"Jun et al. Nat Commun 2019 (METIS, Bathe lab)",10.1038/s41467-019-13457-y,triangle,3,60.0,6HB,128,572,60.21,0.21000000000000085
Figure 3a,"Jun et al. Nat Commun 2019 (METIS, Bathe lab)",10.1038/s41467-019-13457-y,triangle,3,60.0,DX,128,573,59.43,0.5700000000000003
Figure 3a,"Jun et al. Nat Commun 2019 (METIS, Bathe lab)",10.1038/s41467-019-13457-y,triangle,3,60.0,6HB,128,573,62.12,2.1199999999999974
Figure 3a,"Jun et al. Nat Commun 2019 (METIS, Bathe lab)",10.1038/s41467-019-13457-y,triangle,3,60.0,DX,128,574,63.75,3.75
Figure 3a,"Jun et al. Nat Commun 2019 (METIS, Bathe lab)",10.1038/s41467-019-13457-y,triangle,3,60.0,6HB,128,574,63.03,3.030000000000001
Figure 3a,"Jun et al. Nat Commun 2019 (METIS, Bathe lab)",10.1038/s41467-019-13457-y,triangle,3,60.0,DX,128,575,57.11,2.8900000000000006
Figure 3a,"Jun et al. Nat Commun 2019 (METIS, Bathe lab)",10.1038/s41467-019-13457-y,triangle,3,60.0,6HB,128,575,56.74,3.259999999999998
Figure 3a,"Jun et al. Nat Commun 2019 (METIS, Bathe lab)",10.1038/s41467-019-13457-y,triangle,3,60.0,DX,128,576,56.11,3.8900000000000006
Figure 3a,"Jun et al. Nat Commun 2019 (METIS, Bathe lab)",10.1038/s41467-019-13457-y,triangle,3,60.0,6HB,128,576,59.26,0.740000000000002
Figure 3a,"Jun et al. Nat Commun 2019 (METIS, Bathe lab)",10.1038/s41467-019-13457-y,triangle,3,60.0,DX,128,577,62.62,2.6199999999999974
Figure 3a,"Jun et al. Nat Commun 2019 (METIS, Bathe lab)",10.1038/s41467-019-13457-y,triangle,3,60.0,6HB,128,577,61.07,1.0700000000000003
Figure 3a,"Jun et al. Nat Commun 2019 (METIS, Bathe lab)",10.1038/s41467-019-13457-y,triangle,3,60.0,DX,128,578,74.06,14.060000000000002
Figure 3a,"Jun et al. Nat Commun 2019 (METIS, Bathe lab)",10.1038/s41467-019-13457-y,triangle,3,60.0,6HB,128,578,59.64,0.35999999999999943
Figure 3a,"Jun et al. Nat Commun 2019 (METIS, Bathe lab)",10.1038/s41467-019-13457-y,triangle,3,60.0,DX,128,579,63.12,3.1199999999999974
Figure 3a,"Jun et al. Nat Commun 2019 (METIS, Bathe lab)",10.1038/s41467-019-13457-y,triangle,3,60.0,6HB,128,579,61.38,1.3800000000000026
Figure 3a,"Jun et al. Nat Commun 2019 (METIS, Bathe lab)",10.1038/s41467-019-13457-y,triangle,3,60.0,DX,128,580,84.45,24.450000000000003
Figure 3a,"Jun et al. Nat Commun 2019 (METIS, Bathe lab)",10.1038/s41467-019-13457-y,triangle,3,60.0,6HB,128,580,58.17,1.8299999999999983
Figure 3a,"Jun et al. Nat Commun 2019 (METIS, Bathe lab)",10.1038/s41467-019-13457-y,triangle,3,60.0,DX,128,581,55.84,4.159999999999997
Figure 3a,"Jun et al. Nat Commun 2019 (METIS, Bathe lab)",10.1038/s41467-019-13457-y,triangle,3,60.0,6HB,128,581,58.59,1.4099999999999966
Figure 3a,"Jun et al. Nat Commun 2019 (METIS, Bathe lab)",10.1038/s41467-019-13457-y,triangle,3,60.0,DX,128,582,58.32,1.6799999999999997
Figure 3a,"Jun et al. Nat Commun 2019 (METIS, Bathe lab)",10.1038/s41467-019-13457-y,triangle,3,60.0,6HB,128,582,59.71,0.28999999999999915
Figure 3a,"Jun et al. Nat Commun 2019 (METIS, Bathe lab)",10.1038/s41467-019-13457-y,triangle,3,60.0,DX,128,583,68.93,8.930000000000007
Figure 3a,"Jun et al. Nat Commun 2019 (METIS, Bathe lab)",10.1038/s41467-019-13457-y,triangle,3,60.0,6HB,128,583,52.94,7.060000000000002
Figure 3a,"Jun et al. Nat Commun 2019 (METIS, Bathe lab)",10.1038/s41467-019-13457-y,triangle,3,60.0,DX,128,584,57.95,2.049999999999997
Figure 3a,"Jun et al. Nat Commun 2019 (METIS, Bathe lab)",10.1038/s41467-019-13457-y,triangle,3,60.0,6HB,128,584,57.51,2.490000000000002
Figure 3a,"Jun et al. Nat Commun 2019 (METIS, Bathe lab)",10.1038/s41467-019-13457-y,triangle,3,60.0,DX,128,585,104.72,44.72
Figure 3a,"Jun et al. Nat Commun 2019 (METIS, Bathe lab)",10.1038/s41467-019-13457-y,triangle,3,60.0,6HB,128,585,50.57,9.43
Figure 3a,"Jun et al. Nat Commun 2019 (METIS, Bathe lab)",10.1038/s41467-019-13457-y,triangle,3,60.0,DX,128,586,55.18,4.82
Figure 3a,"Jun et al. Nat Commun 2019 (METIS, Bathe lab)",10.1038/s41467-019-13457-y,triangle,3,60.0,6HB,128,586,55.62,4.380000000000003
Figure 3a,"Jun et al. Nat Commun 2019 (METIS, Bathe lab)",10.1038/s41467-019-13457-y,triangle,3,60.0,DX,128,587,45.22,14.780000000000001
Figure 3a,"Jun et al. Nat Commun 2019 (METIS, Bathe lab)",10.1038/s41467-019-13457-y,triangle,3,60.0,6HB,128,587,65.6,5.599999999999994
Figure 3a,"Jun et al. Nat Commun 2019 (METIS, Bathe lab)",10.1038/s41467-019-13457-y,triangle,3,60.0,DX,128,588,59.07,0.9299999999999997
Figure 3a,"Jun et al. Nat Commun 2019 (METIS, Bathe lab)",10.1038/s41467-019-13457-y,triangle,3,60.0,6HB,128,588,56.99,3.009999999999998
Figure 3a,"Jun et al. Nat Commun 2019 (METIS, Bathe lab)",10.1038/s41467-019-13457-y,triangle,3,60.0,DX,128,589,67.37,7.3700000000000045
Figure 3a,"Jun et al. Nat Commun 2019 (METIS, Bathe lab)",10.1038/s41467-019-13457-y,triangle,3,60.0,6HB,128,589,55.03,4.969999999999999
Figure 3a,"Jun et al. Nat Commun 2019 (METIS, Bathe lab)",10.1038/s41467-019-13457-y,triangle,3,60.0,DX,128,590,70.1,10.099999999999994
Figure 3a,"Jun et al. Nat Commun 2019 (METIS, Bathe lab)",10.1038/s41467-019-13457-y,triangle,3,60.0,6HB,128,590,64.33,4.329999999999998
Figure 3b,"Jun et al. Nat Commun 2019 (METIS, Bathe lab)",10.1038/s41467-019-13457-y,hexagon,6,120.0,DX,74,1,144.25,24.25
Figure 3b,"Jun et al. Nat Commun 2019 (METIS, Bathe lab)",10.1038/s41467-019-13457-y,hexagon,6,120.0,6HB,74,1,111.34,8.659999999999997
Figure 3b,"Jun et al. Nat Commun 2019 (METIS, Bathe lab)",10.1038/s41467-019-13457-y,hexagon,6,120.0,DX,74,2,126.55,6.549999999999997
Figure 3b,"Jun et al. Nat Commun 2019 (METIS, Bathe lab)",10.1038/s41467-019-13457-y,hexagon,6,120.0,6HB,74,2,118.04,1.9599999999999937
Figure 3b,"Jun et al. Nat Commun 2019 (METIS, Bathe lab)",10.1038/s41467-019-13457-y,hexagon,6,120.0,DX,74,3,126.43,6.430000000000007
Figure 3b,"Jun et al. Nat Commun 2019 (METIS, Bathe lab)",10.1038/s41467-019-13457-y,hexagon,6,120.0,6HB,74,3,118.7,1.2999999999999972
Figure 3b,"Jun et al. Nat Commun 2019 (METIS, Bathe lab)",10.1038/s41467-019-13457-y,hexagon,6,120.0,DX,74,4,126.42,6.420000000000002
Figure 3b,"Jun et al. Nat Commun 2019 (METIS, Bathe lab)",10.1038/s41467-019-13457-y,hexagon,6,120.0,6HB,74,4,112.35,7.650000000000006
Figure 3b,"Jun et al. Nat Commun 2019 (METIS, Bathe lab)",10.1038/s41467-019-13457-y,hexagon,6,120.0,DX,74,5,116.08,3.9200000000000017
Figure 3b,"Jun et al. Nat Commun 2019 (METIS, Bathe lab)",10.1038/s41467-019-13457-y,hexagon,6,120.0,6HB,74,5,126.01,6.010000000000005
Figure 3b,"Jun et al. Nat Commun 2019 (METIS, Bathe lab)",10.1038/s41467-019-13457-y,hexagon,6,120.0,DX,74,6,118.21,1.7900000000000063
Figure 3b,"Jun et al. Nat Commun 2019 (METIS, Bathe lab)",10.1038/s41467-019-13457-y,hexagon,6,120.0,6HB,74,6,115.32,4.680000000000007
Figure 3b,"Jun et al. Nat Commun 2019 (METIS, Bathe lab)",10.1038/s41467-019-13457-y,hexagon,6,120.0,DX,74,7,123.94,3.9399999999999977
Figure 3b,"Jun et al. Nat Commun 2019 (METIS, Bathe lab)",10.1038/s41467-019-13457-y,hexagon,6,120.0,6HB,74,7,126.75,6.75
Figure 3b,"Jun et al. Nat Commun 2019 (METIS, Bathe lab)",10.1038/s41467-019-13457-y,hexagon,6,120.0,DX,74,8,123.67,3.6700000000000017
Figure 3b,"Jun et al. Nat Commun 2019 (METIS, Bathe lab)",10.1038/s41467-019-13457-y,hexagon,6,120.0,6HB,74,8,111.73,8.269999999999996
Figure 3b,"Jun et al. Nat Commun 2019 (METIS, Bathe lab)",10.1038/s41467-019-13457-y,hexagon,6,120.0,DX,74,9,99.88,20.120000000000005
Figure 3b,"Jun et al. Nat Commun 2019 (METIS, Bathe lab)",10.1038/s41467-019-13457-y,hexagon,6,120.0,6HB,74,9,124.96,4.959999999999994
Figure 3b,"Jun et al. Nat Commun 2019 (METIS, Bathe lab)",10.1038/s41467-019-13457-y,hexagon,6,120.0,DX,74,10,128.45,8.449999999999989
Figure 3b,"Jun et al. Nat Commun 2019 (METIS, Bathe lab)",10.1038/s41467-019-13457-y,hexagon,6,120.0,6HB,74,10,122.93,2.930000000000007
Figure 3b,"Jun et al. Nat Commun 2019 (METIS, Bathe lab)",10.1038/s41467-019-13457-y,hexagon,6,120.0,DX,74,11,120.8,0.7999999999999972
Figure 3b,"Jun et al. Nat Commun 2019 (METIS, Bathe lab)",10.1038/s41467-019-13457-y,hexagon,6,120.0,6HB,74,11,112.16,7.840000000000003
Figure 3b,"Jun et al. Nat Commun 2019 (METIS, Bathe lab)",10.1038/s41467-019-13457-y,hexagon,6,120.0,DX,74,12,102.18,17.819999999999993
Figure 3b,"Jun et al. Nat Commun 2019 (METIS, Bathe lab)",10.1038/s41467-019-13457-y,hexagon,6,120.0,6HB,74,12,115.77,4.230000000000004
Figure 3b,"Jun et al. Nat Commun 2019 (METIS, Bathe lab)",10.1038/s41467-019-13457-y,hexagon,6,120.0,DX,74,13,123.72,3.719999999999999
Figure 3b,"Jun et al. Nat Commun 2019 (METIS, Bathe lab)",10.1038/s41467-019-13457-y,hexagon,6,120.0,6HB,74,13,121.21,1.2099999999999937
Figure 3b,"Jun et al. Nat Commun 2019 (METIS, Bathe lab)",10.1038/s41467-019-13457-y,hexagon,6,120.0,DX,74,14,132.73,12.72999999999999
Figure 3b,"Jun et al. Nat Commun 2019 (METIS, Bathe lab)",10.1038/s41467-019-13457-y,hexagon,6,120.0,6HB,74,14,121.07,1.0699999999999932
Figure 3b,"Jun et al. Nat Commun 2019 (METIS, Bathe lab)",10.1038/s41467-019-13457-y,hexagon,6,120.0,DX,74,15,106.29,13.709999999999994
Figure 3b,"Jun et al. Nat Commun 2019 (METIS, Bathe lab)",10.1038/s41467-019-13457-y,hexagon,6,120.0,6HB,74,15,128.38,8.379999999999995
Figure 3b,"Jun et al. Nat Commun 2019 (METIS, Bathe lab)",10.1038/s41467-019-13457-y,hexagon,6,120.0,DX,74,16,122.75,2.75
Figure 3b,"Jun et al. Nat Commun 2019 (METIS, Bathe lab)",10.1038/s41467-019-13457-y,hexagon,6,120.0,6HB,74,16,120.84,0.8400000000000034
Figure 3b,"Jun et al. Nat Commun 2019 (METIS, Bathe lab)",10.1038/s41467-019-13457-y,hexagon,6,120.0,DX,74,17,95.91,24.090000000000003
Figure 3b,"Jun et al. Nat Commun 2019 (METIS, Bathe lab)",10.1038/s41467-019-13457-y,hexagon,6,120.0,6HB,74,17,113.8,6.200000000000003
Figure 3b,"Jun et al. Nat Commun 2019 (METIS, Bathe lab)",10.1038/s41467-019-13457-y,hexagon,6,120.0,DX,74,18,105.61,14.39
Figure 3b,"Jun et al. Nat Commun 2019 (METIS, Bathe lab)",10.1038/s41467-019-13457-y,hexagon,6,120.0,6HB,74,18,118.84,1.1599999999999966
Figure 3b,"Jun et al. Nat Commun 2019 (METIS, Bathe lab)",10.1038/s41467-019-13457-y,hexagon,6,120.0,DX,74,19,114.39,5.609999999999999
Figure 3b,"Jun et al. Nat Commun 2019 (METIS, Bathe lab)",10.1038/s41467-019-13457-y,hexagon,6,120.0,6HB,74,19,113.39,6.609999999999999
Figure 3b,"Jun et al. Nat Commun 2019 (METIS, Bathe lab)",10.1038/s41467-019-13457-y,hexagon,6,120.0,DX,74,20,135.71,15.710000000000008
Figure 3b,"Jun et al. Nat Commun 2019 (METIS, Bathe lab)",10.1038/s41467-019-13457-y,hexagon,6,120.0,6HB,74,20,125.67,5.670000000000002
Figure 3b,"Jun et al. Nat Commun 2019 (METIS, Bathe lab)",10.1038/s41467-019-13457-y,hexagon,6,120.0,DX,74,21,116.3,3.700000000000003
Figure 3b,"Jun et al. Nat Commun 2019 (METIS, Bathe lab)",10.1038/s41467-019-13457-y,hexagon,6,120.0,6HB,74,21,119.96,0.04000000000000625
Figure 3b,"Jun et al. Nat Commun 2019 (METIS, Bathe lab)",10.1038/s41467-019-13457-y,hexagon,6,120.0,DX,74,22,138.9,18.900000000000006
Figure 3b,"Jun et al. Nat Commun 2019 (METIS, Bathe lab)",10.1038/s41467-019-13457-y,hexagon,6,120.0,6HB,74,22,115.84,4.159999999999997
Figure 3b,"Jun et al. Nat Commun 2019 (METIS, Bathe lab)",10.1038/s41467-019-13457-y,hexagon,6,120.0,DX,74,23,105.77,14.230000000000004
Figure 3b,"Jun et al. Nat Commun 2019 (METIS, Bathe lab)",10.1038/s41467-019-13457-y,hexagon,6,120.0,6HB,74,23,117.85,2.1500000000000057
Figure 3b,"Jun et al. Nat Commun 2019 (METIS, Bathe lab)",10.1038/s41467-019-13457-y,hexagon,6,120.0,DX,74,24,99.72,20.28
Figure 3b,"Jun et al. Nat Commun 2019 (METIS, Bathe lab)",10.1038/s41467-019-13457-y,hexagon,6,120.0,6HB,74,24,120.62,0.6200000000000045
Figure 3b,"Jun et al. Nat Commun 2019 (METIS, Bathe lab)",10.1038/s41467-019-13457-y,hexagon,6,120.0,DX,74,25,135.75,15.75
Figure 3b,"Jun et al. Nat Commun 2019 (METIS, Bathe lab)",10.1038/s41467-019-13457-y,hexagon,6,120.0,6HB,74,25,119.55,0.45000000000000284
Figure 3b,"Jun et al. Nat Commun 2019 (METIS, Bathe lab)",10.1038/s41467-019-13457-y,hexagon,6,120.0,DX,74,26,109.99,10.010000000000005
Figure 3b,"Jun et al. Nat Commun 2019 (METIS, Bathe lab)",10.1038/s41467-019-13457-y,hexagon,6,120.0,6HB,74,26,111.47,8.530000000000001
Figure 3b,"Jun et al. Nat Commun 2019 (METIS, Bathe lab)",10.1038/s41467-019-13457-y,hexagon,6,120.0,DX,74,27,141.97,21.97
Figure 3b,"Jun et al. Nat Commun 2019 (METIS, Bathe lab)",10.1038/s41467-019-13457-y,hexagon,6,120.0,6HB,74,27,112.24,7.760000000000005
Figure 3b,"Jun et al. Nat Commun 2019 (METIS, Bathe lab)",10.1038/s41467-019-13457-y,hexagon,6,120.0,DX,74,28,121.52,1.519999999999996
Figure 3b,"Jun et al. Nat Commun 2019 (METIS, Bathe lab)",10.1038/s41467-019-13457-y,hexagon,6,120.0,6HB,74,28,111.79,8.209999999999994
Figure 3b,"Jun et al. Nat Commun 2019 (METIS, Bathe lab)",10.1038/s41467-019-13457-y,hexagon,6,120.0,DX,74,29,100.16,19.840000000000003
Figure 3b,"Jun et al. Nat Commun 2019 (METIS, Bathe lab)",10.1038/s41467-019-13457-y,hexagon,6,120.0,6HB,74,29,122.88,2.8799999999999955
Figure 3b,"Jun et al. Nat Commun 2019 (METIS, Bathe lab)",10.1038/s41467-019-13457-y,hexagon,6,120.0,DX,74,30,161.05,41.05000000000001
Figure 3b,"Jun et al. Nat Commun 2019 (METIS, Bathe lab)",10.1038/s41467-019-13457-y,hexagon,6,120.0,6HB,74,30,118.81,1.1899999999999977
Figure 3b,"Jun et al. Nat Commun 2019 (METIS, Bathe lab)",10.1038/s41467-019-13457-y,hexagon,6,120.0,DX,74,31,90.96,29.040000000000006
Figure 3b,"Jun et al. Nat Commun 2019 (METIS, Bathe lab)",10.1038/s41467-019-13457-y,hexagon,6,120.0,6HB,74,31,120.0,0.0
Figure 3b,"Jun et al. Nat Commun 2019 (METIS, Bathe lab)",10.1038/s41467-019-13457-y,hexagon,6,120.0,DX,74,32,113.27,6.730000000000004
Figure 3b,"Jun et al. Nat Commun 2019 (METIS, Bathe lab)",10.1038/s41467-019-13457-y,hexagon,6,120.0,6HB,74,32,117.6,2.4000000000000057
Figure 3b,"Jun et al. Nat Commun 2019 (METIS, Bathe lab)",10.1038/s41467-019-13457-y,hexagon,6,120.0,DX,74,33,128.73,8.72999999999999
Figure 3b,"Jun et al. Nat Commun 2019 (METIS, Bathe lab)",10.1038/s41467-019-13457-y,hexagon,6,120.0,6HB,74,33,125.62,5.6200000000000045
Figure 3b,"Jun et al. Nat Commun 2019 (METIS, Bathe lab)",10.1038/s41467-019-13457-y,hexagon,6,120.0,DX,74,34,119.97,0.030000000000001137
Figure 3b,"Jun et al. Nat Commun 2019 (METIS, Bathe lab)",10.1038/s41467-019-13457-y,hexagon,6,120.0,6HB,74,34,115.36,4.640000000000001
Figure 3b,"Jun et al. Nat Commun 2019 (METIS, Bathe lab)",10.1038/s41467-019-13457-y,hexagon,6,120.0,DX,74,35,122.09,2.0900000000000034
Figure 3b,"Jun et al. Nat Commun 2019 (METIS, Bathe lab)",10.1038/s41467-019-13457-y,hexagon,6,120.0,6HB,74,35,119.86,0.14000000000000057
Figure 3b,"Jun et al. Nat Commun 2019 (METIS, Bathe lab)",10.1038/s41467-019-13457-y,hexagon,6,120.0,DX,74,36,117.22,2.780000000000001
Figure 3b,"Jun et al. Nat Commun 2019 (METIS, Bathe lab)",10.1038/s41467-019-13457-y,hexagon,6,120.0,6HB,74,36,107.01,12.989999999999995
Figure 3b,"Jun et al. Nat Commun 2019 (METIS, Bathe lab)",10.1038/s41467-019-13457-y,hexagon,6,120.0,DX,74,37,124.24,4.239999999999995
Figure 3b,"Jun et al. Nat Commun 2019 (METIS, Bathe lab)",10.1038/s41467-019-13457-y,hexagon,6,120.0,6HB,74,37,116.81,3.1899999999999977
Figure 3b,"Jun et al. Nat Commun 2019 (METIS, Bathe lab)",10.1038/s41467-019-13457-y,hexagon,6,120.0,DX,74,38,130.52,10.52000000000001
Figure 3b,"Jun et al. Nat Commun 2019 (METIS, Bathe lab)",10.1038/s41467-019-13457-y,hexagon,6,120.0,6HB,74,38,114.9,5.099999999999994
Figure 3b,"Jun et al. Nat Commun 2019 (METIS, Bathe lab)",10.1038/s41467-019-13457-y,hexagon,6,120.0,DX,74,39,136.38,16.379999999999995
Figure 3b,"Jun et al. Nat Commun 2019 (METIS, Bathe lab)",10.1038/s41467-019-13457-y,hexagon,6,120.0,6HB,74,39,122.75,2.75
Figure 3b,"Jun et al. Nat Commun 2019 (METIS, Bathe lab)",10.1038/s41467-019-13457-y,hexagon,6,120.0,DX,74,40,110.6,9.400000000000006
Figure 3b,"Jun et al. Nat Commun 2019 (METIS, Bathe lab)",10.1038/s41467-019-13457-y,hexagon,6,120.0,6HB,74,40,120.2,0.20000000000000284
Figure 3b,"Jun et al. Nat Commun 2019 (METIS, Bathe lab)",10.1038/s41467-019-13457-y,hexagon,6,120.0,DX,74,41,127.08,7.079999999999998
Figure 3b,"Jun et al. Nat Commun 2019 (METIS, Bathe lab)",10.1038/s41467-019-13457-y,hexagon,6,120.0,6HB,74,41,116.83,3.1700000000000017
Figure 3b,"Jun et al. Nat Commun 2019 (METIS, Bathe lab)",10.1038/s41467-019-13457-y,hexagon,6,120.0,DX,74,42,96.09,23.909999999999997
Figure 3b,"Jun et al. Nat Commun 2019 (METIS, Bathe lab)",10.1038/s41467-019-13457-y,hexagon,6,120.0,6HB,74,42,112.47,7.530000000000001
Figure 3b,"Jun et al. Nat Commun 2019 (METIS, Bathe lab)",10.1038/s41467-019-13457-y,hexagon,6,120.0,DX,74,43,123.77,3.769999999999996
Figure 3b,"Jun et al. Nat Commun 2019 (METIS, Bathe lab)",10.1038/s41467-019-13457-y,hexagon,6,120.0,6HB,74,43,123.62,3.6200000000000045
Figure 3b,"Jun et al. Nat Commun 2019 (METIS, Bathe lab)",10.1038/s41467-019-13457-y,hexagon,6,120.0,DX,74,44,99.56,20.439999999999998
Figure 3b,"Jun et al. Nat Commun 2019 (METIS, Bathe lab)",10.1038/s41467-019-13457-y,hexagon,6,120.0,6HB,74,44,117.62,2.3799999999999955
Figure 3b,"Jun et al. Nat Commun 2019 (METIS, Bathe lab)",10.1038/s41467-019-13457-y,hexagon,6,120.0,DX,74,45,110.72,9.280000000000001
Figure 3b,"Jun et al. Nat Commun 2019 (METIS, Bathe lab)",10.1038/s41467-019-13457-y,hexagon,6,120.0,6HB,74,45,119.76,0.23999999999999488
Figure 3b,"Jun et al. Nat Commun 2019 (METIS, Bathe lab)",10.1038/s41467-019-13457-y,hexagon,6,120.0,DX,74,46,110.38,9.620000000000005
Figure 3b,"Jun et al. Nat Commun 2019 (METIS, Bathe lab)",10.1038/s41467-019-13457-y,hexagon,6,120.0,6HB,74,46,116.66,3.3400000000000034
Figure 3b,"Jun et al. Nat Commun 2019 (METIS, Bathe lab)",10.1038/s41467-019-13457-y,hexagon,6,120.0,DX,74,47,117.99,2.010000000000005
Figure 3b,"Jun et al. Nat Commun 2019 (METIS, Bathe lab)",10.1038/s41467-019-13457-y,hexagon,6,120.0,6HB,74,47,121.24,1.2399999999999949
Figure 3b,"Jun et al. Nat Commun 2019 (METIS, Bathe lab)",10.1038/s41467-019-13457-y,hexagon,6,120.0,DX,74,48,135.24,15.240000000000009
Figure 3b,"Jun et al. Nat Commun 2019 (METIS, Bathe lab)",10.1038/s41467-019-13457-y,hexagon,6,120.0,6HB,74,48,129.86,9.860000000000014
Figure 3b,"Jun et al. Nat Commun 2019 (METIS, Bathe lab)",10.1038/s41467-019-13457-y,hexagon,6,120.0,DX,74,49,102.99,17.010000000000005
Figure 3b,"Jun et al. Nat Commun 2019 (METIS, Bathe lab)",10.1038/s41467-019-13457-y,hexagon,6,120.0,6HB,74,49,118.26,1.7399999999999949
Figure 3b,"Jun et al. Nat Commun 2019 (METIS, Bathe lab)",10.1038/s41467-019-13457-y,hexagon,6,120.0,DX,74,50,135.19,15.189999999999998
Figure 3b,"Jun et al. Nat Commun 2019 (METIS, Bathe lab)",10.1038/s41467-019-13457-y,hexagon,6,120.0,6HB,74,50,93.82,26.180000000000007
Figure 3b,"Jun et al. Nat Commun 2019 (METIS, Bathe lab)",10.1038/s41467-019-13457-y,hexagon,6,120.0,DX,74,51,79.2,40.8
Figure 3b,"Jun et al. Nat Commun 2019 (METIS, Bathe lab)",10.1038/s41467-019-13457-y,hexagon,6,120.0,6HB,74,51,118.71,1.2900000000000063
Figure 3b,"Jun et al. Nat Commun 2019 (METIS, Bathe lab)",10.1038/s41467-019-13457-y,hexagon,6,120.0,DX,74,52,102.07,17.930000000000007
Figure 3b,"Jun et al. Nat Commun 2019 (METIS, Bathe lab)",10.1038/s41467-019-13457-y,hexagon,6,120.0,6HB,74,52,109.63,10.370000000000005
Figure 3b,"Jun et al. Nat Commun 2019 (METIS, Bathe lab)",10.1038/s41467-019-13457-y,hexagon,6,120.0,DX,74,53,120.79,0.7900000000000063
Figure 3b,"Jun et al. Nat Commun 2019 (METIS, Bathe lab)",10.1038/s41467-019-13457-y,hexagon,6,120.0,6HB,74,53,119.54,0.45999999999999375
Figure 3b,"Jun et al. Nat Commun 2019 (METIS, Bathe lab)",10.1038/s41467-019-13457-y,hexagon,6,120.0,DX,74,54,128.02,8.02000000000001
Figure 3b,"Jun et al. Nat Commun 2019 (METIS, Bathe lab)",10.1038/s41467-019-13457-y,hexagon,6,120.0,6HB,74,54,128.38,8.379999999999995
Figure 3b,"Jun et al. Nat Commun 2019 (METIS, Bathe lab)",10.1038/s41467-019-13457-y,hexagon,6,120.0,DX,74,55,107.91,12.090000000000003
Figure 3b,"Jun et al. Nat Commun 2019 (METIS, Bathe lab)",10.1038/s41467-019-13457-y,hexagon,6,120.0,6HB,74,55,119.25,0.75
Figure 3b,"Jun et al. Nat Commun 2019 (METIS, Bathe lab)",10.1038/s41467-019-13457-y,hexagon,6,120.0,DX,74,56,117.04,2.9599999999999937
Figure 3b,"Jun et al. Nat Commun 2019 (METIS, Bathe lab)",10.1038/s41467-019-13457-y,hexagon,6,120.0,6HB,74,56,119.24,0.7600000000000051
Figure 3b,"Jun et al. Nat Commun 2019 (METIS, Bathe lab)",10.1038/s41467-019-13457-y,hexagon,6,120.0,DX,74,57,126.52,6.519999999999996
Figure 3b,"Jun et al. Nat Commun 2019 (METIS, Bathe lab)",10.1038/s41467-019-13457-y,hexagon,6,120.0,6HB,74,57,124.07,4.069999999999993
Figure 3b,"Jun et al. Nat Commun 2019 (METIS, Bathe lab)",10.1038/s41467-019-13457-y,hexagon,6,120.0,DX,74,58,129.7,9.699999999999989
Figure 3b,"Jun et al. Nat Commun 2019 (METIS, Bathe lab)",10.1038/s41467-019-13457-y,hexagon,6,120.0,6HB,74,58,115.16,4.840000000000003
Figure 3b,"Jun et al. Nat Commun 2019 (METIS, Bathe lab)",10.1038/s41467-019-13457-y,hexagon,6,120.0,DX,74,59,113.44,6.560000000000002
Figure 3b,"Jun et al. Nat Commun 2019 (METIS, Bathe lab)",10.1038/s41467-019-13457-y,hexagon,6,120.0,6HB,74,59,119.15,0.8499999999999943
Figure 3b,"Jun et al. Nat Commun 2019 (METIS, Bathe lab)",10.1038/s41467-019-13457-y,hexagon,6,120.0,DX,74,60,110.73,9.269999999999996
Figure 3b,"Jun et al. Nat Commun 2019 (METIS, Bathe lab)",10.1038/s41467-019-13457-y,hexagon,6,120.0,6HB,74,60,118.24,1.7600000000000051
Figure 3b,"Jun et al. Nat Commun 2019 (METIS, Bathe lab)",10.1038/s41467-019-13457-y,hexagon,6,120.0,DX,74,61,123.02,3.019999999999996
Figure 3b,"Jun et al. Nat Commun 2019 (METIS, Bathe lab)",10.1038/s41467-019-13457-y,hexagon,6,120.0,6HB,74,61,118.77,1.230000000000004
Figure 3b,"Jun et al. Nat Commun 2019 (METIS, Bathe lab)",10.1038/s41467-019-13457-y,hexagon,6,120.0,DX,74,62,121.76,1.7600000000000051
Figure 3b,"Jun et al. Nat Commun 2019 (METIS, Bathe lab)",10.1038/s41467-019-13457-y,hexagon,6,120.0,6HB,74,62,119.04,0.9599999999999937
Figure 3b,"Jun et al. Nat Commun 2019 (METIS, Bathe lab)",10.1038/s41467-019-13457-y,hexagon,6,120.0,DX,74,63,139.83,19.830000000000013
Figure 3b,"Jun et al. Nat Commun 2019 (METIS, Bathe lab)",10.1038/s41467-019-13457-y,hexagon,6,120.0,6HB,74,63,112.0,8.0
Figure 3b,"Jun et al. Nat Commun 2019 (METIS, Bathe lab)",10.1038/s41467-019-13457-y,hexagon,6,120.0,DX,74,64,126.88,6.8799999999999955
Figure 3b,"Jun et al. Nat Commun 2019 (METIS, Bathe lab)",10.1038/s41467-019-13457-y,hexagon,6,120.0,6HB,74,64,107.59,12.409999999999997
Figure 3b,"Jun et al. Nat Commun 2019 (METIS, Bathe lab)",10.1038/s41467-019-13457-y,hexagon,6,120.0,DX,74,65,107.79,12.209999999999994
Figure 3b,"Jun et al. Nat Commun 2019 (METIS, Bathe lab)",10.1038/s41467-019-13457-y,hexagon,6,120.0,6HB,74,65,124.2,4.200000000000003
Figure 3b,"Jun et al. Nat Commun 2019 (METIS, Bathe lab)",10.1038/s41467-019-13457-y,hexagon,6,120.0,DX,74,66,117.12,2.8799999999999955
Figure 3b,"Jun et al. Nat Commun 2019 (METIS, Bathe lab)",10.1038/s41467-019-13457-y,hexagon,6,120.0,6HB,74,66,124.61,4.609999999999999
Figure 3b,"Jun et al. Nat Commun 2019 (METIS, Bathe lab)",10.1038/s41467-019-13457-y,hexagon,6,120.0,DX,74,67,123.97,3.969999999999999
Figure 3b,"Jun et al. Nat Commun 2019 (METIS, Bathe lab)",10.1038/s41467-019-13457-y,hexagon,6,120.0,6HB,74,67,128.34,8.340000000000003
Figure 3b,"Jun et al. Nat Commun 2019 (METIS, Bathe lab)",10.1038/s41467-019-13457-y,hexagon,6,120.0,DX,74,68,118.27,1.730000000000004
Figure 3b,"Jun et al. Nat Commun 2019 (METIS, Bathe lab)",10.1038/s41467-019-13457-y,hexagon,6,120.0,6HB,74,68,128.04,8.039999999999992
Figure 3b,"Jun et al. Nat Commun 2019 (METIS, Bathe lab)",10.1038/s41467-019-13457-y,hexagon,6,120.0,DX,74,69,125.72,5.719999999999999
Figure 3b,"Jun et al. Nat Commun 2019 (METIS, Bathe lab)",10.1038/s41467-019-13457-y,hexagon,6,120.0,6HB,74,69,120.74,0.7399999999999949
Figure 3b,"Jun et al. Nat Commun 2019 (METIS, Bathe lab)",10.1038/s41467-019-13457-y,hexagon,6,120.0,DX,74,70,127.55,7.549999999999997
Figure 3b,"Jun et al. Nat Commun 2019 (METIS, Bathe lab)",10.1038/s41467-019-13457-y,hexagon,6,120.0,6HB,74,70,121.65,1.6500000000000057
Figure 3b,"Jun et al. Nat Commun 2019 (METIS, Bathe lab)",10.1038/s41467-019-13457-y,hexagon,6,120.0,DX,74,71,124.15,4.150000000000006
Figure 3b,"Jun et al. Nat Commun 2019 (METIS, Bathe lab)",10.1038/s41467-019-13457-y,hexagon,6,120.0,6HB,74,71,125.23,5.230000000000004
Figure 3b,"Jun et al. Nat Commun 2019 (METIS, Bathe lab)",10.1038/s41467-019-13457-y,hexagon,6,120.0,DX,74,72,121.92,1.9200000000000017
Figure 3b,"Jun et al. Nat Commun 2019 (METIS, Bathe lab)",10.1038/s41467-019-13457-y,hexagon,6,120.0,6HB,74,72,128.69,8.689999999999998
Figure 3b,"Jun et al. Nat Commun 2019 (METIS, Bathe lab)",10.1038/s41467-019-13457-y,hexagon,6,120.0,DX,74,73,129.81,9.810000000000002
Figure 3b,"Jun et al. Nat Commun 2019 (METIS, Bathe lab)",10.1038/s41467-019-13457-y,hexagon,6,120.0,6HB,74,73,126.86,6.859999999999999
Figure 3b,"Jun et al. Nat Commun 2019 (METIS, Bathe lab)",10.1038/s41467-019-13457-y,hexagon,6,120.0,DX,74,74,107.68,12.319999999999993
Figure 3b,"Jun et al. Nat Commun 2019 (METIS, Bathe lab)",10.1038/s41467-019-13457-y,hexagon,6,120.0,6HB,74,74,119.37,0.6299999999999955
Figure 3b,"Jun et al. Nat Commun 2019 (METIS, Bathe lab)",10.1038/s41467-019-13457-y,hexagon,6,120.0,DX,74,75,88.65,31.349999999999994
Figure 3b,"Jun et al. Nat Commun 2019 (METIS, Bathe lab)",10.1038/s41467-019-13457-y,hexagon,6,120.0,6HB,74,75,129.89,9.889999999999986
Figure 3b,"Jun et al. Nat Commun 2019 (METIS, Bathe lab)",10.1038/s41467-019-13457-y,hexagon,6,120.0,DX,74,76,130.87,10.870000000000005
Figure 3b,"Jun et al. Nat Commun 2019 (METIS, Bathe lab)",10.1038/s41467-019-13457-y,hexagon,6,120.0,6HB,74,76,119.17,0.8299999999999983
Figure 3b,"Jun et al. Nat Commun 2019 (METIS, Bathe lab)",10.1038/s41467-019-13457-y,hexagon,6,120.0,DX,74,77,93.49,26.510000000000005
Figure 3b,"Jun et al. Nat Commun 2019 (METIS, Bathe lab)",10.1038/s41467-019-13457-y,hexagon,6,120.0,6HB,74,77,122.21,2.2099999999999937
Figure 3b,"Jun et al. Nat Commun 2019 (METIS, Bathe lab)",10.1038/s41467-019-13457-y,hexagon,6,120.0,DX,74,78,128.69,8.689999999999998
Figure 3b,"Jun et al. Nat Commun 2019 (METIS, Bathe lab)",10.1038/s41467-019-13457-y,hexagon,6,120.0,6HB,74,78,121.29,1.2900000000000063
Figure 3b,"Jun et al. Nat Commun 2019 (METIS, Bathe lab)",10.1038/s41467-019-13457-y,hexagon,6,120.0,DX,74,79,148.39,28.389999999999986
Figure 3b,"Jun et al. Nat Commun 2019 (METIS, Bathe lab)",10.1038/s41467-019-13457-y,hexagon,6,120.0,6HB,74,79,118.89,1.1099999999999994
Figure 3b,"Jun et al. Nat Commun 2019 (METIS, Bathe lab)",10.1038/s41467-019-13457-y,hexagon,6,120.0,DX,74,80,127.79,7.790000000000006
Figure 3b,"Jun et al. Nat Commun 2019 (METIS, Bathe lab)",10.1038/s41467-019-13457-y,hexagon,6,120.0,6HB,74,80,118.8,1.2000000000000028
Figure 3b,"Jun et al. Nat Commun 2019 (METIS, Bathe lab)",10.1038/s41467-019-13457-y,hexagon,6,120.0,DX,74,81,106.32,13.680000000000007
Figure 3b,"Jun et al. Nat Commun 2019 (METIS, Bathe lab)",10.1038/s41467-019-13457-y,hexagon,6,120.0,6HB,74,81,118.1,1.9000000000000057
Figure 3b,"Jun et al. Nat Commun 2019 (METIS, Bathe lab)",10.1038/s41467-019-13457-y,hexagon,6,120.0,DX,74,82,93.49,26.510000000000005
Figure 3b,"Jun et al. Nat Commun 2019 (METIS, Bathe lab)",10.1038/s41467-019-13457-y,hexagon,6,120.0,6HB,74,82,120.24,0.23999999999999488
Figure 3b,"Jun et al. Nat Commun 2019 (METIS, Bathe lab)",10.1038/s41467-019-13457-y,hexagon,6,120.0,DX,74,83,140.61,20.610000000000014
Figure 3b,"Jun et al. Nat Commun 2019 (METIS, Bathe lab)",10.1038/s41467-019-13457-y,hexagon,6,120.0,6HB,74,83,130.75,10.75
Figure 3b,"Jun et al. Nat Commun 2019 (METIS, Bathe lab)",10.1038/s41467-019-13457-y,hexagon,6,120.0,DX,74,84,93.33,26.67
Figure 3b,"Jun et al. Nat Commun 2019 (METIS, Bathe lab)",10.1038/s41467-019-13457-y,hexagon,6,120.0,6HB,74,84,117.89,2.1099999999999994
Figure 3b,"Jun et al. Nat Commun 2019 (METIS, Bathe lab)",10.1038/s41467-019-13457-y,hexagon,6,120.0,DX,74,85,131.46,11.460000000000008
Figure 3b,"Jun et al. Nat Commun 2019 (METIS, Bathe lab)",10.1038/s41467-019-13457-y,hexagon,6,120.0,6HB,74,85,130.57,10.569999999999993
Figure 3b,"Jun et al. Nat Commun 2019 (METIS, Bathe lab)",10.1038/s41467-019-13457-y,hexagon,6,120.0,DX,74,86,108.97,11.030000000000001
Figure 3b,"Jun et al. Nat Commun 2019 (METIS, Bathe lab)",10.1038/s41467-019-13457-y,hexagon,6,120.0,6HB,74,86,125.1,5.099999999999994
Figure 3b,"Jun et al. Nat Commun 2019 (METIS, Bathe lab)",10.1038/s41467-019-13457-y,hexagon,6,120.0,DX,74,87,111.75,8.25
Figure 3b,"Jun et al. Nat Commun 2019 (METIS, Bathe lab)",10.1038/s41467-019-13457-y,hexagon,6,120.0,6HB,74,87,127.26,7.260000000000005
Figure 3b,"Jun et al. Nat Commun 2019 (METIS, Bathe lab)",10.1038/s41467-019-13457-y,hexagon,6,120.0,DX,74,88,102.46,17.540000000000006
Figure 3b,"Jun et al. Nat Commun 2019 (METIS, Bathe lab)",10.1038/s41467-019-13457-y,hexagon,6,120.0,6HB,74,88,123.41,3.4099999999999966
Figure 3b,"Jun et al. Nat Commun 2019 (METIS, Bathe lab)",10.1038/s41467-019-13457-y,hexagon,6,120.0,DX,74,89,129.28,9.280000000000001
Figure 3b,"Jun et al. Nat Commun 2019 (METIS, Bathe lab)",10.1038/s41467-019-13457-y,hexagon,6,120.0,6HB,74,89,118.72,1.2800000000000011
Figure 3b,"Jun et al. Nat Commun 2019 (METIS, Bathe lab)",10.1038/s41467-019-13457-y,hexagon,6,120.0,DX,74,90,127.69,7.689999999999998
Figure 3b,"Jun et al. Nat Commun 2019 (METIS, Bathe lab)",10.1038/s41467-019-13457-y,hexagon,6,120.0,6HB,74,90,115.95,4.049999999999997
Figure 3b,"Jun et al. Nat Commun 2019 (METIS, Bathe lab)",10.1038/s41467-019-13457-y,hexagon,6,120.0,DX,74,91,115.21,4.790000000000006
Figure 3b,"Jun et al. Nat Commun 2019 (METIS, Bathe lab)",10.1038/s41467-019-13457-y,hexagon,6,120.0,6HB,74,91,123.15,3.1500000000000057
Figure 3b,"Jun et al. Nat Commun 2019 (METIS, Bathe lab)",10.1038/s41467-019-13457-y,hexagon,6,120.0,DX,74,92,111.9,8.099999999999994
Figure 3b,"Jun et al. Nat Commun 2019 (METIS, Bathe lab)",10.1038/s41467-019-13457-y,hexagon,6,120.0,6HB,74,92,116.71,3.2900000000000063
Figure 3b,"Jun et al. Nat Commun 2019 (METIS, Bathe lab)",10.1038/s41467-019-13457-y,hexagon,6,120.0,DX,74,93,113.13,6.8700000000000045
Figure 3b,"Jun et al. Nat Commun 2019 (METIS, Bathe lab)",10.1038/s41467-019-13457-y,hexagon,6,120.0,6HB,74,93,118.91,1.0900000000000034
Figure 3b,"Jun et al. Nat Commun 2019 (METIS, Bathe lab)",10.1038/s41467-019-13457-y,hexagon,6,120.0,DX,74,94,133.07,13.069999999999993
Figure 3b,"Jun et al. Nat Commun 2019 (METIS, Bathe lab)",10.1038/s41467-019-13457-y,hexagon,6,120.0,6HB,74,94,118.58,1.4200000000000017
Figure 3b,"Jun et al. Nat Commun 2019 (METIS, Bathe lab)",10.1038/s41467-019-13457-y,hexagon,6,120.0,DX,74,95,133.66,13.659999999999997
Figure 3b,"Jun et al. Nat Commun 2019 (METIS, Bathe lab)",10.1038/s41467-019-13457-y,hexagon,6,120.0,6HB,74,95,121.54,1.5400000000000063
Figure 3b,"Jun et al. Nat Commun 2019 (METIS, Bathe lab)",10.1038/s41467-019-13457-y,hexagon,6,120.0,DX,74,96,127.51,7.510000000000005
Figure 3b,"Jun et al. Nat Commun 2019 (METIS, Bathe lab)",10.1038/s41467-019-13457-y,hexagon,6,120.0,6HB,74,96,121.17,1.1700000000000017
Figure 3b,"Jun et al. Nat Commun 2019 (METIS, Bathe lab)",10.1038/s41467-019-13457-y,hexagon,6,120.0,DX,74,97,132.9,12.900000000000006
Figure 3b,"Jun et al. Nat Commun 2019 (METIS, Bathe lab)",10.1038/s41467-019-13457-y,hexagon,6,120.0,6HB,74,97,116.03,3.969999999999999
Figure 3b,"Jun et al. Nat Commun 2019 (METIS, Bathe lab)",10.1038/s41467-019-13457-y,hexagon,6,120.0,DX,74,98,135.0,15.0
Figure 3b,"Jun et al. Nat Commun 2019 (METIS, Bathe lab)",10.1038/s41467-019-13457-y,hexagon,6,120.0,6HB,74,98,124.71,4.709999999999994
Figure 3b,"Jun et al. Nat Commun 2019 (METIS, Bathe lab)",10.1038/s41467-019-13457-y,hexagon,6,120.0,DX,74,99,142.86,22.860000000000014
Figure 3b,"Jun et al. Nat Commun 2019 (METIS, Bathe lab)",10.1038/s41467-019-13457-y,hexagon,6,120.0,6HB,74,99,112.98,7.019999999999996
Figure 3b,"Jun et al. Nat Commun 2019 (METIS, Bathe lab)",10.1038/s41467-019-13457-y,hexagon,6,120.0,DX,74,100,122.5,2.5
Figure 3b,"Jun et al. Nat Commun 2019 (METIS, Bathe lab)",10.1038/s41467-019-13457-y,hexagon,6,120.0,6HB,74,100,120.18,0.18000000000000682
Figure 3b,"Jun et al. Nat Commun 2019 (METIS, Bathe lab)",10.1038/s41467-019-13457-y,hexagon,6,120.0,DX,74,101,114.46,5.540000000000006
Figure 3b,"Jun et al. Nat Commun 2019 (METIS, Bathe lab)",10.1038/s41467-019-13457-y,hexagon,6,120.0,6HB,74,101,116.26,3.739999999999995
Figure 3b,"Jun et al. Nat Commun 2019 (METIS, Bathe lab)",10.1038/s41467-019-13457-y,hexagon,6,120.0,DX,74,102,133.01,13.009999999999991
Figure 3b,"Jun et al. Nat Commun 2019 (METIS, Bathe lab)",10.1038/s41467-019-13457-y,hexagon,6,120.0,6HB,74,102,123.48,3.480000000000004
Figure 3b,"Jun et al. Nat Commun 2019 (METIS, Bathe lab)",10.1038/s41467-019-13457-y,hexagon,6,120.0,DX,74,103,135.85,15.849999999999994
Figure 3b,"Jun et al. Nat Commun 2019 (METIS, Bathe lab)",10.1038/s41467-019-13457-y,hexagon,6,120.0,6HB,74,103,125.25,5.25
Figure 3b,"Jun et al. Nat Commun 2019 (METIS, Bathe lab)",10.1038/s41467-019-13457-y,hexagon,6,120.0,DX,74,104,85.91,34.09
Figure 3b,"Jun et al. Nat Commun 2019 (METIS, Bathe lab)",10.1038/s41467-019-13457-y,hexagon,6,120.0,6HB,74,104,122.51,2.510000000000005
Figure 3b,"Jun et al. Nat Commun 2019 (METIS, Bathe lab)",10.1038/s41467-019-13457-y,hexagon,6,120.0,DX,74,105,134.28,14.280000000000001
Figure 3b,"Jun et al. Nat Commun 2019 (METIS, Bathe lab)",10.1038/s41467-019-13457-y,hexagon,6,120.0,6HB,74,105,121.63,1.6299999999999955
Figure 3b,"Jun et al. Nat Commun 2019 (METIS, Bathe lab)",10.1038/s41467-019-13457-y,hexagon,6,120.0,DX,74,106,125.08,5.079999999999998
Figure 3b,"Jun et al. Nat Commun 2019 (METIS, Bathe lab)",10.1038/s41467-019-13457-y,hexagon,6,120.0,6HB,74,106,118.97,1.0300000000000011
Figure 3b,"Jun et al. Nat Commun 2019 (METIS, Bathe lab)",10.1038/s41467-019-13457-y,hexagon,6,120.0,DX,74,107,96.61,23.39
Figure 3b,"Jun et al. Nat Commun 2019 (METIS, Bathe lab)",10.1038/s41467-019-13457-y,hexagon,6,120.0,6HB,74,107,133.64,13.639999999999986
Figure 3b,"Jun et al. Nat Commun 2019 (METIS, Bathe lab)",10.1038/s41467-019-13457-y,hexagon,6,120.0,DX,74,108,152.77,32.77000000000001
Figure 3b,"Jun et al. Nat Commun 2019 (METIS, Bathe lab)",10.1038/s41467-019-13457-y,hexagon,6,120.0,6HB,74,108,122.82,2.819999999999993
Figure 3b,"Jun et al. Nat Commun 2019 (METIS, Bathe lab)",10.1038/s41467-019-13457-y,hexagon,6,120.0,DX,74,109,149.05,29.05000000000001
Figure 3b,"Jun et al. Nat Commun 2019 (METIS, Bathe lab)",10.1038/s41467-019-13457-y,hexagon,6,120.0,6HB,74,109,121.2,1.2000000000000028
Figure 3b,"Jun et al. Nat Commun 2019 (METIS, Bathe lab)",10.1038/s41467-019-13457-y,hexagon,6,120.0,DX,74,110,71.28,48.72
Figure 3b,"Jun et al. Nat Commun 2019 (METIS, Bathe lab)",10.1038/s41467-019-13457-y,hexagon,6,120.0,6HB,74,110,118.7,1.2999999999999972
Figure 3b,"Jun et al. Nat Commun 2019 (METIS, Bathe lab)",10.1038/s41467-019-13457-y,hexagon,6,120.0,DX,74,111,125.9,5.900000000000006
Figure 3b,"Jun et al. Nat Commun 2019 (METIS, Bathe lab)",10.1038/s41467-019-13457-y,hexagon,6,120.0,6HB,74,111,123.78,3.780000000000001
Figure 3b,"Jun et al. Nat Commun 2019 (METIS, Bathe lab)",10.1038/s41467-019-13457-y,hexagon,6,120.0,DX,74,112,131.54,11.539999999999992
Figure 3b,"Jun et al. Nat Commun 2019 (METIS, Bathe lab)",10.1038/s41467-019-13457-y,hexagon,6,120.0,6HB,74,112,134.11,14.110000000000014
Figure 3b,"Jun et al. Nat Commun 2019 (METIS, Bathe lab)",10.1038/s41467-019-13457-y,hexagon,6,120.0,DX,74,113,127.25,7.25
Figure 3b,"Jun et al. Nat Commun 2019 (METIS, Bathe lab)",10.1038/s41467-019-13457-y,hexagon,6,120.0,6HB,74,113,110.99,9.010000000000005
Figure 3b,"Jun et al. Nat Commun 2019 (METIS, Bathe lab)",10.1038/s41467-019-13457-y,hexagon,6,120.0,DX,74,114,86.74,33.260000000000005
Figure 3b,"Jun et al. Nat Commun 2019 (METIS, Bathe lab)",10.1038/s41467-019-13457-y,hexagon,6,120.0,6HB,74,114,123.49,3.489999999999995
Figure 3b,"Jun et al. Nat Commun 2019 (METIS, Bathe lab)",10.1038/s41467-019-13457-y,hexagon,6,120.0,DX,74,115,146.99,26.99000000000001
Figure 3b,"Jun et al. Nat Commun 2019 (METIS, Bathe lab)",10.1038/s41467-019-13457-y,hexagon,6,120.0,6HB,74,115,122.91,2.9099999999999966
Figure 3b,"Jun et al. Nat Commun 2019 (METIS, Bathe lab)",10.1038/s41467-019-13457-y,hexagon,6,120.0,DX,74,116,116.83,3.1700000000000017
Figure 3b,"Jun et al. Nat Commun 2019 (METIS, Bathe lab)",10.1038/s41467-019-13457-y,hexagon,6,120.0,6HB,74,116,131.3,11.300000000000011
Figure 3b,"Jun et al. Nat Commun 2019 (METIS, Bathe lab)",10.1038/s41467-019-13457-y,hexagon,6,120.0,DX,74,117,112.5,7.5
Figure 3b,"Jun et al. Nat Commun 2019 (METIS, Bathe lab)",10.1038/s41467-019-13457-y,hexagon,6,120.0,6HB,74,117,116.6,3.4000000000000057
Figure 3b,"Jun et al. Nat Commun 2019 (METIS, Bathe lab)",10.1038/s41467-019-13457-y,hexagon,6,120.0,DX,74,118,104.44,15.560000000000002
Figure 3b,"Jun et al. Nat Commun 2019 (METIS, Bathe lab)",10.1038/s41467-019-13457-y,hexagon,6,120.0,6HB,74,118,129.46,9.460000000000008
Figure 3b,"Jun et al. Nat Commun 2019 (METIS, Bathe lab)",10.1038/s41467-019-13457-y,hexagon,6,120.0,DX,74,119,115.2,4.799999999999997
Figure 3b,"Jun et al. Nat Commun 2019 (METIS, Bathe lab)",10.1038/s41467-019-13457-y,hexagon,6,120.0,6HB,74,119,110.7,9.299999999999997
Figure 3b,"Jun et al. Nat Commun 2019 (METIS, Bathe lab)",10.1038/s41467-019-13457-y,hexagon,6,120.0,DX,74,120,132.05,12.050000000000011
Figure 3b,"Jun et al. Nat Commun 2019 (METIS, Bathe lab)",10.1038/s41467-019-13457-y,hexagon,6,120.0,6HB,74,120,124.24,4.239999999999995
Figure 3b,"Jun et al. Nat Commun 2019 (METIS, Bathe lab)",10.1038/s41467-019-13457-y,hexagon,6,120.0,DX,74,121,124.65,4.650000000000006
Figure 3b,"Jun et al. Nat Commun 2019 (METIS, Bathe lab)",10.1038/s41467-019-13457-y,hexagon,6,120.0,6HB,74,121,120.3,0.29999999999999716
Figure 3b,"Jun et al. Nat Commun 2019 (METIS, Bathe lab)",10.1038/s41467-019-13457-y,hexagon,6,120.0,DX,74,122,130.15,10.150000000000006
Figure 3b,"Jun et al. Nat Commun 2019 (METIS, Bathe lab)",10.1038/s41467-019-13457-y,hexagon,6,120.0,6HB,74,122,118.73,1.269999999999996
Figure 3b,"Jun et al. Nat Commun 2019 (METIS, Bathe lab)",10.1038/s41467-019-13457-y,hexagon,6,120.0,DX,74,123,121.05,1.0499999999999972
Figure 3b,"Jun et al. Nat Commun 2019 (METIS, Bathe lab)",10.1038/s41467-019-13457-y,hexagon,6,120.0,6HB,74,123,122.02,2.019999999999996
Figure 3b,"Jun et al. Nat Commun 2019 (METIS, Bathe lab)",10.1038/s41467-019-13457-y,hexagon,6,120.0,DX,74,124,124.0,4.0
Figure 3b,"Jun et al. Nat Commun 2019 (METIS, Bathe lab)",10.1038/s41467-019-13457-y,hexagon,6,120.0,6HB,74,124,127.66,7.659999999999997
Figure 3b,"Jun et al. Nat Commun 2019 (METIS, Bathe lab)",10.1038/s41467-019-13457-y,hexagon,6,120.0,DX,74,125,118.99,1.0100000000000051
Figure 3b,"Jun et al. Nat Commun 2019 (METIS, Bathe lab)",10.1038/s41467-019-13457-y,hexagon,6,120.0,6HB,74,125,118.32,1.6800000000000068
Figure 3b,"Jun et al. Nat Commun 2019 (METIS, Bathe lab)",10.1038/s41467-019-13457-y,hexagon,6,120.0,DX,74,126,103.91,16.090000000000003
Figure 3b,"Jun et al. Nat Commun 2019 (METIS, Bathe lab)",10.1038/s41467-019-13457-y,hexagon,6,120.0,6HB,74,126,124.6,4.599999999999994
Figure 3b,"Jun et al. Nat Commun 2019 (METIS, Bathe lab)",10.1038/s41467-019-13457-y,hexagon,6,120.0,DX,74,127,104.07,15.930000000000007
Figure 3b,"Jun et al. Nat Commun 2019 (METIS, Bathe lab)",10.1038/s41467-019-13457-y,hexagon,6,120.0,6HB,74,127,119.59,0.4099999999999966
Figure 3b,"Jun et al. Nat Commun 2019 (METIS, Bathe lab)",10.1038/s41467-019-13457-y,hexagon,6,120.0,DX,74,128,83.49,36.510000000000005
Figure 3b,"Jun et al. Nat Commun 2019 (METIS, Bathe lab)",10.1038/s41467-019-13457-y,hexagon,6,120.0,6HB,74,128,130.53,10.530000000000001
Figure 3b,"Jun et al. Nat Commun 2019 (METIS, Bathe lab)",10.1038/s41467-019-13457-y,hexagon,6,120.0,DX,74,129,142.77,22.77000000000001
Figure 3b,"Jun et al. Nat Commun 2019 (METIS, Bathe lab)",10.1038/s41467-019-13457-y,hexagon,6,120.0,6HB,74,129,124.2,4.200000000000003
Figure 3b,"Jun et al. Nat Commun 2019 (METIS, Bathe lab)",10.1038/s41467-019-13457-y,hexagon,6,120.0,DX,74,130,114.92,5.079999999999998
Figure 3b,"Jun et al. Nat Commun 2019 (METIS, Bathe lab)",10.1038/s41467-019-13457-y,hexagon,6,120.0,6HB,74,130,116.02,3.980000000000004
Figure 3b,"Jun et al. Nat Commun 2019 (METIS, Bathe lab)",10.1038/s41467-019-13457-y,hexagon,6,120.0,DX,74,131,145.1,25.099999999999994
Figure 3b,"Jun et al. Nat Commun 2019 (METIS, Bathe lab)",10.1038/s41467-019-13457-y,hexagon,6,120.0,6HB,74,131,123.99,3.989999999999995
Figure 3b,"Jun et al. Nat Commun 2019 (METIS, Bathe lab)",10.1038/s41467-019-13457-y,hexagon,6,120.0,DX,74,132,149.37,29.370000000000005
Figure 3b,"Jun et al. Nat Commun 2019 (METIS, Bathe lab)",10.1038/s41467-019-13457-y,hexagon,6,120.0,6HB,74,132,120.43,0.4300000000000068
Figure 3b,"Jun et al. Nat Commun 2019 (METIS, Bathe lab)",10.1038/s41467-019-13457-y,hexagon,6,120.0,DX,74,133,80.22,39.78
Figure 3b,"Jun et al. Nat Commun 2019 (METIS, Bathe lab)",10.1038/s41467-019-13457-y,hexagon,6,120.0,6HB,74,133,107.18,12.819999999999993
Figure 3b,"Jun et al. Nat Commun 2019 (METIS, Bathe lab)",10.1038/s41467-019-13457-y,hexagon,6,120.0,DX,74,134,109.46,10.540000000000006
Figure 3b,"Jun et al. Nat Commun 2019 (METIS, Bathe lab)",10.1038/s41467-019-13457-y,hexagon,6,120.0,6HB,74,134,124.29,4.290000000000006
Figure 3b,"Jun et al. Nat Commun 2019 (METIS, Bathe lab)",10.1038/s41467-019-13457-y,hexagon,6,120.0,DX,74,135,131.15,11.150000000000006
Figure 3b,"Jun et al. Nat Commun 2019 (METIS, Bathe lab)",10.1038/s41467-019-13457-y,hexagon,6,120.0,6HB,74,135,127.65,7.650000000000006
Figure 3b,"Jun et al. Nat Commun 2019 (METIS, Bathe lab)",10.1038/s41467-019-13457-y,hexagon,6,120.0,DX,74,136,112.25,7.75
Figure 3b,"Jun et al. Nat Commun 2019 (METIS, Bathe lab)",10.1038/s41467-019-13457-y,hexagon,6,120.0,6HB,74,136,115.99,4.010000000000005
Figure 3b,"Jun et al. Nat Commun 2019 (METIS, Bathe lab)",10.1038/s41467-019-13457-y,hexagon,6,120.0,DX,74,137,122.18,2.180000000000007
Figure 3b,"Jun et al. Nat Commun 2019 (METIS, Bathe lab)",10.1038/s41467-019-13457-y,hexagon,6,120.0,6HB,74,137,122.5,2.5
Figure 3b,"Jun et al. Nat Commun 2019 (METIS, Bathe lab)",10.1038/s41467-019-13457-y,hexagon,6,120.0,DX,74,138,132.94,12.939999999999998
Figure 3b,"Jun et al. Nat Commun 2019 (METIS, Bathe lab)",10.1038/s41467-019-13457-y,hexagon,6,120.0,6HB,74,138,103.25,16.75
Figure 3b,"Jun et al. Nat Commun 2019 (METIS, Bathe lab)",10.1038/s41467-019-13457-y,hexagon,6,120.0,DX,74,139,120.24,0.23999999999999488
Figure 3b,"Jun et al. Nat Commun 2019 (METIS, Bathe lab)",10.1038/s41467-019-13457-y,hexagon,6,120.0,6HB,74,139,122.2,2.200000000000003
Figure 3b,"Jun et al. Nat Commun 2019 (METIS, Bathe lab)",10.1038/s41467-019-13457-y,hexagon,6,120.0,DX,74,140,127.43,7.430000000000007
Figure 3b,"Jun et al. Nat Commun 2019 (METIS, Bathe lab)",10.1038/s41467-019-13457-y,hexagon,6,120.0,6HB,74,140,112.8,7.200000000000003
Figure 3b,"Jun et al. Nat Commun 2019 (METIS, Bathe lab)",10.1038/s41467-019-13457-y,hexagon,6,120.0,DX,74,141,136.25,16.25
Figure 3b,"Jun et al. Nat Commun 2019 (METIS, Bathe lab)",10.1038/s41467-019-13457-y,hexagon,6,120.0,6HB,74,141,119.04,0.9599999999999937
Figure 3b,"Jun et al. Nat Commun 2019 (METIS, Bathe lab)",10.1038/s41467-019-13457-y,hexagon,6,120.0,DX,74,142,129.13,9.129999999999995
Figure 3b,"Jun et al. Nat Commun 2019 (METIS, Bathe lab)",10.1038/s41467-019-13457-y,hexagon,6,120.0,6HB,74,142,119.78,0.21999999999999886
Figure 3b,"Jun et al. Nat Commun 2019 (METIS, Bathe lab)",10.1038/s41467-019-13457-y,hexagon,6,120.0,DX,74,143,128.66,8.659999999999997
Figure 3b,"Jun et al. Nat Commun 2019 (METIS, Bathe lab)",10.1038/s41467-019-13457-y,hexagon,6,120.0,6HB,74,143,113.47,6.530000000000001
Figure 3b,"Jun et al. Nat Commun 2019 (METIS, Bathe lab)",10.1038/s41467-019-13457-y,hexagon,6,120.0,DX,74,144,124.28,4.280000000000001
Figure 3b,"Jun et al. Nat Commun 2019 (METIS, Bathe lab)",10.1038/s41467-019-13457-y,hexagon,6,120.0,6HB,74,144,118.57,1.4300000000000068
Figure 3b,"Jun et al. Nat Commun 2019 (METIS, Bathe lab)",10.1038/s41467-019-13457-y,hexagon,6,120.0,DX,74,145,111.05,8.950000000000003
Figure 3b,"Jun et al. Nat Commun 2019 (METIS, Bathe lab)",10.1038/s41467-019-13457-y,hexagon,6,120.0,6HB,74,145,121.92,1.9200000000000017
Figure 3b,"Jun et al. Nat Commun 2019 (METIS, Bathe lab)",10.1038/s41467-019-13457-y,hexagon,6,120.0,DX,74,146,121.8,1.7999999999999972
Figure 3b,"Jun et al. Nat Commun 2019 (METIS, Bathe lab)",10.1038/s41467-019-13457-y,hexagon,6,120.0,6HB,74,146,118.51,1.4899999999999949
Figure 3b,"Jun et al. Nat Commun 2019 (METIS, Bathe lab)",10.1038/s41467-019-13457-y,hexagon,6,120.0,DX,74,147,129.09,9.090000000000003
Figure 3b,"Jun et al. Nat Commun 2019 (METIS, Bathe lab)",10.1038/s41467-019-13457-y,hexagon,6,120.0,6HB,74,147,125.9,5.900000000000006
Figure 3b,"Jun et al. Nat Commun 2019 (METIS, Bathe lab)",10.1038/s41467-019-13457-y,hexagon,6,120.0,DX,74,148,142.2,22.19999999999999
Figure 3b,"Jun et al. Nat Commun 2019 (METIS, Bathe lab)",10.1038/s41467-019-13457-y,hexagon,6,120.0,6HB,74,148,128.82,8.819999999999993
Figure 3b,"Jun et al. Nat Commun 2019 (METIS, Bathe lab)",10.1038/s41467-019-13457-y,hexagon,6,120.0,DX,74,149,119.08,0.9200000000000017
Figure 3b,"Jun et al. Nat Commun 2019 (METIS, Bathe lab)",10.1038/s41467-019-13457-y,hexagon,6,120.0,6HB,74,149,124.43,4.430000000000007
Figure 3b,"Jun et al. Nat Commun 2019 (METIS, Bathe lab)",10.1038/s41467-019-13457-y,hexagon,6,120.0,DX,74,150,114.58,5.420000000000002
Figure 3b,"Jun et al. Nat Commun 2019 (METIS, Bathe lab)",10.1038/s41467-019-13457-y,hexagon,6,120.0,6HB,74,150,112.2,7.799999999999997
Figure 3b,"Jun et al. Nat Commun 2019 (METIS, Bathe lab)",10.1038/s41467-019-13457-y,hexagon,6,120.0,DX,74,151,119.39,0.6099999999999994
Figure 3b,"Jun et al. Nat Commun 2019 (METIS, Bathe lab)",10.1038/s41467-019-13457-y,hexagon,6,120.0,6HB,74,151,118.56,1.4399999999999977
Figure 3b,"Jun et al. Nat Commun 2019 (METIS, Bathe lab)",10.1038/s41467-019-13457-y,hexagon,6,120.0,DX,74,152,136.41,16.409999999999997
Figure 3b,"Jun et al. Nat Commun 2019 (METIS, Bathe lab)",10.1038/s41467-019-13457-y,hexagon,6,120.0,6HB,74,152,119.92,0.0799999999999983
Figure 3b,"Jun et al. Nat Commun 2019 (METIS, Bathe lab)",10.1038/s41467-019-13457-y,hexagon,6,120.0,DX,74,153,104.07,15.930000000000007
Figure 3b,"Jun et al. Nat Commun 2019 (METIS, Bathe lab)",10.1038/s41467-019-13457-y,hexagon,6,120.0,6HB,74,153,120.32,0.3199999999999932
Figure 3b,"Jun et al. Nat Commun 2019 (METIS, Bathe lab)",10.1038/s41467-019-13457-y,hexagon,6,120.0,DX,74,154,106.93,13.069999999999993
Figure 3b,"Jun et al. Nat Commun 2019 (METIS, Bathe lab)",10.1038/s41467-019-13457-y,hexagon,6,120.0,6HB,74,154,125.17,5.170000000000002
Figure 3b,"Jun et al. Nat Commun 2019 (METIS, Bathe lab)",10.1038/s41467-019-13457-y,hexagon,6,120.0,DX,74,155,120.96,0.9599999999999937
Figure 3b,"Jun et al. Nat Commun 2019 (METIS, Bathe lab)",10.1038/s41467-019-13457-y,hexagon,6,120.0,6HB,74,155,120.04,0.04000000000000625
Figure 3b,"Jun et al. Nat Commun 2019 (METIS, Bathe lab)",10.1038/s41467-019-13457-y,hexagon,6,120.0,DX,74,156,127.69,7.689999999999998
Figure 3b,"Jun et al. Nat Commun 2019 (METIS, Bathe lab)",10.1038/s41467-019-13457-y,hexagon,6,120.0,6HB,74,156,113.68,6.319999999999993
Figure 3b,"Jun et al. Nat Commun 2019 (METIS, Bathe lab)",10.1038/s41467-019-13457-y,hexagon,6,120.0,DX,74,157,124.72,4.719999999999999
Figure 3b,"Jun et al. Nat Commun 2019 (METIS, Bathe lab)",10.1038/s41467-019-13457-y,hexagon,6,120.0,6HB,74,157,128.87,8.870000000000005
Figure 3b,"Jun et al. Nat Commun 2019 (METIS, Bathe lab)",10.1038/s41467-019-13457-y,hexagon,6,120.0,DX,74,158,136.58,16.580000000000013
Figure 3b,"Jun et al. Nat Commun 2019 (METIS, Bathe lab)",10.1038/s41467-019-13457-y,hexagon,6,120.0,6HB,74,158,122.78,2.780000000000001
Figure 3b,"Jun et al. Nat Commun 2019 (METIS, Bathe lab)",10.1038/s41467-019-13457-y,hexagon,6,120.0,DX,74,159,130.65,10.650000000000006
Figure 3b,"Jun et al. Nat Commun 2019 (METIS, Bathe lab)",10.1038/s41467-019-13457-y,hexagon,6,120.0,6HB,74,159,133.19,13.189999999999998
Figure 3b,"Jun et al. Nat Commun 2019 (METIS, Bathe lab)",10.1038/s41467-019-13457-y,hexagon,6,120.0,DX,74,160,138.82,18.819999999999993
Figure 3b,"Jun et al. Nat Commun 2019 (METIS, Bathe lab)",10.1038/s41467-019-13457-y,hexagon,6,120.0,6HB,74,160,115.56,4.439999999999998
Figure 3b,"Jun et al. Nat Commun 2019 (METIS, Bathe lab)",10.1038/s41467-019-13457-y,hexagon,6,120.0,DX,74,161,83.18,36.81999999999999
Figure 3b,"Jun et al. Nat Commun 2019 (METIS, Bathe lab)",10.1038/s41467-019-13457-y,hexagon,6,120.0,6HB,74,161,118.81,1.1899999999999977
Figure 3b,"Jun et al. Nat Commun 2019 (METIS, Bathe lab)",10.1038/s41467-019-13457-y,hexagon,6,120.0,DX,74,162,142.62,22.620000000000005
Figure 3b,"Jun et al. Nat Commun 2019 (METIS, Bathe lab)",10.1038/s41467-019-13457-y,hexagon,6,120.0,6HB,74,162,125.55,5.549999999999997
Figure 3b,"Jun et al. Nat Commun 2019 (METIS, Bathe lab)",10.1038/s41467-019-13457-y,hexagon,6,120.0,DX,74,163,80.02,39.980000000000004
Figure 3b,"Jun et al. Nat Commun 2019 (METIS, Bathe lab)",10.1038/s41467-019-13457-y,hexagon,6,120.0,6HB,74,163,122.55,2.549999999999997
Figure 3b,"Jun et al. Nat Commun 2019 (METIS, Bathe lab)",10.1038/s41467-019-13457-y,hexagon,6,120.0,DX,74,164,138.43,18.430000000000007
Figure 3b,"Jun et al. Nat Commun 2019 (METIS, Bathe lab)",10.1038/s41467-019-13457-y,hexagon,6,120.0,6HB,74,164,120.95,0.9500000000000028
Figure 3b,"Jun et al. Nat Commun 2019 (METIS, Bathe lab)",10.1038/s41467-019-13457-y,hexagon,6,120.0,DX,74,165,134.21,14.210000000000008
Figure 3b,"Jun et al. Nat Commun 2019 (METIS, Bathe lab)",10.1038/s41467-019-13457-y,hexagon,6,120.0,6HB,74,165,119.46,0.5400000000000063
Figure 3b,"Jun et al. Nat Commun 2019 (METIS, Bathe lab)",10.1038/s41467-019-13457-y,hexagon,6,120.0,DX,74,166,128.37,8.370000000000005
Figure 3b,"Jun et al. Nat Commun 2019 (METIS, Bathe lab)",10.1038/s41467-019-13457-y,hexagon,6,120.0,6HB,74,166,112.31,7.689999999999998
Figure 3b,"Jun et al. Nat Commun 2019 (METIS, Bathe lab)",10.1038/s41467-019-13457-y,hexagon,6,120.0,DX,74,167,118.42,1.5799999999999983
Figure 3b,"Jun et al. Nat Commun 2019 (METIS, Bathe lab)",10.1038/s41467-019-13457-y,hexagon,6,120.0,6HB,74,167,121.85,1.8499999999999943
Figure 3b,"Jun et al. Nat Commun 2019 (METIS, Bathe lab)",10.1038/s41467-019-13457-y,hexagon,6,120.0,DX,74,168,108.13,11.870000000000005
Figure 3b,"Jun et al. Nat Commun 2019 (METIS, Bathe lab)",10.1038/s41467-019-13457-y,hexagon,6,120.0,6HB,74,168,132.0,12.0
Figure 3b,"Jun et al. Nat Commun 2019 (METIS, Bathe lab)",10.1038/s41467-019-13457-y,hexagon,6,120.0,DX,74,169,85.38,34.620000000000005
Figure 3b,"Jun et al. Nat Commun 2019 (METIS, Bathe lab)",10.1038/s41467-019-13457-y,hexagon,6,120.0,6HB,74,169,124.14,4.140000000000001
Figure 3b,"Jun et al. Nat Commun 2019 (METIS, Bathe lab)",10.1038/s41467-019-13457-y,hexagon,6,120.0,DX,74,170,111.63,8.370000000000005
Figure 3b,"Jun et al. Nat Commun 2019 (METIS, Bathe lab)",10.1038/s41467-019-13457-y,hexagon,6,120.0,6HB,74,170,126.17,6.170000000000002
Figure 3b,"Jun et al. Nat Commun 2019 (METIS, Bathe lab)",10.1038/s41467-019-13457-y,hexagon,6,120.0,DX,74,171,128.91,8.909999999999997
Figure 3b,"Jun et al. Nat Commun 2019 (METIS, Bathe lab)",10.1038/s41467-019-13457-y,hexagon,6,120.0,6HB,74,171,129.27,9.27000000000001
Figure 3b,"Jun et al. Nat Commun 2019 (METIS, Bathe lab)",10.1038/s41467-019-13457-y,hexagon,6,120.0,DX,74,172,96.79,23.209999999999994
Figure 3b,"Jun et al. Nat Commun 2019 (METIS, Bathe lab)",10.1038/s41467-019-13457-y,hexagon,6,120.0,6HB,74,172,125.53,5.530000000000001
Figure 3b,"Jun et al. Nat Commun 2019 (METIS, Bathe lab)",10.1038/s41467-019-13457-y,hexagon,6,120.0,DX,74,173,117.68,2.319999999999993
Figure 3b,"Jun et al. Nat Commun 2019 (METIS, Bathe lab)",10.1038/s41467-019-13457-y,hexagon,6,120.0,6HB,74,173,119.09,0.9099999999999966
Figure 3b,"Jun et al. Nat Commun 2019 (METIS, Bathe lab)",10.1038/s41467-019-13457-y,hexagon,6,120.0,DX,74,174,124.78,4.780000000000001
Figure 3b,"Jun et al. Nat Commun 2019 (METIS, Bathe lab)",10.1038/s41467-019-13457-y,hexagon,6,120.0,6HB,74,174,110.26,9.739999999999995
Figure 3b,"Jun et al. Nat Commun 2019 (METIS, Bathe lab)",10.1038/s41467-019-13457-y,hexagon,6,120.0,DX,74,175,131.95,11.949999999999989
Figure 3b,"Jun et al. Nat Commun 2019 (METIS, Bathe lab)",10.1038/s41467-019-13457-y,hexagon,6,120.0,6HB,74,175,121.85,1.8499999999999943
Figure 3b,"Jun et al. Nat Commun 2019 (METIS, Bathe lab)",10.1038/s41467-019-13457-y,hexagon,6,120.0,DX,74,176,120.96,0.9599999999999937
Figure 3b,"Jun et al. Nat Commun 2019 (METIS, Bathe lab)",10.1038/s41467-019-13457-y,hexagon,6,120.0,6HB,74,176,124.88,4.8799999999999955
Figure 3b,"Jun et al. Nat Commun 2019 (METIS, Bathe lab)",10.1038/s41467-019-13457-y,hexagon,6,120.0,DX,74,177,135.07,15.069999999999993
Figure 3b,"Jun et al. Nat Commun 2019 (METIS, Bathe lab)",10.1038/s41467-019-13457-y,hexagon,6,120.0,6HB,74,177,117.34,2.6599999999999966
Figure 3b,"Jun et al. Nat Commun 2019 (METIS, Bathe lab)",10.1038/s41467-019-13457-y,hexagon,6,120.0,DX,74,178,116.07,3.930000000000007
Figure 3b,"Jun et al. Nat Commun 2019 (METIS, Bathe lab)",10.1038/s41467-019-13457-y,hexagon,6,120.0,6HB,74,178,111.88,8.120000000000005
Figure 3b,"Jun et al. Nat Commun 2019 (METIS, Bathe lab)",10.1038/s41467-019-13457-y,hexagon,6,120.0,DX,74,179,85.56,34.44
Figure 3b,"Jun et al. Nat Commun 2019 (METIS, Bathe lab)",10.1038/s41467-019-13457-y,hexagon,6,120.0,6HB,74,179,130.47,10.469999999999999
Figure 3b,"Jun et al. Nat Commun 2019 (METIS, Bathe lab)",10.1038/s41467-019-13457-y,hexagon,6,120.0,DX,74,180,83.79,36.209999999999994
Figure 3b,"Jun et al. Nat Commun 2019 (METIS, Bathe lab)",10.1038/s41467-019-13457-y,hexagon,6,120.0,6HB,74,180,124.52,4.519999999999996
Figure 3b,"Jun et al. Nat Commun 2019 (METIS, Bathe lab)",10.1038/s41467-019-13457-y,hexagon,6,120.0,DX,74,181,111.11,8.89
Figure 3b,"Jun et al. Nat Commun 2019 (METIS, Bathe lab)",10.1038/s41467-019-13457-y,hexagon,6,120.0,6HB,74,181,117.63,2.3700000000000045
Figure 3b,"Jun et al. Nat Commun 2019 (METIS, Bathe lab)",10.1038/s41467-019-13457-y,hexagon,6,120.0,DX,74,182,130.9,10.900000000000006
Figure 3b,"Jun et al. Nat Commun 2019 (METIS, Bathe lab)",10.1038/s41467-019-13457-y,hexagon,6,120.0,6HB,74,182,109.83,10.170000000000002
Figure 3b,"Jun et al. Nat Commun 2019 (METIS, Bathe lab)",10.1038/s41467-019-13457-y,hexagon,6,120.0,DX,74,183,133.97,13.969999999999999
Figure 3b,"Jun et al. Nat Commun 2019 (METIS, Bathe lab)",10.1038/s41467-019-13457-y,hexagon,6,120.0,6HB,74,183,137.48,17.47999999999999
Figure 3b,"Jun et al. Nat Commun 2019 (METIS, Bathe lab)",10.1038/s41467-019-13457-y,hexagon,6,120.0,DX,74,184,105.26,14.739999999999995
Figure 3b,"Jun et al. Nat Commun 2019 (METIS, Bathe lab)",10.1038/s41467-019-13457-y,hexagon,6,120.0,6HB,74,184,126.83,6.829999999999998
Figure 3b,"Jun et al. Nat Commun 2019 (METIS, Bathe lab)",10.1038/s41467-019-13457-y,hexagon,6,120.0,DX,74,185,129.26,9.259999999999991
Figure 3b,"Jun et al. Nat Commun 2019 (METIS, Bathe lab)",10.1038/s41467-019-13457-y,hexagon,6,120.0,6HB,74,185,123.61,3.6099999999999994
Figure 3b,"Jun et al. Nat Commun 2019 (METIS, Bathe lab)",10.1038/s41467-019-13457-y,hexagon,6,120.0,DX,74,186,133.88,13.879999999999995
Figure 3b,"Jun et al. Nat Commun 2019 (METIS, Bathe lab)",10.1038/s41467-019-13457-y,hexagon,6,120.0,6HB,74,186,122.05,2.049999999999997
Figure 3b,"Jun et al. Nat Commun 2019 (METIS, Bathe lab)",10.1038/s41467-019-13457-y,hexagon,6,120.0,DX,74,187,100.87,19.129999999999995
Figure 3b,"Jun et al. Nat Commun 2019 (METIS, Bathe lab)",10.1038/s41467-019-13457-y,hexagon,6,120.0,6HB,74,187,122.31,2.3100000000000023
Figure 3b,"Jun et al. Nat Commun 2019 (METIS, Bathe lab)",10.1038/s41467-019-13457-y,hexagon,6,120.0,DX,74,188,128.55,8.550000000000011
Figure 3b,"Jun et al. Nat Commun 2019 (METIS, Bathe lab)",10.1038/s41467-019-13457-y,hexagon,6,120.0,6HB,74,188,120.69,0.6899999999999977
Figure 3b,"Jun et al. Nat Commun 2019 (METIS, Bathe lab)",10.1038/s41467-019-13457-y,hexagon,6,120.0,DX,74,189,107.26,12.739999999999995
Figure 3b,"Jun et al. Nat Commun 2019 (METIS, Bathe lab)",10.1038/s41467-019-13457-y,hexagon,6,120.0,6HB,74,189,114.67,5.329999999999998
Figure 3b,"Jun et al. Nat Commun 2019 (METIS, Bathe lab)",10.1038/s41467-019-13457-y,hexagon,6,120.0,DX,74,190,153.71,33.71000000000001
Figure 3b,"Jun et al. Nat Commun 2019 (METIS, Bathe lab)",10.1038/s41467-019-13457-y,hexagon,6,120.0,6HB,74,190,124.36,4.359999999999999
Figure 3b,"Jun et al. Nat Commun 2019 (METIS, Bathe lab)",10.1038/s41467-019-13457-y,hexagon,6,120.0,DX,74,191,107.48,12.519999999999996
Figure 3b,"Jun et al. Nat Commun 2019 (METIS, Bathe lab)",10.1038/s41467-019-13457-y,hexagon,6,120.0,6HB,74,191,119.43,0.5699999999999932
Figure 3b,"Jun et al. Nat Commun 2019 (METIS, Bathe lab)",10.1038/s41467-019-13457-y,hexagon,6,120.0,DX,74,192,124.49,4.489999999999995
Figure 3b,"Jun et al. Nat Commun 2019 (METIS, Bathe lab)",10.1038/s41467-019-13457-y,hexagon,6,120.0,6HB,74,192,122.98,2.980000000000004
Figure 3b,"Jun et al. Nat Commun 2019 (METIS, Bathe lab)",10.1038/s41467-019-13457-y,hexagon,6,120.0,DX,74,193,108.57,11.430000000000007
Figure 3b,"Jun et al. Nat Commun 2019 (METIS, Bathe lab)",10.1038/s41467-019-13457-y,hexagon,6,120.0,6HB,74,193,123.0,3.0
Figure 3b,"Jun et al. Nat Commun 2019 (METIS, Bathe lab)",10.1038/s41467-019-13457-y,hexagon,6,120.0,DX,74,194,131.97,11.969999999999999
Figure 3b,"Jun et al. Nat Commun 2019 (METIS, Bathe lab)",10.1038/s41467-019-13457-y,hexagon,6,120.0,6HB,74,194,114.96,5.040000000000006
Figure 3b,"Jun et al. Nat Commun 2019 (METIS, Bathe lab)",10.1038/s41467-019-13457-y,hexagon,6,120.0,DX,74,195,106.75,13.25
Figure 3b,"Jun et al. Nat Commun 2019 (METIS, Bathe lab)",10.1038/s41467-019-13457-y,hexagon,6,120.0,6HB,74,195,113.63,6.3700000000000045
Figure 3b,"Jun et al. Nat Commun 2019 (METIS, Bathe lab)",10.1038/s41467-019-13457-y,hexagon,6,120.0,DX,74,196,101.34,18.659999999999997
Figure 3b,"Jun et al. Nat Commun 2019 (METIS, Bathe lab)",10.1038/s41467-019-13457-y,hexagon,6,120.0,6HB,74,196,131.08,11.080000000000013
Figure 3b,"Jun et al. Nat Commun 2019 (METIS, Bathe lab)",10.1038/s41467-019-13457-y,hexagon,6,120.0,DX,74,197,111.42,8.579999999999998
Figure 3b,"Jun et al. Nat Commun 2019 (METIS, Bathe lab)",10.1038/s41467-019-13457-y,hexagon,6,120.0,6HB,74,197,123.07,3.069999999999993
Figure 3b,"Jun et al. Nat Commun 2019 (METIS, Bathe lab)",10.1038/s41467-019-13457-y,hexagon,6,120.0,DX,74,198,112.59,7.409999999999997
Figure 3b,"Jun et al. Nat Commun 2019 (METIS, Bathe lab)",10.1038/s41467-019-13457-y,hexagon,6,120.0,6HB,74,198,115.97,4.030000000000001
Figure 3b,"Jun et al. Nat Commun 2019 (METIS, Bathe lab)",10.1038/s41467-019-13457-y,hexagon,6,120.0,DX,74,199,126.57,6.569999999999993
Figure 3b,"Jun et al. Nat Commun 2019 (METIS, Bathe lab)",10.1038/s41467-019-13457-y,hexagon,6,120.0,6HB,74,199,134.34,14.340000000000003
Figure 3b,"Jun et al. Nat Commun 2019 (METIS, Bathe lab)",10.1038/s41467-019-13457-y,hexagon,6,120.0,DX,74,200,116.22,3.780000000000001
Figure 3b,"Jun et al. Nat Commun 2019 (METIS, Bathe lab)",10.1038/s41467-019-13457-y,hexagon,6,120.0,6HB,74,200,112.33,7.670000000000002
Figure 3b,"Jun et al. Nat Commun 2019 (METIS, Bathe lab)",10.1038/s41467-019-13457-y,hexagon,6,120.0,DX,74,201,95.36,24.64
Figure 3b,"Jun et al. Nat Commun 2019 (METIS, Bathe lab)",10.1038/s41467-019-13457-y,hexagon,6,120.0,6HB,74,201,128.78,8.780000000000001
Figure 3b,"Jun et al. Nat Commun 2019 (METIS, Bathe lab)",10.1038/s41467-019-13457-y,hexagon,6,120.0,DX,74,202,121.29,1.2900000000000063
Figure 3b,"Jun et al. Nat Commun 2019 (METIS, Bathe lab)",10.1038/s41467-019-13457-y,hexagon,6,120.0,6HB,74,202,125.66,5.659999999999997
Figure 3b,"Jun et al. Nat Commun 2019 (METIS, Bathe lab)",10.1038/s41467-019-13457-y,hexagon,6,120.0,DX,74,203,125.0,5.0
Figure 3b,"Jun et al. Nat Commun 2019 (METIS, Bathe lab)",10.1038/s41467-019-13457-y,hexagon,6,120.0,6HB,74,203,119.58,0.4200000000000017
Figure 3b,"Jun et al. Nat Commun 2019 (METIS, Bathe lab)",10.1038/s41467-019-13457-y,hexagon,6,120.0,DX,74,204,142.49,22.49000000000001
Figure 3b,"Jun et al. Nat Commun 2019 (METIS, Bathe lab)",10.1038/s41467-019-13457-y,hexagon,6,120.0,6HB,74,204,125.59,5.590000000000003
Figure 3b,"Jun et al. Nat Commun 2019 (METIS, Bathe lab)",10.1038/s41467-019-13457-y,hexagon,6,120.0,DX,74,205,103.16,16.840000000000003
Figure 3b,"Jun et al. Nat Commun 2019 (METIS, Bathe lab)",10.1038/s41467-019-13457-y,hexagon,6,120.0,6HB,74,205,120.83,0.8299999999999983
Figure 3b,"Jun et al. Nat Commun 2019 (METIS, Bathe lab)",10.1038/s41467-019-13457-y,hexagon,6,120.0,DX,74,206,124.75,4.75
Figure 3b,"Jun et al. Nat Commun 2019 (METIS, Bathe lab)",10.1038/s41467-019-13457-y,hexagon,6,120.0,6HB,74,206,107.91,12.090000000000003
Figure 3b,"Jun et al. Nat Commun 2019 (METIS, Bathe lab)",10.1038/s41467-019-13457-y,hexagon,6,120.0,DX,74,207,123.5,3.5
Figure 3b,"Jun et al. Nat Commun 2019 (METIS, Bathe lab)",10.1038/s41467-019-13457-y,hexagon,6,120.0,6HB,74,207,119.54,0.45999999999999375
Figure 3b,"Jun et al. Nat Commun 2019 (METIS, Bathe lab)",10.1038/s41467-019-13457-y,hexagon,6,120.0,DX,74,208,134.65,14.650000000000006
Figure 3b,"Jun et al. Nat Commun 2019 (METIS, Bathe lab)",10.1038/s41467-019-13457-y,hexagon,6,120.0,6HB,74,208,115.96,4.040000000000006
Figure 3b,"Jun et al. Nat Commun 2019 (METIS, Bathe lab)",10.1038/s41467-019-13457-y,hexagon,6,120.0,DX,74,209,127.05,7.049999999999997
Figure 3b,"Jun et al. Nat Commun 2019 (METIS, Bathe lab)",10.1038/s41467-019-13457-y,hexagon,6,120.0,6HB,74,209,117.51,2.489999999999995
Figure 3b,"Jun et al. Nat Commun 2019 (METIS, Bathe lab)",10.1038/s41467-019-13457-y,hexagon,6,120.0,DX,74,210,132.96,12.960000000000008
Figure 3b,"Jun et al. Nat Commun 2019 (METIS, Bathe lab)",10.1038/s41467-019-13457-y,hexagon,6,120.0,6HB,74,210,119.0,1.0
Figure 3b,"Jun et al. Nat Commun 2019 (METIS, Bathe lab)",10.1038/s41467-019-13457-y,hexagon,6,120.0,DX,74,211,114.59,5.409999999999997
Figure 3b,"Jun et al. Nat Commun 2019 (METIS, Bathe lab)",10.1038/s41467-019-13457-y,hexagon,6,120.0,6HB,74,211,129.74,9.740000000000009
Figure 3b,"Jun et al. Nat Commun 2019 (METIS, Bathe lab)",10.1038/s41467-019-13457-y,hexagon,6,120.0,DX,74,212,111.27,8.730000000000004
Figure 3b,"Jun et al. Nat Commun 2019 (METIS, Bathe lab)",10.1038/s41467-019-13457-y,hexagon,6,120.0,6HB,74,212,113.2,6.799999999999997
Figure 3b,"Jun et al. Nat Commun 2019 (METIS, Bathe lab)",10.1038/s41467-019-13457-y,hexagon,6,120.0,DX,74,213,107.4,12.599999999999994
Figure 3b,"Jun et al. Nat Commun 2019 (METIS, Bathe lab)",10.1038/s41467-019-13457-y,hexagon,6,120.0,6HB,74,213,120.37,0.37000000000000455
Figure 3b,"Jun et al. Nat Commun 2019 (METIS, Bathe lab)",10.1038/s41467-019-13457-y,hexagon,6,120.0,DX,74,214,125.65,5.650000000000006
Figure 3b,"Jun et al. Nat Commun 2019 (METIS, Bathe lab)",10.1038/s41467-019-13457-y,hexagon,6,120.0,6HB,74,214,120.1,0.09999999999999432
Figure 3b,"Jun et al. Nat Commun 2019 (METIS, Bathe lab)",10.1038/s41467-019-13457-y,hexagon,6,120.0,DX,74,215,132.87,12.870000000000005
Figure 3b,"Jun et al. Nat Commun 2019 (METIS, Bathe lab)",10.1038/s41467-019-13457-y,hexagon,6,120.0,6HB,74,215,118.84,1.1599999999999966
Figure 3b,"Jun et al. Nat Commun 2019 (METIS, Bathe lab)",10.1038/s41467-019-13457-y,hexagon,6,120.0,DX,74,216,128.32,8.319999999999993
Figure 3b,"Jun et al. Nat Commun 2019 (METIS, Bathe lab)",10.1038/s41467-019-13457-y,hexagon,6,120.0,6HB,74,216,134.46,14.460000000000008
Figure 3b,"Jun et al. Nat Commun 2019 (METIS, Bathe lab)",10.1038/s41467-019-13457-y,hexagon,6,120.0,DX,74,217,136.41,16.409999999999997
Figure 3b,"Jun et al. Nat Commun 2019 (METIS, Bathe lab)",10.1038/s41467-019-13457-y,hexagon,6,120.0,6HB,74,217,121.58,1.5799999999999983
Figure 3b,"Jun et al. Nat Commun 2019 (METIS, Bathe lab)",10.1038/s41467-019-13457-y,hexagon,6,120.0,DX,74,218,128.23,8.22999999999999
Figure 3b,"Jun et al. Nat Commun 2019 (METIS, Bathe lab)",10.1038/s41467-019-13457-y,hexagon,6,120.0,6HB,74,218,117.06,2.9399999999999977
Figure 3b,"Jun et al. Nat Commun 2019 (METIS, Bathe lab)",10.1038/s41467-019-13457-y,hexagon,6,120.0,DX,74,219,105.53,14.469999999999999
Figure 3b,"Jun et al. Nat Commun 2019 (METIS, Bathe lab)",10.1038/s41467-019-13457-y,hexagon,6,120.0,6HB,74,219,119.84,0.1599999999999966
Figure 3b,"Jun et al. Nat Commun 2019 (METIS, Bathe lab)",10.1038/s41467-019-13457-y,hexagon,6,120.0,DX,74,220,134.0,14.0
Figure 3b,"Jun et al. Nat Commun 2019 (METIS, Bathe lab)",10.1038/s41467-019-13457-y,hexagon,6,120.0,6HB,74,220,128.23,8.22999999999999
Figure 3b,"Jun et al. Nat Commun 2019 (METIS, Bathe lab)",10.1038/s41467-019-13457-y,hexagon,6,120.0,DX,74,221,132.75,12.75
Figure 3b,"Jun et al. Nat Commun 2019 (METIS, Bathe lab)",10.1038/s41467-019-13457-y,hexagon,6,120.0,6HB,74,221,142.91,22.909999999999997
Figure 3b,"Jun et al. Nat Commun 2019 (METIS, Bathe lab)",10.1038/s41467-019-13457-y,hexagon,6,120.0,DX,74,222,127.52,7.519999999999996
Figure 3b,"Jun et al. Nat Commun 2019 (METIS, Bathe lab)",10.1038/s41467-019-13457-y,hexagon,6,120.0,6HB,74,222,123.88,3.8799999999999955
Figure 3b,"Jun et al. Nat Commun 2019 (METIS, Bathe lab)",10.1038/s41467-019-13457-y,hexagon,6,120.0,DX,74,223,124.75,4.75
Figure 3b,"Jun et al. Nat Commun 2019 (METIS, Bathe lab)",10.1038/s41467-019-13457-y,hexagon,6,120.0,6HB,74,223,121.82,1.8199999999999932
Figure 3b,"Jun et al. Nat Commun 2019 (METIS, Bathe lab)",10.1038/s41467-019-13457-y,hexagon,6,120.0,DX,74,224,130.95,10.949999999999989
Figure 3b,"Jun et al. Nat Commun 2019 (METIS, Bathe lab)",10.1038/s41467-019-13457-y,hexagon,6,120.0,6HB,74,224,116.25,3.75
Figure 3b,"Jun et al. Nat Commun 2019 (METIS, Bathe lab)",10.1038/s41467-019-13457-y,hexagon,6,120.0,DX,74,225,114.57,5.430000000000007
Figure 3b,"Jun et al. Nat Commun 2019 (METIS, Bathe lab)",10.1038/s41467-019-13457-y,hexagon,6,120.0,6HB,74,225,132.07,12.069999999999993
Figure 3b,"Jun et al. Nat Commun 2019 (METIS, Bathe lab)",10.1038/s41467-019-13457-y,hexagon,6,120.0,DX,74,226,131.69,11.689999999999998
Figure 3b,"Jun et al. Nat Commun 2019 (METIS, Bathe lab)",10.1038/s41467-019-13457-y,hexagon,6,120.0,6HB,74,226,120.17,0.1700000000000017
Figure 3b,"Jun et al. Nat Commun 2019 (METIS, Bathe lab)",10.1038/s41467-019-13457-y,hexagon,6,120.0,DX,74,227,103.71,16.290000000000006
Figure 3b,"Jun et al. Nat Commun 2019 (METIS, Bathe lab)",10.1038/s41467-019-13457-y,hexagon,6,120.0,6HB,74,227,116.21,3.7900000000000063
Figure 3b,"Jun et al. Nat Commun 2019 (METIS, Bathe lab)",10.1038/s41467-019-13457-y,hexagon,6,120.0,DX,74,228,85.6,34.400000000000006
Figure 3b,"Jun et al. Nat Commun 2019 (METIS, Bathe lab)",10.1038/s41467-019-13457-y,hexagon,6,120.0,6HB,74,228,112.11,7.890000000000001
Figure 3b,"Jun et al. Nat Commun 2019 (METIS, Bathe lab)",10.1038/s41467-019-13457-y,hexagon,6,120.0,DX,74,229,112.91,7.090000000000003
Figure 3b,"Jun et al. Nat Commun 2019 (METIS, Bathe lab)",10.1038/s41467-019-13457-y,hexagon,6,120.0,6HB,74,229,119.81,0.18999999999999773
Figure 3b,"Jun et al. Nat Commun 2019 (METIS, Bathe lab)",10.1038/s41467-019-13457-y,hexagon,6,120.0,DX,74,230,137.89,17.889999999999986
Figure 3b,"Jun et al. Nat Commun 2019 (METIS, Bathe lab)",10.1038/s41467-019-13457-y,hexagon,6,120.0,6HB,74,230,121.33,1.3299999999999983
Figure 3b,"Jun et al. Nat Commun 2019 (METIS, Bathe lab)",10.1038/s41467-019-13457-y,hexagon,6,120.0,DX,74,231,108.56,11.439999999999998
Figure 3b,"Jun et al. Nat Commun 2019 (METIS, Bathe lab)",10.1038/s41467-019-13457-y,hexagon,6,120.0,6HB,74,231,131.06,11.060000000000002
Figure 3b,"Jun et al. Nat Commun 2019 (METIS, Bathe lab)",10.1038/s41467-019-13457-y,hexagon,6,120.0,DX,74,232,141.57,21.569999999999993
Figure 3b,"Jun et al. Nat Commun 2019 (METIS, Bathe lab)",10.1038/s41467-019-13457-y,hexagon,6,120.0,6HB,74,232,121.76,1.7600000000000051
Figure 3b,"Jun et al. Nat Commun 2019 (METIS, Bathe lab)",10.1038/s41467-019-13457-y,hexagon,6,120.0,DX,74,233,114.56,5.439999999999998
Figure 3b,"Jun et al. Nat Commun 2019 (METIS, Bathe lab)",10.1038/s41467-019-13457-y,hexagon,6,120.0,6HB,74,233,120.69,0.6899999999999977
Figure 3b,"Jun et al. Nat Commun 2019 (METIS, Bathe lab)",10.1038/s41467-019-13457-y,hexagon,6,120.0,DX,74,234,140.12,20.120000000000005
Figure 3b,"Jun et al. Nat Commun 2019 (METIS, Bathe lab)",10.1038/s41467-019-13457-y,hexagon,6,120.0,6HB,74,234,125.19,5.189999999999998
Figure 3b,"Jun et al. Nat Commun 2019 (METIS, Bathe lab)",10.1038/s41467-019-13457-y,hexagon,6,120.0,DX,74,235,144.05,24.05000000000001
Figure 3b,"Jun et al. Nat Commun 2019 (METIS, Bathe lab)",10.1038/s41467-019-13457-y,hexagon,6,120.0,6HB,74,235,110.42,9.579999999999998
Figure 3b,"Jun et al. Nat Commun 2019 (METIS, Bathe lab)",10.1038/s41467-019-13457-y,hexagon,6,120.0,DX,74,236,127.1,7.099999999999994
Figure 3b,"Jun et al. Nat Commun 2019 (METIS, Bathe lab)",10.1038/s41467-019-13457-y,hexagon,6,120.0,6HB,74,236,119.08,0.9200000000000017
Figure 3b,"Jun et al. Nat Commun 2019 (METIS, Bathe lab)",10.1038/s41467-019-13457-y,hexagon,6,120.0,DX,74,237,129.28,9.280000000000001
Figure 3b,"Jun et al. Nat Commun 2019 (METIS, Bathe lab)",10.1038/s41467-019-13457-y,hexagon,6,120.0,6HB,74,237,129.17,9.169999999999987
Figure 3b,"Jun et al. Nat Commun 2019 (METIS, Bathe lab)",10.1038/s41467-019-13457-y,hexagon,6,120.0,DX,74,238,104.41,15.590000000000003
Figure 3b,"Jun et al. Nat Commun 2019 (METIS, Bathe lab)",10.1038/s41467-019-13457-y,hexagon,6,120.0,6HB,74,238,122.76,2.760000000000005
Figure 3b,"Jun et al. Nat Commun 2019 (METIS, Bathe lab)",10.1038/s41467-019-13457-y,hexagon,6,120.0,DX,74,239,136.91,16.909999999999997
Figure 3b,"Jun et al. Nat Commun 2019 (METIS, Bathe lab)",10.1038/s41467-019-13457-y,hexagon,6,120.0,6HB,74,239,115.36,4.640000000000001
Figure 3b,"Jun et al. Nat Commun 2019 (METIS, Bathe lab)",10.1038/s41467-019-13457-y,hexagon,6,120.0,DX,74,240,126.65,6.650000000000006
Figure 3b,"Jun et al. Nat Commun 2019 (METIS, Bathe lab)",10.1038/s41467-019-13457-y,hexagon,6,120.0,6HB,74,240,130.81,10.810000000000002
Figure 3b,"Jun et al. Nat Commun 2019 (METIS, Bathe lab)",10.1038/s41467-019-13457-y,hexagon,6,120.0,DX,74,241,127.46,7.459999999999994
Figure 3b,"Jun et al. Nat Commun 2019 (METIS, Bathe lab)",10.1038/s41467-019-13457-y,hexagon,6,120.0,6HB,74,241,117.39,2.6099999999999994
Figure 3b,"Jun et al. Nat Commun 2019 (METIS, Bathe lab)",10.1038/s41467-019-13457-y,hexagon,6,120.0,DX,74,242,132.25,12.25
Figure 3b,"Jun et al. Nat Commun 2019 (METIS, Bathe lab)",10.1038/s41467-019-13457-y,hexagon,6,120.0,6HB,74,242,117.97,2.030000000000001
Figure 3b,"Jun et al. Nat Commun 2019 (METIS, Bathe lab)",10.1038/s41467-019-13457-y,hexagon,6,120.0,DX,74,243,120.13,0.12999999999999545
Figure 3b,"Jun et al. Nat Commun 2019 (METIS, Bathe lab)",10.1038/s41467-019-13457-y,hexagon,6,120.0,6HB,74,243,120.4,0.4000000000000057
Figure 3b,"Jun et al. Nat Commun 2019 (METIS, Bathe lab)",10.1038/s41467-019-13457-y,hexagon,6,120.0,DX,74,244,120.2,0.20000000000000284
Figure 3b,"Jun et al. Nat Commun 2019 (METIS, Bathe lab)",10.1038/s41467-019-13457-y,hexagon,6,120.0,6HB,74,244,128.38,8.379999999999995
Figure 3b,"Jun et al. Nat Commun 2019 (METIS, Bathe lab)",10.1038/s41467-019-13457-y,hexagon,6,120.0,DX,74,245,135.17,15.169999999999987
Figure 3b,"Jun et al. Nat Commun 2019 (METIS, Bathe lab)",10.1038/s41467-019-13457-y,hexagon,6,120.0,6HB,74,245,123.03,3.030000000000001
Figure 3b,"Jun et al. Nat Commun 2019 (METIS, Bathe lab)",10.1038/s41467-019-13457-y,hexagon,6,120.0,DX,74,246,129.93,9.930000000000007
Figure 3b,"Jun et al. Nat Commun 2019 (METIS, Bathe lab)",10.1038/s41467-019-13457-y,hexagon,6,120.0,6HB,74,246,125.78,5.780000000000001
Figure 3b,"Jun et al. Nat Commun 2019 (METIS, Bathe lab)",10.1038/s41467-019-13457-y,hexagon,6,120.0,DX,74,247,124.58,4.579999999999998
Figure 3b,"Jun et al. Nat Commun 2019 (METIS, Bathe lab)",10.1038/s41467-019-13457-y,hexagon,6,120.0,6HB,74,247,119.76,0.23999999999999488
Figure 3b,"Jun et al. Nat Commun 2019 (METIS, Bathe lab)",10.1038/s41467-019-13457-y,hexagon,6,120.0,DX,74,248,124.36,4.359999999999999
Figure 3b,"Jun et al. Nat Commun 2019 (METIS, Bathe lab)",10.1038/s41467-019-13457-y,hexagon,6,120.0,6HB,74,248,115.71,4.290000000000006
Figure 3b,"Jun et al. Nat Commun 2019 (METIS, Bathe lab)",10.1038/s41467-019-13457-y,hexagon,6,120.0,DX,74,249,112.2,7.799999999999997
Figure 3b,"Jun et al. Nat Commun 2019 (METIS, Bathe lab)",10.1038/s41467-019-13457-y,hexagon,6,120.0,6HB,74,249,112.11,7.890000000000001
Figure 3b,"Jun et al. Nat Commun 2019 (METIS, Bathe lab)",10.1038/s41467-019-13457-y,hexagon,6,120.0,DX,74,250,151.37,31.370000000000005
Figure 3b,"Jun et al. Nat Commun 2019 (METIS, Bathe lab)",10.1038/s41467-019-13457-y,hexagon,6,120.0,6HB,74,250,118.56,1.4399999999999977
Figure 3b,"Jun et al. Nat Commun 2019 (METIS, Bathe lab)",10.1038/s41467-019-13457-y,hexagon,6,120.0,DX,74,251,111.07,8.930000000000007
Figure 3b,"Jun et al. Nat Commun 2019 (METIS, Bathe lab)",10.1038/s41467-019-13457-y,hexagon,6,120.0,6HB,74,251,115.09,4.909999999999997
Figure 3b,"Jun et al. Nat Commun 2019 (METIS, Bathe lab)",10.1038/s41467-019-13457-y,hexagon,6,120.0,DX,74,252,135.84,15.840000000000003
Figure 3b,"Jun et al. Nat Commun 2019 (METIS, Bathe lab)",10.1038/s41467-019-13457-y,hexagon,6,120.0,6HB,74,252,120.2,0.20000000000000284
Figure 3b,"Jun et al. Nat Commun 2019 (METIS, Bathe lab)",10.1038/s41467-019-13457-y,hexagon,6,120.0,DX,74,253,125.04,5.040000000000006
Figure 3b,"Jun et al. Nat Commun 2019 (METIS, Bathe lab)",10.1038/s41467-019-13457-y,hexagon,6,120.0,6HB,74,253,114.35,5.650000000000006
Figure 3b,"Jun et al. Nat Commun 2019 (METIS, Bathe lab)",10.1038/s41467-019-13457-y,hexagon,6,120.0,DX,74,254,127.17,7.170000000000002
Figure 3b,"Jun et al. Nat Commun 2019 (METIS, Bathe lab)",10.1038/s41467-019-13457-y,hexagon,6,120.0,6HB,74,254,122.53,2.530000000000001
Figure 3b,"Jun et al. Nat Commun 2019 (METIS, Bathe lab)",10.1038/s41467-019-13457-y,hexagon,6,120.0,DX,74,255,145.51,25.50999999999999
Figure 3b,"Jun et al. Nat Commun 2019 (METIS, Bathe lab)",10.1038/s41467-019-13457-y,hexagon,6,120.0,6HB,74,255,120.41,0.4099999999999966
Figure 3b,"Jun et al. Nat Commun 2019 (METIS, Bathe lab)",10.1038/s41467-019-13457-y,hexagon,6,120.0,DX,74,256,137.52,17.52000000000001
Figure 3b,"Jun et al. Nat Commun 2019 (METIS, Bathe lab)",10.1038/s41467-019-13457-y,hexagon,6,120.0,6HB,74,256,119.94,0.060000000000002274
Figure 3b,"Jun et al. Nat Commun 2019 (METIS, Bathe lab)",10.1038/s41467-019-13457-y,hexagon,6,120.0,DX,74,257,122.39,2.3900000000000006
Figure 3b,"Jun et al. Nat Commun 2019 (METIS, Bathe lab)",10.1038/s41467-019-13457-y,hexagon,6,120.0,6HB,74,257,116.51,3.489999999999995
Figure 3b,"Jun et al. Nat Commun 2019 (METIS, Bathe lab)",10.1038/s41467-019-13457-y,hexagon,6,120.0,DX,74,258,113.9,6.099999999999994
Figure 3b,"Jun et al. Nat Commun 2019 (METIS, Bathe lab)",10.1038/s41467-019-13457-y,hexagon,6,120.0,6HB,74,258,130.13,10.129999999999995
Figure 3b,"Jun et al. Nat Commun 2019 (METIS, Bathe lab)",10.1038/s41467-019-13457-y,hexagon,6,120.0,DX,74,259,128.03,8.030000000000001
Figure 3b,"Jun et al. Nat Commun 2019 (METIS, Bathe lab)",10.1038/s41467-019-13457-y,hexagon,6,120.0,6HB,74,259,126.56,6.560000000000002
Figure 3b,"Jun et al. Nat Commun 2019 (METIS, Bathe lab)",10.1038/s41467-019-13457-y,hexagon,6,120.0,DX,74,260,144.91,24.909999999999997
Figure 3b,"Jun et al. Nat Commun 2019 (METIS, Bathe lab)",10.1038/s41467-019-13457-y,hexagon,6,120.0,6HB,74,260,114.77,5.230000000000004
Figure 3b,"Jun et al. Nat Commun 2019 (METIS, Bathe lab)",10.1038/s41467-019-13457-y,hexagon,6,120.0,DX,74,261,119.52,0.480000000000004
Figure 3b,"Jun et al. Nat Commun 2019 (METIS, Bathe lab)",10.1038/s41467-019-13457-y,hexagon,6,120.0,6HB,74,261,117.36,2.6400000000000006
Figure 3b,"Jun et al. Nat Commun 2019 (METIS, Bathe lab)",10.1038/s41467-019-13457-y,hexagon,6,120.0,DX,74,262,129.92,9.919999999999987
Figure 3b,"Jun et al. Nat Commun 2019 (METIS, Bathe lab)",10.1038/s41467-019-13457-y,hexagon,6,120.0,6HB,74,262,124.27,4.269999999999996
Figure 3b,"Jun et al. Nat Commun 2019 (METIS, Bathe lab)",10.1038/s41467-019-13457-y,hexagon,6,120.0,DX,74,263,110.95,9.049999999999997
Figure 3b,"Jun et al. Nat Commun 2019 (METIS, Bathe lab)",10.1038/s41467-019-13457-y,hexagon,6,120.0,6HB,74,263,116.72,3.280000000000001
Figure 3b,"Jun et al. Nat Commun 2019 (METIS, Bathe lab)",10.1038/s41467-019-13457-y,hexagon,6,120.0,DX,74,264,99.98,20.019999999999996
Figure 3b,"Jun et al. Nat Commun 2019 (METIS, Bathe lab)",10.1038/s41467-019-13457-y,hexagon,6,120.0,6HB,74,264,127.27,7.269999999999996
Figure 3b,"Jun et al. Nat Commun 2019 (METIS, Bathe lab)",10.1038/s41467-019-13457-y,hexagon,6,120.0,DX,74,265,117.3,2.700000000000003
Figure 3b,"Jun et al. Nat Commun 2019 (METIS, Bathe lab)",10.1038/s41467-019-13457-y,hexagon,6,120.0,6HB,74,265,127.31,7.310000000000002
Figure 3b,"Jun et al. Nat Commun 2019 (METIS, Bathe lab)",10.1038/s41467-019-13457-y,hexagon,6,120.0,DX,74,266,89.32,30.680000000000007
Figure 3b,"Jun et al. Nat Commun 2019 (METIS, Bathe lab)",10.1038/s41467-019-13457-y,hexagon,6,120.0,6HB,74,266,130.0,10.0
Figure 3b,"Jun et al. Nat Commun 2019 (METIS, Bathe lab)",10.1038/s41467-019-13457-y,hexagon,6,120.0,DX,74,267,140.78,20.78
Figure 3b,"Jun et al. Nat Commun 2019 (METIS, Bathe lab)",10.1038/s41467-019-13457-y,hexagon,6,120.0,6HB,74,267,126.66,6.659999999999997
Figure 3b,"Jun et al. Nat Commun 2019 (METIS, Bathe lab)",10.1038/s41467-019-13457-y,hexagon,6,120.0,DX,74,268,112.72,7.280000000000001
Figure 3b,"Jun et al. Nat Commun 2019 (METIS, Bathe lab)",10.1038/s41467-019-13457-y,hexagon,6,120.0,6HB,74,268,114.24,5.760000000000005
Figure 3b,"Jun et al. Nat Commun 2019 (METIS, Bathe lab)",10.1038/s41467-019-13457-y,hexagon,6,120.0,DX,74,269,132.9,12.900000000000006
Figure 3b,"Jun et al. Nat Commun 2019 (METIS, Bathe lab)",10.1038/s41467-019-13457-y,hexagon,6,120.0,6HB,74,269,109.37,10.629999999999995
Figure 3b,"Jun et al. Nat Commun 2019 (METIS, Bathe lab)",10.1038/s41467-019-13457-y,hexagon,6,120.0,DX,74,270,146.22,26.22
Figure 3b,"Jun et al. Nat Commun 2019 (METIS, Bathe lab)",10.1038/s41467-019-13457-y,hexagon,6,120.0,6HB,74,270,127.37,7.3700000000000045
Figure 3b,"Jun et al. Nat Commun 2019 (METIS, Bathe lab)",10.1038/s41467-019-13457-y,hexagon,6,120.0,DX,74,271,112.15,7.849999999999994
Figure 3b,"Jun et al. Nat Commun 2019 (METIS, Bathe lab)",10.1038/s41467-019-13457-y,hexagon,6,120.0,6HB,74,271,120.02,0.01999999999999602
Figure 3b,"Jun et al. Nat Commun 2019 (METIS, Bathe lab)",10.1038/s41467-019-13457-y,hexagon,6,120.0,DX,74,272,125.08,5.079999999999998
Figure 3b,"Jun et al. Nat Commun 2019 (METIS, Bathe lab)",10.1038/s41467-019-13457-y,hexagon,6,120.0,6HB,74,272,119.96,0.04000000000000625
Figure 3b,"Jun et al. Nat Commun 2019 (METIS, Bathe lab)",10.1038/s41467-019-13457-y,hexagon,6,120.0,DX,74,273,120.63,0.6299999999999955
Figure 3b,"Jun et al. Nat Commun 2019 (METIS, Bathe lab)",10.1038/s41467-019-13457-y,hexagon,6,120.0,6HB,74,273,120.33,0.3299999999999983
Figure 3b,"Jun et al. Nat Commun 2019 (METIS, Bathe lab)",10.1038/s41467-019-13457-y,hexagon,6,120.0,DX,74,274,119.33,0.6700000000000017
Figure 3b,"Jun et al. Nat Commun 2019 (METIS, Bathe lab)",10.1038/s41467-019-13457-y,hexagon,6,120.0,6HB,74,274,113.74,6.260000000000005
Figure 3b,"Jun et al. Nat Commun 2019 (METIS, Bathe lab)",10.1038/s41467-019-13457-y,hexagon,6,120.0,DX,74,275,120.77,0.769999999999996
Figure 3b,"Jun et al. Nat Commun 2019 (METIS, Bathe lab)",10.1038/s41467-019-13457-y,hexagon,6,120.0,6HB,74,275,121.74,1.7399999999999949
Figure 3b,"Jun et al. Nat Commun 2019 (METIS, Bathe lab)",10.1038/s41467-019-13457-y,hexagon,6,120.0,DX,74,276,118.33,1.6700000000000017
Figure 3b,"Jun et al. Nat Commun 2019 (METIS, Bathe lab)",10.1038/s41467-019-13457-y,hexagon,6,120.0,6HB,74,276,123.12,3.1200000000000045
Figure 3b,"Jun et al. Nat Commun 2019 (METIS, Bathe lab)",10.1038/s41467-019-13457-y,hexagon,6,120.0,DX,74,277,111.81,8.189999999999998
Figure 3b,"Jun et al. Nat Commun 2019 (METIS, Bathe lab)",10.1038/s41467-019-13457-y,hexagon,6,120.0,6HB,74,277,121.11,1.1099999999999994
Figure 3b,"Jun et al. Nat Commun 2019 (METIS, Bathe lab)",10.1038/s41467-019-13457-y,hexagon,6,120.0,DX,74,278,99.78,20.22
Figure 3b,"Jun et al. Nat Commun 2019 (METIS, Bathe lab)",10.1038/s41467-019-13457-y,hexagon,6,120.0,6HB,74,278,122.0,2.0
Figure 3b,"Jun et al. Nat Commun 2019 (METIS, Bathe lab)",10.1038/s41467-019-13457-y,hexagon,6,120.0,DX,74,279,135.23,15.22999999999999
Figure 3b,"Jun et al. Nat Commun 2019 (METIS, Bathe lab)",10.1038/s41467-019-13457-y,hexagon,6,120.0,6HB,74,279,120.75,0.75
Figure 3b,"Jun et al. Nat Commun 2019 (METIS, Bathe lab)",10.1038/s41467-019-13457-y,hexagon,6,120.0,DX,74,280,126.58,6.579999999999998
Figure 3b,"Jun et al. Nat Commun 2019 (METIS, Bathe lab)",10.1038/s41467-019-13457-y,hexagon,6,120.0,6HB,74,280,120.12,0.12000000000000455
Figure 3b,"Jun et al. Nat Commun 2019 (METIS, Bathe lab)",10.1038/s41467-019-13457-y,hexagon,6,120.0,DX,74,281,100.38,19.620000000000005
Figure 3b,"Jun et al. Nat Commun 2019 (METIS, Bathe lab)",10.1038/s41467-019-13457-y,hexagon,6,120.0,6HB,74,281,118.45,1.5499999999999972
Figure 3b,"Jun et al. Nat Commun 2019 (METIS, Bathe lab)",10.1038/s41467-019-13457-y,hexagon,6,120.0,DX,74,282,87.29,32.709999999999994
Figure 3b,"Jun et al. Nat Commun 2019 (METIS, Bathe lab)",10.1038/s41467-019-13457-y,hexagon,6,120.0,6HB,74,282,119.78,0.21999999999999886
Figure 3b,"Jun et al. Nat Commun 2019 (METIS, Bathe lab)",10.1038/s41467-019-13457-y,hexagon,6,120.0,DX,74,283,89.45,30.549999999999997
Figure 3b,"Jun et al. Nat Commun 2019 (METIS, Bathe lab)",10.1038/s41467-019-13457-y,hexagon,6,120.0,6HB,74,283,121.34,1.3400000000000034
Figure 3b,"Jun et al. Nat Commun 2019 (METIS, Bathe lab)",10.1038/s41467-019-13457-y,hexagon,6,120.0,DX,74,284,120.31,0.3100000000000023
Figure 3b,"Jun et al. Nat Commun 2019 (METIS, Bathe lab)",10.1038/s41467-019-13457-y,hexagon,6,120.0,6HB,74,284,117.75,2.25
Figure 3b,"Jun et al. Nat Commun 2019 (METIS, Bathe lab)",10.1038/s41467-019-13457-y,hexagon,6,120.0,DX,74,285,107.94,12.060000000000002
Figure 3b,"Jun et al. Nat Commun 2019 (METIS, Bathe lab)",10.1038/s41467-019-13457-y,hexagon,6,120.0,6HB,74,285,120.61,0.6099999999999994
Figure 3b,"Jun et al. Nat Commun 2019 (METIS, Bathe lab)",10.1038/s41467-019-13457-y,hexagon,6,120.0,DX,74,286,100.97,19.03
Figure 3b,"Jun et al. Nat Commun 2019 (METIS, Bathe lab)",10.1038/s41467-019-13457-y,hexagon,6,120.0,6HB,74,286,114.34,5.659999999999997
Figure 3b,"Jun et al. Nat Commun 2019 (METIS, Bathe lab)",10.1038/s41467-019-13457-y,hexagon,6,120.0,DX,74,287,139.9,19.900000000000006
Figure 3b,"Jun et al. Nat Commun 2019 (METIS, Bathe lab)",10.1038/s41467-019-13457-y,hexagon,6,120.0,6HB,74,287,121.25,1.25
Figure 3b,"Jun et al. Nat Commun 2019 (METIS, Bathe lab)",10.1038/s41467-019-13457-y,hexagon,6,120.0,DX,74,288,130.44,10.439999999999998
Figure 3b,"Jun et al. Nat Commun 2019 (METIS, Bathe lab)",10.1038/s41467-019-13457-y,hexagon,6,120.0,6HB,74,288,114.35,5.650000000000006
Figure 3b,"Jun et al. Nat Commun 2019 (METIS, Bathe lab)",10.1038/s41467-019-13457-y,hexagon,6,120.0,DX,74,289,103.98,16.019999999999996
Figure 3b,"Jun et al. Nat Commun 2019 (METIS, Bathe lab)",10.1038/s41467-019-13457-y,hexagon,6,120.0,6HB,74,289,116.15,3.8499999999999943
Figure 3b,"Jun et al. Nat Commun 2019 (METIS, Bathe lab)",10.1038/s41467-019-13457-y,hexagon,6,120.0,DX,74,290,111.64,8.36
Figure 3b,"Jun et al. Nat Commun 2019 (METIS, Bathe lab)",10.1038/s41467-019-13457-y,hexagon,6,120.0,6HB,74,290,122.14,2.1400000000000006
Figure 3b,"Jun et al. Nat Commun 2019 (METIS, Bathe lab)",10.1038/s41467-019-13457-y,hexagon,6,120.0,DX,74,291,132.66,12.659999999999997
Figure 3b,"Jun et al. Nat Commun 2019 (METIS, Bathe lab)",10.1038/s41467-019-13457-y,hexagon,6,120.0,6HB,74,291,116.81,3.1899999999999977
Figure 3b,"Jun et al. Nat Commun 2019 (METIS, Bathe lab)",10.1038/s41467-019-13457-y,hexagon,6,120.0,DX,74,292,132.05,12.050000000000011
Figure 3b,"Jun et al. Nat Commun 2019 (METIS, Bathe lab)",10.1038/s41467-019-13457-y,hexagon,6,120.0,6HB,74,292,117.62,2.3799999999999955
Figure 3b,"Jun et al. Nat Commun 2019 (METIS, Bathe lab)",10.1038/s41467-019-13457-y,hexagon,6,120.0,DX,74,293,111.41,8.590000000000003
Figure 3b,"Jun et al. Nat Commun 2019 (METIS, Bathe lab)",10.1038/s41467-019-13457-y,hexagon,6,120.0,6HB,74,293,117.65,2.3499999999999943
Figure 3b,"Jun et al. Nat Commun 2019 (METIS, Bathe lab)",10.1038/s41467-019-13457-y,hexagon,6,120.0,DX,74,294,146.82,26.819999999999993
Figure 3b,"Jun et al. Nat Commun 2019 (METIS, Bathe lab)",10.1038/s41467-019-13457-y,hexagon,6,120.0,6HB,74,294,120.29,0.29000000000000625
Figure 3b,"Jun et al. Nat Commun 2019 (METIS, Bathe lab)",10.1038/s41467-019-13457-y,hexagon,6,120.0,DX,74,295,110.3,9.700000000000003
Figure 3b,"Jun et al. Nat Commun 2019 (METIS, Bathe lab)",10.1038/s41467-019-13457-y,hexagon,6,120.0,6HB,74,295,115.04,4.959999999999994
Figure 3b,"Jun et al. Nat Commun 2019 (METIS, Bathe lab)",10.1038/s41467-019-13457-y,hexagon,6,120.0,DX,74,296,100.08,19.92
Figure 3b,"Jun et al. Nat Commun 2019 (METIS, Bathe lab)",10.1038/s41467-019-13457-y,hexagon,6,120.0,6HB,74,296,119.75,0.25
Figure 3b,"Jun et al. Nat Commun 2019 (METIS, Bathe lab)",10.1038/s41467-019-13457-y,hexagon,6,120.0,DX,74,297,101.41,18.590000000000003
Figure 3b,"Jun et al. Nat Commun 2019 (METIS, Bathe lab)",10.1038/s41467-019-13457-y,hexagon,6,120.0,6HB,74,297,111.99,8.010000000000005
Figure 3b,"Jun et al. Nat Commun 2019 (METIS, Bathe lab)",10.1038/s41467-019-13457-y,hexagon,6,120.0,DX,74,298,130.91,10.909999999999997
Figure 3b,"Jun et al. Nat Commun 2019 (METIS, Bathe lab)",10.1038/s41467-019-13457-y,hexagon,6,120.0,6HB,74,298,107.92,12.079999999999998
Figure 3b,"Jun et al. Nat Commun 2019 (METIS, Bathe lab)",10.1038/s41467-019-13457-y,hexagon,6,120.0,DX,74,299,120.26,0.2600000000000051
Figure 3b,"Jun et al. Nat Commun 2019 (METIS, Bathe lab)",10.1038/s41467-019-13457-y,hexagon,6,120.0,6HB,74,299,101.93,18.069999999999993
Figure 3b,"Jun et al. Nat Commun 2019 (METIS, Bathe lab)",10.1038/s41467-019-13457-y,hexagon,6,120.0,DX,74,300,117.59,2.4099999999999966
Figure 3b,"Jun et al. Nat Commun 2019 (METIS, Bathe lab)",10.1038/s41467-019-13457-y,hexagon,6,120.0,6HB,74,300,115.16,4.840000000000003
Figure 3b,"Jun et al. Nat Commun 2019 (METIS, Bathe lab)",10.1038/s41467-019-13457-y,hexagon,6,120.0,DX,74,301,118.84,1.1599999999999966
Figure 3b,"Jun et al. Nat Commun 2019 (METIS, Bathe lab)",10.1038/s41467-019-13457-y,hexagon,6,120.0,6HB,74,301,109.37,10.629999999999995
Figure 3b,"Jun et al. Nat Commun 2019 (METIS, Bathe lab)",10.1038/s41467-019-13457-y,hexagon,6,120.0,DX,74,302,84.37,35.629999999999995
Figure 3b,"Jun et al. Nat Commun 2019 (METIS, Bathe lab)",10.1038/s41467-019-13457-y,hexagon,6,120.0,6HB,74,302,119.3,0.7000000000000028
Figure 3b,"Jun et al. Nat Commun 2019 (METIS, Bathe lab)",10.1038/s41467-019-13457-y,hexagon,6,120.0,DX,74,303,126.37,6.3700000000000045
Figure 3b,"Jun et al. Nat Commun 2019 (METIS, Bathe lab)",10.1038/s41467-019-13457-y,hexagon,6,120.0,6HB,74,303,113.15,6.849999999999994
Figure 3b,"Jun et al. Nat Commun 2019 (METIS, Bathe lab)",10.1038/s41467-019-13457-y,hexagon,6,120.0,DX,74,304,136.97,16.97
Figure 3b,"Jun et al. Nat Commun 2019 (METIS, Bathe lab)",10.1038/s41467-019-13457-y,hexagon,6,120.0,6HB,74,304,123.54,3.5400000000000063
Figure 3b,"Jun et al. Nat Commun 2019 (METIS, Bathe lab)",10.1038/s41467-019-13457-y,hexagon,6,120.0,DX,74,305,124.47,4.469999999999999
Figure 3b,"Jun et al. Nat Commun 2019 (METIS, Bathe lab)",10.1038/s41467-019-13457-y,hexagon,6,120.0,6HB,74,305,121.26,1.2600000000000051
Figure 3b,"Jun et al. Nat Commun 2019 (METIS, Bathe lab)",10.1038/s41467-019-13457-y,hexagon,6,120.0,DX,74,306,125.55,5.549999999999997
Figure 3b,"Jun et al. Nat Commun 2019 (METIS, Bathe lab)",10.1038/s41467-019-13457-y,hexagon,6,120.0,6HB,74,306,117.39,2.6099999999999994
Figure 3b,"Jun et al. Nat Commun 2019 (METIS, Bathe lab)",10.1038/s41467-019-13457-y,hexagon,6,120.0,DX,74,307,107.94,12.060000000000002
Figure 3b,"Jun et al. Nat Commun 2019 (METIS, Bathe lab)",10.1038/s41467-019-13457-y,hexagon,6,120.0,6HB,74,307,117.17,2.8299999999999983
Figure 3b,"Jun et al. Nat Commun 2019 (METIS, Bathe lab)",10.1038/s41467-019-13457-y,hexagon,6,120.0,DX,74,308,135.89,15.889999999999986
Figure 3b,"Jun et al. Nat Commun 2019 (METIS, Bathe lab)",10.1038/s41467-019-13457-y,hexagon,6,120.0,6HB,74,308,125.92,5.920000000000002
Figure 3b,"Jun et al. Nat Commun 2019 (METIS, Bathe lab)",10.1038/s41467-019-13457-y,hexagon,6,120.0,DX,74,309,139.4,19.400000000000006
Figure 3b,"Jun et al. Nat Commun 2019 (METIS, Bathe lab)",10.1038/s41467-019-13457-y,hexagon,6,120.0,6HB,74,309,118.86,1.1400000000000006
Figure 3b,"Jun et al. Nat Commun 2019 (METIS, Bathe lab)",10.1038/s41467-019-13457-y,hexagon,6,120.0,DX,74,310,109.92,10.079999999999998
Figure 3b,"Jun et al. Nat Commun 2019 (METIS, Bathe lab)",10.1038/s41467-019-13457-y,hexagon,6,120.0,6HB,74,310,127.63,7.6299999999999955
Figure 3b,"Jun et al. Nat Commun 2019 (METIS, Bathe lab)",10.1038/s41467-019-13457-y,hexagon,6,120.0,DX,74,311,109.55,10.450000000000003
Figure 3b,"Jun et al. Nat Commun 2019 (METIS, Bathe lab)",10.1038/s41467-019-13457-y,hexagon,6,120.0,6HB,74,311,105.36,14.64
Figure 3b,"Jun et al. Nat Commun 2019 (METIS, Bathe lab)",10.1038/s41467-019-13457-y,hexagon,6,120.0,DX,74,312,117.94,2.0600000000000023
Figure 3b,"Jun et al. Nat Commun 2019 (METIS, Bathe lab)",10.1038/s41467-019-13457-y,hexagon,6,120.0,6HB,74,312,124.37,4.3700000000000045
Figure 3b,"Jun et al. Nat Commun 2019 (METIS, Bathe lab)",10.1038/s41467-019-13457-y,hexagon,6,120.0,DX,74,313,134.56,14.560000000000002
Figure 3b,"Jun et al. Nat Commun 2019 (METIS, Bathe lab)",10.1038/s41467-019-13457-y,hexagon,6,120.0,6HB,74,313,123.55,3.549999999999997
Figure 3b,"Jun et al. Nat Commun 2019 (METIS, Bathe lab)",10.1038/s41467-019-13457-y,hexagon,6,120.0,DX,74,314,128.96,8.960000000000008
Figure 3b,"Jun et al. Nat Commun 2019 (METIS, Bathe lab)",10.1038/s41467-019-13457-y,hexagon,6,120.0,6HB,74,314,112.4,7.599999999999994
Figure 3b,"Jun et al. Nat Commun 2019 (METIS, Bathe lab)",10.1038/s41467-019-13457-y,hexagon,6,120.0,DX,74,315,111.24,8.760000000000005
Figure 3b,"Jun et al. Nat Commun 2019 (METIS, Bathe lab)",10.1038/s41467-019-13457-y,hexagon,6,120.0,6HB,74,315,120.85,0.8499999999999943
Figure 3b,"Jun et al. Nat Commun 2019 (METIS, Bathe lab)",10.1038/s41467-019-13457-y,hexagon,6,120.0,DX,74,316,127.31,7.310000000000002
Figure 3b,"Jun et al. Nat Commun 2019 (METIS, Bathe lab)",10.1038/s41467-019-13457-y,hexagon,6,120.0,6HB,74,316,116.27,3.730000000000004
Figure 3b,"Jun et al. Nat Commun 2019 (METIS, Bathe lab)",10.1038/s41467-019-13457-y,hexagon,6,120.0,DX,74,317,139.05,19.05000000000001
Figure 3b,"Jun et al. Nat Commun 2019 (METIS, Bathe lab)",10.1038/s41467-019-13457-y,hexagon,6,120.0,6HB,74,317,123.85,3.8499999999999943
Figure 3b,"Jun et al. Nat Commun 2019 (METIS, Bathe lab)",10.1038/s41467-019-13457-y,hexagon,6,120.0,DX,74,318,113.66,6.340000000000003
Figure 3b,"Jun et al. Nat Commun 2019 (METIS, Bathe lab)",10.1038/s41467-019-13457-y,hexagon,6,120.0,6HB,74,318,120.14,0.14000000000000057
Figure 3b,"Jun et al. Nat Commun 2019 (METIS, Bathe lab)",10.1038/s41467-019-13457-y,hexagon,6,120.0,DX,74,319,122.57,2.569999999999993
Figure 3b,"Jun et al. Nat Commun 2019 (METIS, Bathe lab)",10.1038/s41467-019-13457-y,hexagon,6,120.0,6HB,74,319,107.89,12.11
Figure 3b,"Jun et al. Nat Commun 2019 (METIS, Bathe lab)",10.1038/s41467-019-13457-y,hexagon,6,120.0,DX,74,320,119.26,0.7399999999999949
Figure 3b,"Jun et al. Nat Commun 2019 (METIS, Bathe lab)",10.1038/s41467-019-13457-y,hexagon,6,120.0,6HB,74,320,121.13,1.1299999999999955
Figure 3b,"Jun et al. Nat Commun 2019 (METIS, Bathe lab)",10.1038/s41467-019-13457-y,hexagon,6,120.0,DX,74,321,116.51,3.489999999999995
Figure 3b,"Jun et al. Nat Commun 2019 (METIS, Bathe lab)",10.1038/s41467-019-13457-y,hexagon,6,120.0,6HB,74,321,124.01,4.010000000000005
Figure 3b,"Jun et al. Nat Commun 2019 (METIS, Bathe lab)",10.1038/s41467-019-13457-y,hexagon,6,120.0,DX,74,322,84.54,35.459999999999994
Figure 3b,"Jun et al. Nat Commun 2019 (METIS, Bathe lab)",10.1038/s41467-019-13457-y,hexagon,6,120.0,6HB,74,322,115.0,5.0
Figure 3b,"Jun et al. Nat Commun 2019 (METIS, Bathe lab)",10.1038/s41467-019-13457-y,hexagon,6,120.0,DX,74,323,107.66,12.340000000000003
Figure 3b,"Jun et al. Nat Commun 2019 (METIS, Bathe lab)",10.1038/s41467-019-13457-y,hexagon,6,120.0,6HB,74,323,120.06,0.060000000000002274
Figure 3b,"Jun et al. Nat Commun 2019 (METIS, Bathe lab)",10.1038/s41467-019-13457-y,hexagon,6,120.0,DX,74,324,114.73,5.269999999999996
Figure 3b,"Jun et al. Nat Commun 2019 (METIS, Bathe lab)",10.1038/s41467-019-13457-y,hexagon,6,120.0,6HB,74,324,115.61,4.390000000000001
Figure 3b,"Jun et al. Nat Commun 2019 (METIS, Bathe lab)",10.1038/s41467-019-13457-y,hexagon,6,120.0,DX,74,325,110.28,9.719999999999999
Figure 3b,"Jun et al. Nat Commun 2019 (METIS, Bathe lab)",10.1038/s41467-019-13457-y,hexagon,6,120.0,6HB,74,325,116.17,3.8299999999999983
Figure 3b,"Jun et al. Nat Commun 2019 (METIS, Bathe lab)",10.1038/s41467-019-13457-y,hexagon,6,120.0,DX,74,326,115.19,4.810000000000002
Figure 3b,"Jun et al. Nat Commun 2019 (METIS, Bathe lab)",10.1038/s41467-019-13457-y,hexagon,6,120.0,6HB,74,326,118.53,1.4699999999999989
Figure 3b,"Jun et al. Nat Commun 2019 (METIS, Bathe lab)",10.1038/s41467-019-13457-y,hexagon,6,120.0,DX,74,327,122.26,2.260000000000005
Figure 3b,"Jun et al. Nat Commun 2019 (METIS, Bathe lab)",10.1038/s41467-019-13457-y,hexagon,6,120.0,6HB,74,327,124.07,4.069999999999993
Figure 3b,"Jun et al. Nat Commun 2019 (METIS, Bathe lab)",10.1038/s41467-019-13457-y,hexagon,6,120.0,DX,74,328,113.39,6.609999999999999
Figure 3b,"Jun et al. Nat Commun 2019 (METIS, Bathe lab)",10.1038/s41467-019-13457-y,hexagon,6,120.0,6HB,74,328,117.35,2.6500000000000057
Figure 3b,"Jun et al. Nat Commun 2019 (METIS, Bathe lab)",10.1038/s41467-019-13457-y,hexagon,6,120.0,DX,74,329,113.68,6.319999999999993
Figure 3b,"Jun et al. Nat Commun 2019 (METIS, Bathe lab)",10.1038/s41467-019-13457-y,hexagon,6,120.0,6HB,74,329,116.24,3.760000000000005
Figure 3b,"Jun et al. Nat Commun 2019 (METIS, Bathe lab)",10.1038/s41467-019-13457-y,hexagon,6,120.0,DX,74,330,129.11,9.110000000000014
Figure 3b,"Jun et al. Nat Commun 2019 (METIS, Bathe lab)",10.1038/s41467-019-13457-y,hexagon,6,120.0,6HB,74,330,124.37,4.3700000000000045
Figure 3b,"Jun et al. Nat Commun 2019 (METIS, Bathe lab)",10.1038/s41467-019-13457-y,hexagon,6,120.0,DX,74,331,114.97,5.030000000000001
Figure 3b,"Jun et al. Nat Commun 2019 (METIS, Bathe lab)",10.1038/s41467-019-13457-y,hexagon,6,120.0,6HB,74,331,122.71,2.7099999999999937
Figure 3b,"Jun et al. Nat Commun 2019 (METIS, Bathe lab)",10.1038/s41467-019-13457-y,hexagon,6,120.0,DX,74,332,118.19,1.8100000000000023
Figure 3b,"Jun et al. Nat Commun 2019 (METIS, Bathe lab)",10.1038/s41467-019-13457-y,hexagon,6,120.0,6HB,74,332,117.23,2.769999999999996
Figure 3b,"Jun et al. Nat Commun 2019 (METIS, Bathe lab)",10.1038/s41467-019-13457-y,hexagon,6,120.0,DX,74,333,114.66,5.340000000000003
Figure 3b,"Jun et al. Nat Commun 2019 (METIS, Bathe lab)",10.1038/s41467-019-13457-y,hexagon,6,120.0,6HB,74,333,117.12,2.8799999999999955
Figure 3b,"Jun et al. Nat Commun 2019 (METIS, Bathe lab)",10.1038/s41467-019-13457-y,hexagon,6,120.0,DX,74,334,110.11,9.89
Figure 3b,"Jun et al. Nat Commun 2019 (METIS, Bathe lab)",10.1038/s41467-019-13457-y,hexagon,6,120.0,6HB,74,334,110.69,9.310000000000002
Figure 3b,"Jun et al. Nat Commun 2019 (METIS, Bathe lab)",10.1038/s41467-019-13457-y,hexagon,6,120.0,DX,74,335,125.91,5.909999999999997
Figure 3b,"Jun et al. Nat Commun 2019 (METIS, Bathe lab)",10.1038/s41467-019-13457-y,hexagon,6,120.0,6HB,74,335,115.23,4.769999999999996
Figure 3b,"Jun et al. Nat Commun 2019 (METIS, Bathe lab)",10.1038/s41467-019-13457-y,hexagon,6,120.0,DX,74,336,83.61,36.39
Figure 3b,"Jun et al. Nat Commun 2019 (METIS, Bathe lab)",10.1038/s41467-019-13457-y,hexagon,6,120.0,6HB,74,336,121.68,1.6800000000000068
Figure 3b,"Jun et al. Nat Commun 2019 (METIS, Bathe lab)",10.1038/s41467-019-13457-y,hexagon,6,120.0,DX,74,337,149.18,29.180000000000007
Figure 3b,"Jun et al. Nat Commun 2019 (METIS, Bathe lab)",10.1038/s41467-019-13457-y,hexagon,6,120.0,6HB,74,337,113.63,6.3700000000000045
Figure 3b,"Jun et al. Nat Commun 2019 (METIS, Bathe lab)",10.1038/s41467-019-13457-y,hexagon,6,120.0,DX,74,338,127.84,7.840000000000003
Figure 3b,"Jun et al. Nat Commun 2019 (METIS, Bathe lab)",10.1038/s41467-019-13457-y,hexagon,6,120.0,6HB,74,338,120.19,0.18999999999999773
Figure 3b,"Jun et al. Nat Commun 2019 (METIS, Bathe lab)",10.1038/s41467-019-13457-y,hexagon,6,120.0,DX,74,339,99.0,21.0
Figure 3b,"Jun et al. Nat Commun 2019 (METIS, Bathe lab)",10.1038/s41467-019-13457-y,hexagon,6,120.0,6HB,74,339,125.57,5.569999999999993
Figure 3b,"Jun et al. Nat Commun 2019 (METIS, Bathe lab)",10.1038/s41467-019-13457-y,hexagon,6,120.0,DX,74,340,90.53,29.47
Figure 3b,"Jun et al. Nat Commun 2019 (METIS, Bathe lab)",10.1038/s41467-019-13457-y,hexagon,6,120.0,6HB,74,340,113.63,6.3700000000000045
Figure 3b,"Jun et al. Nat Commun 2019 (METIS, Bathe lab)",10.1038/s41467-019-13457-y,hexagon,6,120.0,DX,74,341,120.75,0.75
Figure 3b,"Jun et al. Nat Commun 2019 (METIS, Bathe lab)",10.1038/s41467-019-13457-y,hexagon,6,120.0,6HB,74,341,113.2,6.799999999999997
Figure 3b,"Jun et al. Nat Commun 2019 (METIS, Bathe lab)",10.1038/s41467-019-13457-y,hexagon,6,120.0,DX,74,342,121.82,1.8199999999999932
Figure 3b,"Jun et al. Nat Commun 2019 (METIS, Bathe lab)",10.1038/s41467-019-13457-y,hexagon,6,120.0,6HB,74,342,128.37,8.370000000000005
Figure 3b,"Jun et al. Nat Commun 2019 (METIS, Bathe lab)",10.1038/s41467-019-13457-y,hexagon,6,120.0,DX,74,343,123.11,3.1099999999999994
Figure 3b,"Jun et al. Nat Commun 2019 (METIS, Bathe lab)",10.1038/s41467-019-13457-y,hexagon,6,120.0,6HB,74,343,124.08,4.079999999999998
Figure 3b,"Jun et al. Nat Commun 2019 (METIS, Bathe lab)",10.1038/s41467-019-13457-y,hexagon,6,120.0,DX,74,344,135.71,15.710000000000008
Figure 3b,"Jun et al. Nat Commun 2019 (METIS, Bathe lab)",10.1038/s41467-019-13457-y,hexagon,6,120.0,6HB,74,344,126.82,6.819999999999993
Figure 3b,"Jun et al. Nat Commun 2019 (METIS, Bathe lab)",10.1038/s41467-019-13457-y,hexagon,6,120.0,DX,74,345,101.26,18.739999999999995
Figure 3b,"Jun et al. Nat Commun 2019 (METIS, Bathe lab)",10.1038/s41467-019-13457-y,hexagon,6,120.0,6HB,74,345,121.67,1.6700000000000017
Figure 3b,"Jun et al. Nat Commun 2019 (METIS, Bathe lab)",10.1038/s41467-019-13457-y,hexagon,6,120.0,DX,74,346,127.47,7.469999999999999
Figure 3b,"Jun et al. Nat Commun 2019 (METIS, Bathe lab)",10.1038/s41467-019-13457-y,hexagon,6,120.0,6HB,74,346,124.13,4.1299999999999955
Figure 3b,"Jun et al. Nat Commun 2019 (METIS, Bathe lab)",10.1038/s41467-019-13457-y,hexagon,6,120.0,DX,74,347,121.99,1.9899999999999949
Figure 3b,"Jun et al. Nat Commun 2019 (METIS, Bathe lab)",10.1038/s41467-019-13457-y,hexagon,6,120.0,6HB,74,347,110.77,9.230000000000004
Figure 3b,"Jun et al. Nat Commun 2019 (METIS, Bathe lab)",10.1038/s41467-019-13457-y,hexagon,6,120.0,DX,74,348,107.96,12.040000000000006
Figure 3b,"Jun et al. Nat Commun 2019 (METIS, Bathe lab)",10.1038/s41467-019-13457-y,hexagon,6,120.0,6HB,74,348,117.31,2.6899999999999977
Figure 3b,"Jun et al. Nat Commun 2019 (METIS, Bathe lab)",10.1038/s41467-019-13457-y,hexagon,6,120.0,DX,74,349,143.69,23.689999999999998
Figure 3b,"Jun et al. Nat Commun 2019 (METIS, Bathe lab)",10.1038/s41467-019-13457-y,hexagon,6,120.0,6HB,74,349,115.33,4.670000000000002
Figure 3b,"Jun et al. Nat Commun 2019 (METIS, Bathe lab)",10.1038/s41467-019-13457-y,hexagon,6,120.0,DX,74,350,141.75,21.75
Figure 3b,"Jun et al. Nat Commun 2019 (METIS, Bathe lab)",10.1038/s41467-019-13457-y,hexagon,6,120.0,6HB,74,350,108.15,11.849999999999994
Figure 3b,"Jun et al. Nat Commun 2019 (METIS, Bathe lab)",10.1038/s41467-019-13457-y,hexagon,6,120.0,DX,74,351,82.15,37.849999999999994
Figure 3b,"Jun et al. Nat Commun 2019 (METIS, Bathe lab)",10.1038/s41467-019-13457-y,hexagon,6,120.0,6HB,74,351,121.68,1.6800000000000068
Figure 3b,"Jun et al. Nat Commun 2019 (METIS, Bathe lab)",10.1038/s41467-019-13457-y,hexagon,6,120.0,DX,74,352,118.94,1.0600000000000023
Figure 3b,"Jun et al. Nat Commun 2019 (METIS, Bathe lab)",10.1038/s41467-019-13457-y,hexagon,6,120.0,6HB,74,352,116.67,3.3299999999999983
Figure 3b,"Jun et al. Nat Commun 2019 (METIS, Bathe lab)",10.1038/s41467-019-13457-y,hexagon,6,120.0,DX,74,353,124.17,4.170000000000002
Figure 3b,"Jun et al. Nat Commun 2019 (METIS, Bathe lab)",10.1038/s41467-019-13457-y,hexagon,6,120.0,6HB,74,353,113.14,6.859999999999999
Figure 3b,"Jun et al. Nat Commun 2019 (METIS, Bathe lab)",10.1038/s41467-019-13457-y,hexagon,6,120.0,DX,74,354,82.61,37.39
Figure 3b,"Jun et al. Nat Commun 2019 (METIS, Bathe lab)",10.1038/s41467-019-13457-y,hexagon,6,120.0,6HB,74,354,117.78,2.219999999999999
Figure 3b,"Jun et al. Nat Commun 2019 (METIS, Bathe lab)",10.1038/s41467-019-13457-y,hexagon,6,120.0,DX,74,355,122.03,2.030000000000001
Figure 3b,"Jun et al. Nat Commun 2019 (METIS, Bathe lab)",10.1038/s41467-019-13457-y,hexagon,6,120.0,6HB,74,355,123.91,3.9099999999999966
Figure 3b,"Jun et al. Nat Commun 2019 (METIS, Bathe lab)",10.1038/s41467-019-13457-y,hexagon,6,120.0,DX,74,356,113.47,6.530000000000001
Figure 3b,"Jun et al. Nat Commun 2019 (METIS, Bathe lab)",10.1038/s41467-019-13457-y,hexagon,6,120.0,6HB,74,356,124.74,4.739999999999995
Figure 3b,"Jun et al. Nat Commun 2019 (METIS, Bathe lab)",10.1038/s41467-019-13457-y,hexagon,6,120.0,DX,74,357,114.88,5.1200000000000045
Figure 3b,"Jun et al. Nat Commun 2019 (METIS, Bathe lab)",10.1038/s41467-019-13457-y,hexagon,6,120.0,6HB,74,357,114.56,5.439999999999998
Figure 3b,"Jun et al. Nat Commun 2019 (METIS, Bathe lab)",10.1038/s41467-019-13457-y,hexagon,6,120.0,DX,74,358,110.3,9.700000000000003
Figure 3b,"Jun et al. Nat Commun 2019 (METIS, Bathe lab)",10.1038/s41467-019-13457-y,hexagon,6,120.0,6HB,74,358,119.29,0.7099999999999937
Figure 3b,"Jun et al. Nat Commun 2019 (METIS, Bathe lab)",10.1038/s41467-019-13457-y,hexagon,6,120.0,DX,74,359,137.3,17.30000000000001
Figure 3b,"Jun et al. Nat Commun 2019 (METIS, Bathe lab)",10.1038/s41467-019-13457-y,hexagon,6,120.0,6HB,74,359,122.98,2.980000000000004
Figure 3b,"Jun et al. Nat Commun 2019 (METIS, Bathe lab)",10.1038/s41467-019-13457-y,hexagon,6,120.0,DX,74,360,110.07,9.930000000000007
Figure 3b,"Jun et al. Nat Commun 2019 (METIS, Bathe lab)",10.1038/s41467-019-13457-y,hexagon,6,120.0,6HB,74,360,118.17,1.8299999999999983
Figure 3b,"Jun et al. Nat Commun 2019 (METIS, Bathe lab)",10.1038/s41467-019-13457-y,hexagon,6,120.0,DX,74,361,126.6,6.599999999999994
Figure 3b,"Jun et al. Nat Commun 2019 (METIS, Bathe lab)",10.1038/s41467-019-13457-y,hexagon,6,120.0,6HB,74,361,112.08,7.920000000000002
Figure 3b,"Jun et al. Nat Commun 2019 (METIS, Bathe lab)",10.1038/s41467-019-13457-y,hexagon,6,120.0,DX,74,362,120.86,0.8599999999999994
Figure 3b,"Jun et al. Nat Commun 2019 (METIS, Bathe lab)",10.1038/s41467-019-13457-y,hexagon,6,120.0,6HB,74,362,108.76,11.239999999999995
Figure 3b,"Jun et al. Nat Commun 2019 (METIS, Bathe lab)",10.1038/s41467-019-13457-y,hexagon,6,120.0,DX,74,363,106.99,13.010000000000005
Figure 3b,"Jun et al. Nat Commun 2019 (METIS, Bathe lab)",10.1038/s41467-019-13457-y,hexagon,6,120.0,6HB,74,363,121.22,1.2199999999999989
Figure 3b,"Jun et al. Nat Commun 2019 (METIS, Bathe lab)",10.1038/s41467-019-13457-y,hexagon,6,120.0,DX,74,364,140.5,20.5
Figure 3b,"Jun et al. Nat Commun 2019 (METIS, Bathe lab)",10.1038/s41467-019-13457-y,hexagon,6,120.0,6HB,74,364,114.48,5.519999999999996
Figure 3b,"Jun et al. Nat Commun 2019 (METIS, Bathe lab)",10.1038/s41467-019-13457-y,hexagon,6,120.0,DX,74,365,136.89,16.889999999999986
Figure 3b,"Jun et al. Nat Commun 2019 (METIS, Bathe lab)",10.1038/s41467-019-13457-y,hexagon,6,120.0,6HB,74,365,111.92,8.079999999999998
Figure 3b,"Jun et al. Nat Commun 2019 (METIS, Bathe lab)",10.1038/s41467-019-13457-y,hexagon,6,120.0,DX,74,366,102.54,17.459999999999994
Figure 3b,"Jun et al. Nat Commun 2019 (METIS, Bathe lab)",10.1038/s41467-019-13457-y,hexagon,6,120.0,6HB,74,366,117.21,2.7900000000000063
Figure 3b,"Jun et al. Nat Commun 2019 (METIS, Bathe lab)",10.1038/s41467-019-13457-y,hexagon,6,120.0,DX,74,367,113.32,6.680000000000007
Figure 3b,"Jun et al. Nat Commun 2019 (METIS, Bathe lab)",10.1038/s41467-019-13457-y,hexagon,6,120.0,6HB,74,367,120.27,0.269999999999996
Figure 3b,"Jun et al. Nat Commun 2019 (METIS, Bathe lab)",10.1038/s41467-019-13457-y,hexagon,6,120.0,DX,74,368,111.05,8.950000000000003
Figure 3b,"Jun et al. Nat Commun 2019 (METIS, Bathe lab)",10.1038/s41467-019-13457-y,hexagon,6,120.0,6HB,74,368,114.06,5.939999999999998
Figure 3b,"Jun et al. Nat Commun 2019 (METIS, Bathe lab)",10.1038/s41467-019-13457-y,hexagon,6,120.0,DX,74,369,121.56,1.5600000000000023
Figure 3b,"Jun et al. Nat Commun 2019 (METIS, Bathe lab)",10.1038/s41467-019-13457-y,hexagon,6,120.0,6HB,74,369,112.11,7.890000000000001
Figure 3b,"Jun et al. Nat Commun 2019 (METIS, Bathe lab)",10.1038/s41467-019-13457-y,hexagon,6,120.0,DX,74,370,110.42,9.579999999999998
Figure 3b,"Jun et al. Nat Commun 2019 (METIS, Bathe lab)",10.1038/s41467-019-13457-y,hexagon,6,120.0,6HB,74,370,110.66,9.340000000000003
Figure 3b,"Jun et al. Nat Commun 2019 (METIS, Bathe lab)",10.1038/s41467-019-13457-y,hexagon,6,120.0,DX,74,371,133.0,13.0
Figure 3b,"Jun et al. Nat Commun 2019 (METIS, Bathe lab)",10.1038/s41467-019-13457-y,hexagon,6,120.0,6HB,74,371,122.97,2.969999999999999
Figure 3b,"Jun et al. Nat Commun 2019 (METIS, Bathe lab)",10.1038/s41467-019-13457-y,hexagon,6,120.0,DX,74,372,130.83,10.830000000000013
Figure 3b,"Jun et al. Nat Commun 2019 (METIS, Bathe lab)",10.1038/s41467-019-13457-y,hexagon,6,120.0,6HB,74,372,117.11,2.8900000000000006
Figure 3b,"Jun et al. Nat Commun 2019 (METIS, Bathe lab)",10.1038/s41467-019-13457-y,hexagon,6,120.0,DX,74,373,147.08,27.080000000000013
Figure 3b,"Jun et al. Nat Commun 2019 (METIS, Bathe lab)",10.1038/s41467-019-13457-y,hexagon,6,120.0,6HB,74,373,112.66,7.340000000000003
Figure 3b,"Jun et al. Nat Commun 2019 (METIS, Bathe lab)",10.1038/s41467-019-13457-y,hexagon,6,120.0,DX,74,374,117.1,2.9000000000000057
Figure 3b,"Jun et al. Nat Commun 2019 (METIS, Bathe lab)",10.1038/s41467-019-13457-y,hexagon,6,120.0,6HB,74,374,132.06,12.060000000000002
Figure 3b,"Jun et al. Nat Commun 2019 (METIS, Bathe lab)",10.1038/s41467-019-13457-y,hexagon,6,120.0,DX,74,375,117.19,2.8100000000000023
Figure 3b,"Jun et al. Nat Commun 2019 (METIS, Bathe lab)",10.1038/s41467-019-13457-y,hexagon,6,120.0,6HB,74,375,107.53,12.469999999999999
Figure 3b,"Jun et al. Nat Commun 2019 (METIS, Bathe lab)",10.1038/s41467-019-13457-y,hexagon,6,120.0,DX,74,376,128.98,8.97999999999999
Figure 3b,"Jun et al. Nat Commun 2019 (METIS, Bathe lab)",10.1038/s41467-019-13457-y,hexagon,6,120.0,6HB,74,376,126.69,6.689999999999998
Figure 3b,"Jun et al. Nat Commun 2019 (METIS, Bathe lab)",10.1038/s41467-019-13457-y,hexagon,6,120.0,DX,74,377,129.0,9.0
Figure 3b,"Jun et al. Nat Commun 2019 (METIS, Bathe lab)",10.1038/s41467-019-13457-y,hexagon,6,120.0,6HB,74,377,119.33,0.6700000000000017
Figure 3b,"Jun et al. Nat Commun 2019 (METIS, Bathe lab)",10.1038/s41467-019-13457-y,hexagon,6,120.0,DX,74,378,117.83,2.1700000000000017
Figure 3b,"Jun et al. Nat Commun 2019 (METIS, Bathe lab)",10.1038/s41467-019-13457-y,hexagon,6,120.0,6HB,74,378,121.43,1.4300000000000068
Figure 3b,"Jun et al. Nat Commun 2019 (METIS, Bathe lab)",10.1038/s41467-019-13457-y,hexagon,6,120.0,DX,74,379,105.39,14.61
Figure 3b,"Jun et al. Nat Commun 2019 (METIS, Bathe lab)",10.1038/s41467-019-13457-y,hexagon,6,120.0,6HB,74,379,116.86,3.1400000000000006
Figure 3b,"Jun et al. Nat Commun 2019 (METIS, Bathe lab)",10.1038/s41467-019-13457-y,hexagon,6,120.0,DX,74,380,121.18,1.1800000000000068
Figure 3b,"Jun et al. Nat Commun 2019 (METIS, Bathe lab)",10.1038/s41467-019-13457-y,hexagon,6,120.0,6HB,74,380,111.95,8.049999999999997
Figure 3b,"Jun et al. Nat Commun 2019 (METIS, Bathe lab)",10.1038/s41467-019-13457-y,hexagon,6,120.0,DX,74,381,130.84,10.840000000000003
Figure 3b,"Jun et al. Nat Commun 2019 (METIS, Bathe lab)",10.1038/s41467-019-13457-y,hexagon,6,120.0,6HB,74,381,120.34,0.3400000000000034
Figure 3b,"Jun et al. Nat Commun 2019 (METIS, Bathe lab)",10.1038/s41467-019-13457-y,hexagon,6,120.0,DX,74,382,136.62,16.620000000000005
Figure 3b,"Jun et al. Nat Commun 2019 (METIS, Bathe lab)",10.1038/s41467-019-13457-y,hexagon,6,120.0,6HB,74,382,124.09,4.090000000000003
Figure 3b,"Jun et al. Nat Commun 2019 (METIS, Bathe lab)",10.1038/s41467-019-13457-y,hexagon,6,120.0,DX,74,383,136.67,16.669999999999987
Figure 3b,"Jun et al. Nat Commun 2019 (METIS, Bathe lab)",10.1038/s41467-019-13457-y,hexagon,6,120.0,6HB,74,383,127.85,7.849999999999994
Figure 3b,"Jun et al. Nat Commun 2019 (METIS, Bathe lab)",10.1038/s41467-019-13457-y,hexagon,6,120.0,DX,74,384,117.3,2.700000000000003
Figure 3b,"Jun et al. Nat Commun 2019 (METIS, Bathe lab)",10.1038/s41467-019-13457-y,hexagon,6,120.0,6HB,74,384,125.13,5.1299999999999955
Figure 3b,"Jun et al. Nat Commun 2019 (METIS, Bathe lab)",10.1038/s41467-019-13457-y,hexagon,6,120.0,DX,74,385,119.91,0.09000000000000341
Figure 3b,"Jun et al. Nat Commun 2019 (METIS, Bathe lab)",10.1038/s41467-019-13457-y,hexagon,6,120.0,6HB,74,385,127.84,7.840000000000003
Figure 3b,"Jun et al. Nat Commun 2019 (METIS, Bathe lab)",10.1038/s41467-019-13457-y,hexagon,6,120.0,DX,74,386,127.23,7.230000000000004
Figure 3b,"Jun et al. Nat Commun 2019 (METIS, Bathe lab)",10.1038/s41467-019-13457-y,hexagon,6,120.0,6HB,74,386,115.85,4.150000000000006
Figure 3b,"Jun et al. Nat Commun 2019 (METIS, Bathe lab)",10.1038/s41467-019-13457-y,hexagon,6,120.0,DX,74,387,94.21,25.790000000000006
Figure 3b,"Jun et al. Nat Commun 2019 (METIS, Bathe lab)",10.1038/s41467-019-13457-y,hexagon,6,120.0,6HB,74,387,118.3,1.7000000000000028
Figure 3b,"Jun et al. Nat Commun 2019 (METIS, Bathe lab)",10.1038/s41467-019-13457-y,hexagon,6,120.0,DX,74,388,121.95,1.9500000000000028
Figure 3b,"Jun et al. Nat Commun 2019 (METIS, Bathe lab)",10.1038/s41467-019-13457-y,hexagon,6,120.0,6HB,74,388,131.0,11.0
Figure 3b,"Jun et al. Nat Commun 2019 (METIS, Bathe lab)",10.1038/s41467-019-13457-y,hexagon,6,120.0,DX,74,389,126.42,6.420000000000002
Figure 3b,"Jun et al. Nat Commun 2019 (METIS, Bathe lab)",10.1038/s41467-019-13457-y,hexagon,6,120.0,6HB,74,389,111.02,8.980000000000004
Figure 3b,"Jun et al. Nat Commun 2019 (METIS, Bathe lab)",10.1038/s41467-019-13457-y,hexagon,6,120.0,DX,74,390,128.04,8.039999999999992
Figure 3b,"Jun et al. Nat Commun 2019 (METIS, Bathe lab)",10.1038/s41467-019-13457-y,hexagon,6,120.0,6HB,74,390,119.32,0.6800000000000068
Figure 3b,"Jun et al. Nat Commun 2019 (METIS, Bathe lab)",10.1038/s41467-019-13457-y,hexagon,6,120.0,DX,74,391,134.5,14.5
Figure 3b,"Jun et al. Nat Commun 2019 (METIS, Bathe lab)",10.1038/s41467-019-13457-y,hexagon,6,120.0,6HB,74,391,111.34,8.659999999999997
Figure 3b,"Jun et al. Nat Commun 2019 (METIS, Bathe lab)",10.1038/s41467-019-13457-y,hexagon,6,120.0,DX,74,392,117.12,2.8799999999999955
Figure 3b,"Jun et al. Nat Commun 2019 (METIS, Bathe lab)",10.1038/s41467-019-13457-y,hexagon,6,120.0,6HB,74,392,128.89,8.889999999999986
Figure 3b,"Jun et al. Nat Commun 2019 (METIS, Bathe lab)",10.1038/s41467-019-13457-y,hexagon,6,120.0,DX,74,393,132.16,12.159999999999997
Figure 3b,"Jun et al. Nat Commun 2019 (METIS, Bathe lab)",10.1038/s41467-019-13457-y,hexagon,6,120.0,6HB,74,393,117.92,2.0799999999999983
Figure 3b,"Jun et al. Nat Commun 2019 (METIS, Bathe lab)",10.1038/s41467-019-13457-y,hexagon,6,120.0,DX,74,394,139.41,19.409999999999997
Figure 3b,"Jun et al. Nat Commun 2019 (METIS, Bathe lab)",10.1038/s41467-019-13457-y,hexagon,6,120.0,6HB,74,394,122.59,2.5900000000000034
Figure 3b,"Jun et al. Nat Commun 2019 (METIS, Bathe lab)",10.1038/s41467-019-13457-y,hexagon,6,120.0,DX,74,395,121.23,1.230000000000004
Figure 3b,"Jun et al. Nat Commun 2019 (METIS, Bathe lab)",10.1038/s41467-019-13457-y,hexagon,6,120.0,6HB,74,395,121.7,1.7000000000000028
Figure 3b,"Jun et al. Nat Commun 2019 (METIS, Bathe lab)",10.1038/s41467-019-13457-y,hexagon,6,120.0,DX,74,396,124.89,4.890000000000001
Figure 3b,"Jun et al. Nat Commun 2019 (METIS, Bathe lab)",10.1038/s41467-019-13457-y,hexagon,6,120.0,6HB,74,396,125.25,5.25
Figure 3b,"Jun et al. Nat Commun 2019 (METIS, Bathe lab)",10.1038/s41467-019-13457-y,hexagon,6,120.0,DX,74,397,127.84,7.840000000000003
Figure 3b,"Jun et al. Nat Commun 2019 (METIS, Bathe lab)",10.1038/s41467-019-13457-y,hexagon,6,120.0,6HB,74,397,122.09,2.0900000000000034
Figure 3b,"Jun et al. Nat Commun 2019 (METIS, Bathe lab)",10.1038/s41467-019-13457-y,hexagon,6,120.0,DX,74,398,103.64,16.36
Figure 3b,"Jun et al. Nat Commun 2019 (METIS, Bathe lab)",10.1038/s41467-019-13457-y,hexagon,6,120.0,6HB,74,398,129.76,9.759999999999991
Figure 3b,"Jun et al. Nat Commun 2019 (METIS, Bathe lab)",10.1038/s41467-019-13457-y,hexagon,6,120.0,DX,74,399,112.67,7.329999999999998
Figure 3b,"Jun et al. Nat Commun 2019 (METIS, Bathe lab)",10.1038/s41467-019-13457-y,hexagon,6,120.0,6HB,74,399,131.76,11.759999999999991
Figure 3b,"Jun et al. Nat Commun 2019 (METIS, Bathe lab)",10.1038/s41467-019-13457-y,hexagon,6,120.0,DX,74,400,119.32,0.6800000000000068
Figure 3b,"Jun et al. Nat Commun 2019 (METIS, Bathe lab)",10.1038/s41467-019-13457-y,hexagon,6,120.0,6HB,74,400,127.16,7.159999999999997
Figure 3b,"Jun et al. Nat Commun 2019 (METIS, Bathe lab)",10.1038/s41467-019-13457-y,hexagon,6,120.0,DX,74,401,65.78,54.22
Figure 3b,"Jun et al. Nat Commun 2019 (METIS, Bathe lab)",10.1038/s41467-019-13457-y,hexagon,6,120.0,6HB,74,401,122.84,2.8400000000000034
Figure 3b,"Jun et al. Nat Commun 2019 (METIS, Bathe lab)",10.1038/s41467-019-13457-y,hexagon,6,120.0,DX,74,402,113.85,6.150000000000006
Figure 3b,"Jun et al. Nat Commun 2019 (METIS, Bathe lab)",10.1038/s41467-019-13457-y,hexagon,6,120.0,6HB,74,402,127.06,7.060000000000002
Figure 3b,"Jun et al. Nat Commun 2019 (METIS, Bathe lab)",10.1038/s41467-019-13457-y,hexagon,6,120.0,DX,74,403,137.93,17.930000000000007
Figure 3b,"Jun et al. Nat Commun 2019 (METIS, Bathe lab)",10.1038/s41467-019-13457-y,hexagon,6,120.0,6HB,74,403,124.48,4.480000000000004
Figure 3b,"Jun et al. Nat Commun 2019 (METIS, Bathe lab)",10.1038/s41467-019-13457-y,hexagon,6,120.0,DX,74,404,127.72,7.719999999999999
Figure 3b,"Jun et al. Nat Commun 2019 (METIS, Bathe lab)",10.1038/s41467-019-13457-y,hexagon,6,120.0,6HB,74,404,123.74,3.739999999999995
Figure 3b,"Jun et al. Nat Commun 2019 (METIS, Bathe lab)",10.1038/s41467-019-13457-y,hexagon,6,120.0,DX,74,405,116.86,3.1400000000000006
Figure 3b,"Jun et al. Nat Commun 2019 (METIS, Bathe lab)",10.1038/s41467-019-13457-y,hexagon,6,120.0,6HB,74,405,110.09,9.909999999999997
Figure 3b,"Jun et al. Nat Commun 2019 (METIS, Bathe lab)",10.1038/s41467-019-13457-y,hexagon,6,120.0,DX,74,406,123.43,3.430000000000007
Figure 3b,"Jun et al. Nat Commun 2019 (METIS, Bathe lab)",10.1038/s41467-019-13457-y,hexagon,6,120.0,6HB,74,406,124.24,4.239999999999995
Figure 3b,"Jun et al. Nat Commun 2019 (METIS, Bathe lab)",10.1038/s41467-019-13457-y,hexagon,6,120.0,DX,74,407,119.01,0.9899999999999949
Figure 3b,"Jun et al. Nat Commun 2019 (METIS, Bathe lab)",10.1038/s41467-019-13457-y,hexagon,6,120.0,6HB,74,407,125.01,5.010000000000005
Figure 3b,"Jun et al. Nat Commun 2019 (METIS, Bathe lab)",10.1038/s41467-019-13457-y,hexagon,6,120.0,DX,74,408,130.14,10.139999999999986
Figure 3b,"Jun et al. Nat Commun 2019 (METIS, Bathe lab)",10.1038/s41467-019-13457-y,hexagon,6,120.0,6HB,74,408,129.72,9.719999999999999
Figure 3b,"Jun et al. Nat Commun 2019 (METIS, Bathe lab)",10.1038/s41467-019-13457-y,hexagon,6,120.0,DX,74,409,124.57,4.569999999999993
Figure 3b,"Jun et al. Nat Commun 2019 (METIS, Bathe lab)",10.1038/s41467-019-13457-y,hexagon,6,120.0,6HB,74,409,125.37,5.3700000000000045
Figure 3b,"Jun et al. Nat Commun 2019 (METIS, Bathe lab)",10.1038/s41467-019-13457-y,hexagon,6,120.0,DX,74,410,121.96,1.9599999999999937
Figure 3b,"Jun et al. Nat Commun 2019 (METIS, Bathe lab)",10.1038/s41467-019-13457-y,hexagon,6,120.0,6HB,74,410,109.56,10.439999999999998
Figure 3b,"Jun et al. Nat Commun 2019 (METIS, Bathe lab)",10.1038/s41467-019-13457-y,hexagon,6,120.0,DX,74,411,122.87,2.8700000000000045
Figure 3b,"Jun et al. Nat Commun 2019 (METIS, Bathe lab)",10.1038/s41467-019-13457-y,hexagon,6,120.0,6HB,74,411,121.99,1.9899999999999949
Figure 3b,"Jun et al. Nat Commun 2019 (METIS, Bathe lab)",10.1038/s41467-019-13457-y,hexagon,6,120.0,DX,74,412,130.2,10.199999999999989
Figure 3b,"Jun et al. Nat Commun 2019 (METIS, Bathe lab)",10.1038/s41467-019-13457-y,hexagon,6,120.0,6HB,74,412,121.59,1.5900000000000034
Figure 3b,"Jun et al. Nat Commun 2019 (METIS, Bathe lab)",10.1038/s41467-019-13457-y,hexagon,6,120.0,DX,74,413,124.14,4.140000000000001
Figure 3b,"Jun et al. Nat Commun 2019 (METIS, Bathe lab)",10.1038/s41467-019-13457-y,hexagon,6,120.0,6HB,74,413,119.27,0.730000000000004
Figure 3b,"Jun et al. Nat Commun 2019 (METIS, Bathe lab)",10.1038/s41467-019-13457-y,hexagon,6,120.0,DX,74,414,135.92,15.919999999999987
Figure 3b,"Jun et al. Nat Commun 2019 (METIS, Bathe lab)",10.1038/s41467-019-13457-y,hexagon,6,120.0,6HB,74,414,114.09,5.909999999999997
Figure 3b,"Jun et al. Nat Commun 2019 (METIS, Bathe lab)",10.1038/s41467-019-13457-y,hexagon,6,120.0,DX,74,415,122.43,2.430000000000007
Figure 3b,"Jun et al. Nat Commun 2019 (METIS, Bathe lab)",10.1038/s41467-019-13457-y,hexagon,6,120.0,6HB,74,415,106.08,13.920000000000002
Figure 3b,"Jun et al. Nat Commun 2019 (METIS, Bathe lab)",10.1038/s41467-019-13457-y,hexagon,6,120.0,DX,74,416,135.25,15.25
Figure 3b,"Jun et al. Nat Commun 2019 (METIS, Bathe lab)",10.1038/s41467-019-13457-y,hexagon,6,120.0,6HB,74,416,122.74,2.739999999999995
Figure 3b,"Jun et al. Nat Commun 2019 (METIS, Bathe lab)",10.1038/s41467-019-13457-y,hexagon,6,120.0,DX,74,417,110.17,9.829999999999998
Figure 3b,"Jun et al. Nat Commun 2019 (METIS, Bathe lab)",10.1038/s41467-019-13457-y,hexagon,6,120.0,6HB,74,417,108.28,11.719999999999999
Figure 3b,"Jun et al. Nat Commun 2019 (METIS, Bathe lab)",10.1038/s41467-019-13457-y,hexagon,6,120.0,DX,74,418,129.67,9.669999999999987
Figure 3b,"Jun et al. Nat Commun 2019 (METIS, Bathe lab)",10.1038/s41467-019-13457-y,hexagon,6,120.0,6HB,74,418,109.71,10.290000000000006
Figure 3b,"Jun et al. Nat Commun 2019 (METIS, Bathe lab)",10.1038/s41467-019-13457-y,hexagon,6,120.0,DX,74,419,107.94,12.060000000000002
Figure 3b,"Jun et al. Nat Commun 2019 (METIS, Bathe lab)",10.1038/s41467-019-13457-y,hexagon,6,120.0,6HB,74,419,116.13,3.8700000000000045
Figure 3b,"Jun et al. Nat Commun 2019 (METIS, Bathe lab)",10.1038/s41467-019-13457-y,hexagon,6,120.0,DX,74,420,120.18,0.18000000000000682
Figure 3b,"Jun et al. Nat Commun 2019 (METIS, Bathe lab)",10.1038/s41467-019-13457-y,hexagon,6,120.0,6HB,74,420,119.33,0.6700000000000017
Figure 3b,"Jun et al. Nat Commun 2019 (METIS, Bathe lab)",10.1038/s41467-019-13457-y,hexagon,6,120.0,DX,74,421,135.16,15.159999999999997
Figure 3b,"Jun et al. Nat Commun 2019 (METIS, Bathe lab)",10.1038/s41467-019-13457-y,hexagon,6,120.0,6HB,74,421,129.61,9.610000000000014
Figure 3b,"Jun et al. Nat Commun 2019 (METIS, Bathe lab)",10.1038/s41467-019-13457-y,hexagon,6,120.0,DX,74,422,112.81,7.189999999999998
Figure 3b,"Jun et al. Nat Commun 2019 (METIS, Bathe lab)",10.1038/s41467-019-13457-y,hexagon,6,120.0,6HB,74,422,121.83,1.8299999999999983
Figure 3b,"Jun et al. Nat Commun 2019 (METIS, Bathe lab)",10.1038/s41467-019-13457-y,hexagon,6,120.0,DX,74,423,126.13,6.1299999999999955
Figure 3b,"Jun et al. Nat Commun 2019 (METIS, Bathe lab)",10.1038/s41467-019-13457-y,hexagon,6,120.0,6HB,74,423,124.54,4.540000000000006
Figure 3b,"Jun et al. Nat Commun 2019 (METIS, Bathe lab)",10.1038/s41467-019-13457-y,hexagon,6,120.0,DX,74,424,122.97,2.969999999999999
Figure 3b,"Jun et al. Nat Commun 2019 (METIS, Bathe lab)",10.1038/s41467-019-13457-y,hexagon,6,120.0,6HB,74,424,125.48,5.480000000000004
Figure 3b,"Jun et al. Nat Commun 2019 (METIS, Bathe lab)",10.1038/s41467-019-13457-y,hexagon,6,120.0,DX,74,425,97.8,22.200000000000003
Figure 3b,"Jun et al. Nat Commun 2019 (METIS, Bathe lab)",10.1038/s41467-019-13457-y,hexagon,6,120.0,6HB,74,425,119.22,0.7800000000000011
Figure 3b,"Jun et al. Nat Commun 2019 (METIS, Bathe lab)",10.1038/s41467-019-13457-y,hexagon,6,120.0,DX,74,426,138.5,18.5
Figure 3b,"Jun et al. Nat Commun 2019 (METIS, Bathe lab)",10.1038/s41467-019-13457-y,hexagon,6,120.0,6HB,74,426,114.66,5.340000000000003
Figure 3b,"Jun et al. Nat Commun 2019 (METIS, Bathe lab)",10.1038/s41467-019-13457-y,hexagon,6,120.0,DX,74,427,115.18,4.819999999999993
Figure 3b,"Jun et al. Nat Commun 2019 (METIS, Bathe lab)",10.1038/s41467-019-13457-y,hexagon,6,120.0,6HB,74,427,117.56,2.4399999999999977
Figure 3b,"Jun et al. Nat Commun 2019 (METIS, Bathe lab)",10.1038/s41467-019-13457-y,hexagon,6,120.0,DX,74,428,97.33,22.67
Figure 3b,"Jun et al. Nat Commun 2019 (METIS, Bathe lab)",10.1038/s41467-019-13457-y,hexagon,6,120.0,6HB,74,428,118.39,1.6099999999999994
Figure 3b,"Jun et al. Nat Commun 2019 (METIS, Bathe lab)",10.1038/s41467-019-13457-y,hexagon,6,120.0,DX,74,429,103.71,16.290000000000006
Figure 3b,"Jun et al. Nat Commun 2019 (METIS, Bathe lab)",10.1038/s41467-019-13457-y,hexagon,6,120.0,6HB,74,429,127.09,7.090000000000003
Figure 3b,"Jun et al. Nat Commun 2019 (METIS, Bathe lab)",10.1038/s41467-019-13457-y,hexagon,6,120.0,DX,74,430,107.25,12.75
Figure 3b,"Jun et al. Nat Commun 2019 (METIS, Bathe lab)",10.1038/s41467-019-13457-y,hexagon,6,120.0,6HB,74,430,121.72,1.7199999999999989
Figure 3b,"Jun et al. Nat Commun 2019 (METIS, Bathe lab)",10.1038/s41467-019-13457-y,hexagon,6,120.0,DX,74,431,145.77,25.77000000000001
Figure 3b,"Jun et al. Nat Commun 2019 (METIS, Bathe lab)",10.1038/s41467-019-13457-y,hexagon,6,120.0,6HB,74,431,117.41,2.5900000000000034
Figure 3b,"Jun et al. Nat Commun 2019 (METIS, Bathe lab)",10.1038/s41467-019-13457-y,hexagon,6,120.0,DX,74,432,116.58,3.4200000000000017
Figure 3b,"Jun et al. Nat Commun 2019 (METIS, Bathe lab)",10.1038/s41467-019-13457-y,hexagon,6,120.0,6HB,74,432,121.76,1.7600000000000051
Figure 3b,"Jun et al. Nat Commun 2019 (METIS, Bathe lab)",10.1038/s41467-019-13457-y,hexagon,6,120.0,DX,74,433,126.97,6.969999999999999
Figure 3b,"Jun et al. Nat Commun 2019 (METIS, Bathe lab)",10.1038/s41467-019-13457-y,hexagon,6,120.0,6HB,74,433,121.06,1.0600000000000023
Figure 3b,"Jun et al. Nat Commun 2019 (METIS, Bathe lab)",10.1038/s41467-019-13457-y,hexagon,6,120.0,DX,74,434,122.85,2.8499999999999943
Figure 3b,"Jun et al. Nat Commun 2019 (METIS, Bathe lab)",10.1038/s41467-019-13457-y,hexagon,6,120.0,6HB,74,434,117.09,2.9099999999999966
Figure 3b,"Jun et al. Nat Commun 2019 (METIS, Bathe lab)",10.1038/s41467-019-13457-y,hexagon,6,120.0,DX,74,435,155.32,35.31999999999999
Figure 3b,"Jun et al. Nat Commun 2019 (METIS, Bathe lab)",10.1038/s41467-019-13457-y,hexagon,6,120.0,6HB,74,435,122.0,2.0
Figure 3b,"Jun et al. Nat Commun 2019 (METIS, Bathe lab)",10.1038/s41467-019-13457-y,hexagon,6,120.0,DX,74,436,131.4,11.400000000000006
Figure 3b,"Jun et al. Nat Commun 2019 (METIS, Bathe lab)",10.1038/s41467-019-13457-y,hexagon,6,120.0,6HB,74,436,119.08,0.9200000000000017
Figure 3b,"Jun et al. Nat Commun 2019 (METIS, Bathe lab)",10.1038/s41467-019-13457-y,hexagon,6,120.0,DX,74,437,117.57,2.430000000000007
Figure 3b,"Jun et al. Nat Commun 2019 (METIS, Bathe lab)",10.1038/s41467-019-13457-y,hexagon,6,120.0,6HB,74,437,121.72,1.7199999999999989
Figure 3b,"Jun et al. Nat Commun 2019 (METIS, Bathe lab)",10.1038/s41467-019-13457-y,hexagon,6,120.0,DX,74,438,109.38,10.620000000000005
Figure 3b,"Jun et al. Nat Commun 2019 (METIS, Bathe lab)",10.1038/s41467-019-13457-y,hexagon,6,120.0,6HB,74,438,130.99,10.990000000000009
Figure 3b,"Jun et al. Nat Commun 2019 (METIS, Bathe lab)",10.1038/s41467-019-13457-y,hexagon,6,120.0,DX,74,439,132.84,12.840000000000003
Figure 3b,"Jun et al. Nat Commun 2019 (METIS, Bathe lab)",10.1038/s41467-019-13457-y,hexagon,6,120.0,6HB,74,439,113.04,6.959999999999994
Figure 3b,"Jun et al. Nat Commun 2019 (METIS, Bathe lab)",10.1038/s41467-019-13457-y,hexagon,6,120.0,DX,74,440,124.31,4.310000000000002
Figure 3b,"Jun et al. Nat Commun 2019 (METIS, Bathe lab)",10.1038/s41467-019-13457-y,hexagon,6,120.0,6HB,74,440,126.47,6.469999999999999
Figure 3b,"Jun et al. Nat Commun 2019 (METIS, Bathe lab)",10.1038/s41467-019-13457-y,hexagon,6,120.0,DX,74,441,117.49,2.510000000000005
Figure 3b,"Jun et al. Nat Commun 2019 (METIS, Bathe lab)",10.1038/s41467-019-13457-y,hexagon,6,120.0,6HB,74,441,120.23,0.23000000000000398
Figure 3b,"Jun et al. Nat Commun 2019 (METIS, Bathe lab)",10.1038/s41467-019-13457-y,hexagon,6,120.0,DX,74,442,126.57,6.569999999999993
Figure 3b,"Jun et al. Nat Commun 2019 (METIS, Bathe lab)",10.1038/s41467-019-13457-y,hexagon,6,120.0,6HB,74,442,122.48,2.480000000000004
Figure 3b,"Jun et al. Nat Commun 2019 (METIS, Bathe lab)",10.1038/s41467-019-13457-y,hexagon,6,120.0,DX,74,443,117.92,2.0799999999999983
Figure 3b,"Jun et al. Nat Commun 2019 (METIS, Bathe lab)",10.1038/s41467-019-13457-y,hexagon,6,120.0,6HB,74,443,120.32,0.3199999999999932
Figure 3b,"Jun et al. Nat Commun 2019 (METIS, Bathe lab)",10.1038/s41467-019-13457-y,hexagon,6,120.0,DX,74,444,125.16,5.159999999999997
Figure 3b,"Jun et al. Nat Commun 2019 (METIS, Bathe lab)",10.1038/s41467-019-13457-y,hexagon,6,120.0,6HB,74,444,124.67,4.670000000000002
Figure 3b,"Jun et al. Nat Commun 2019 (METIS, Bathe lab)",10.1038/s41467-019-13457-y,hexagon,6,120.0,DX,74,445,128.45,8.449999999999989
Figure 3b,"Jun et al. Nat Commun 2019 (METIS, Bathe lab)",10.1038/s41467-019-13457-y,hexagon,6,120.0,6HB,74,445,108.68,11.319999999999993
Figure 3b,"Jun et al. Nat Commun 2019 (METIS, Bathe lab)",10.1038/s41467-019-13457-y,hexagon,6,120.0,DX,74,446,117.79,2.2099999999999937
Figure 3b,"Jun et al. Nat Commun 2019 (METIS, Bathe lab)",10.1038/s41467-019-13457-y,hexagon,6,120.0,6HB,74,446,124.43,4.430000000000007
Figure 3b,"Jun et al. Nat Commun 2019 (METIS, Bathe lab)",10.1038/s41467-019-13457-y,hexagon,6,120.0,DX,74,447,117.56,2.4399999999999977
Figure 3b,"Jun et al. Nat Commun 2019 (METIS, Bathe lab)",10.1038/s41467-019-13457-y,hexagon,6,120.0,6HB,74,447,125.12,5.1200000000000045
Figure 3b,"Jun et al. Nat Commun 2019 (METIS, Bathe lab)",10.1038/s41467-019-13457-y,hexagon,6,120.0,DX,74,448,112.79,7.209999999999994
Figure 3b,"Jun et al. Nat Commun 2019 (METIS, Bathe lab)",10.1038/s41467-019-13457-y,hexagon,6,120.0,6HB,74,448,122.24,2.239999999999995
Figure 3b,"Jun et al. Nat Commun 2019 (METIS, Bathe lab)",10.1038/s41467-019-13457-y,hexagon,6,120.0,DX,74,449,118.34,1.6599999999999966
Figure 3b,"Jun et al. Nat Commun 2019 (METIS, Bathe lab)",10.1038/s41467-019-13457-y,hexagon,6,120.0,6HB,74,449,124.51,4.510000000000005
Figure 3b,"Jun et al. Nat Commun 2019 (METIS, Bathe lab)",10.1038/s41467-019-13457-y,hexagon,6,120.0,DX,74,450,77.65,42.349999999999994
Figure 3b,"Jun et al. Nat Commun 2019 (METIS, Bathe lab)",10.1038/s41467-019-13457-y,hexagon,6,120.0,6HB,74,450,116.73,3.269999999999996
Figure 3b,"Jun et al. Nat Commun 2019 (METIS, Bathe lab)",10.1038/s41467-019-13457-y,hexagon,6,120.0,DX,74,451,90.84,29.159999999999997
Figure 3b,"Jun et al. Nat Commun 2019 (METIS, Bathe lab)",10.1038/s41467-019-13457-y,hexagon,6,120.0,6HB,74,451,111.09,8.909999999999997
Figure 3b,"Jun et al. Nat Commun 2019 (METIS, Bathe lab)",10.1038/s41467-019-13457-y,hexagon,6,120.0,DX,74,452,117.11,2.8900000000000006
Figure 3b,"Jun et al. Nat Commun 2019 (METIS, Bathe lab)",10.1038/s41467-019-13457-y,hexagon,6,120.0,6HB,74,452,115.39,4.609999999999999
Figure 3b,"Jun et al. Nat Commun 2019 (METIS, Bathe lab)",10.1038/s41467-019-13457-y,hexagon,6,120.0,DX,74,453,135.0,15.0
Figure 3b,"Jun et al. Nat Commun 2019 (METIS, Bathe lab)",10.1038/s41467-019-13457-y,hexagon,6,120.0,6HB,74,453,114.46,5.540000000000006
Figure 3b,"Jun et al. Nat Commun 2019 (METIS, Bathe lab)",10.1038/s41467-019-13457-y,hexagon,6,120.0,DX,74,454,113.09,6.909999999999997
Figure 3b,"Jun et al. Nat Commun 2019 (METIS, Bathe lab)",10.1038/s41467-019-13457-y,hexagon,6,120.0,6HB,74,454,124.51,4.510000000000005
Figure 3b,"Jun et al. Nat Commun 2019 (METIS, Bathe lab)",10.1038/s41467-019-13457-y,hexagon,6,120.0,DX,74,455,108.97,11.030000000000001
Figure 3b,"Jun et al. Nat Commun 2019 (METIS, Bathe lab)",10.1038/s41467-019-13457-y,hexagon,6,120.0,6HB,74,455,107.26,12.739999999999995
Figure 3b,"Jun et al. Nat Commun 2019 (METIS, Bathe lab)",10.1038/s41467-019-13457-y,hexagon,6,120.0,DX,74,456,91.98,28.019999999999996
Figure 3b,"Jun et al. Nat Commun 2019 (METIS, Bathe lab)",10.1038/s41467-019-13457-y,hexagon,6,120.0,6HB,74,456,121.22,1.2199999999999989
Figure 3b,"Jun et al. Nat Commun 2019 (METIS, Bathe lab)",10.1038/s41467-019-13457-y,hexagon,6,120.0,DX,74,457,120.75,0.75
Figure 3b,"Jun et al. Nat Commun 2019 (METIS, Bathe lab)",10.1038/s41467-019-13457-y,hexagon,6,120.0,6HB,74,457,108.53,11.469999999999999
Figure 3b,"Jun et al. Nat Commun 2019 (METIS, Bathe lab)",10.1038/s41467-019-13457-y,hexagon,6,120.0,DX,74,458,140.17,20.169999999999987
Figure 3b,"Jun et al. Nat Commun 2019 (METIS, Bathe lab)",10.1038/s41467-019-13457-y,hexagon,6,120.0,6HB,74,458,110.52,9.480000000000004
Figure 3b,"Jun et al. Nat Commun 2019 (METIS, Bathe lab)",10.1038/s41467-019-13457-y,hexagon,6,120.0,DX,74,459,113.95,6.049999999999997
Figure 3b,"Jun et al. Nat Commun 2019 (METIS, Bathe lab)",10.1038/s41467-019-13457-y,hexagon,6,120.0,6HB,74,459,125.7,5.700000000000003
Figure 3b,"Jun et al. Nat Commun 2019 (METIS, Bathe lab)",10.1038/s41467-019-13457-y,hexagon,6,120.0,DX,74,460,97.59,22.409999999999997
Figure 3b,"Jun et al. Nat Commun 2019 (METIS, Bathe lab)",10.1038/s41467-019-13457-y,hexagon,6,120.0,6HB,74,460,121.73,1.730000000000004
Figure 3b,"Jun et al. Nat Commun 2019 (METIS, Bathe lab)",10.1038/s41467-019-13457-y,hexagon,6,120.0,DX,74,461,133.18,13.180000000000007
Figure 3b,"Jun et al. Nat Commun 2019 (METIS, Bathe lab)",10.1038/s41467-019-13457-y,hexagon,6,120.0,6HB,74,461,127.21,7.209999999999994
Figure 3b,"Jun et al. Nat Commun 2019 (METIS, Bathe lab)",10.1038/s41467-019-13457-y,hexagon,6,120.0,DX,74,462,90.37,29.629999999999995
Figure 3b,"Jun et al. Nat Commun 2019 (METIS, Bathe lab)",10.1038/s41467-019-13457-y,hexagon,6,120.0,6HB,74,462,119.86,0.14000000000000057
Figure 3b,"Jun et al. Nat Commun 2019 (METIS, Bathe lab)",10.1038/s41467-019-13457-y,hexagon,6,120.0,DX,74,463,105.7,14.299999999999997
Figure 3b,"Jun et al. Nat Commun 2019 (METIS, Bathe lab)",10.1038/s41467-019-13457-y,hexagon,6,120.0,6HB,74,463,125.2,5.200000000000003
Figure 3b,"Jun et al. Nat Commun 2019 (METIS, Bathe lab)",10.1038/s41467-019-13457-y,hexagon,6,120.0,DX,74,464,145.63,25.629999999999995
Figure 3b,"Jun et al. Nat Commun 2019 (METIS, Bathe lab)",10.1038/s41467-019-13457-y,hexagon,6,120.0,6HB,74,464,117.13,2.8700000000000045
Figure 3b,"Jun et al. Nat Commun 2019 (METIS, Bathe lab)",10.1038/s41467-019-13457-y,hexagon,6,120.0,DX,74,465,122.99,2.989999999999995
Figure 3b,"Jun et al. Nat Commun 2019 (METIS, Bathe lab)",10.1038/s41467-019-13457-y,hexagon,6,120.0,6HB,74,465,110.7,9.299999999999997
Figure 3b,"Jun et al. Nat Commun 2019 (METIS, Bathe lab)",10.1038/s41467-019-13457-y,hexagon,6,120.0,DX,74,466,139.17,19.169999999999987
Figure 3b,"Jun et al. Nat Commun 2019 (METIS, Bathe lab)",10.1038/s41467-019-13457-y,hexagon,6,120.0,6HB,74,466,123.95,3.950000000000003
Figure 3b,"Jun et al. Nat Commun 2019 (METIS, Bathe lab)",10.1038/s41467-019-13457-y,hexagon,6,120.0,DX,74,467,90.39,29.61
Figure 3b,"Jun et al. Nat Commun 2019 (METIS, Bathe lab)",10.1038/s41467-019-13457-y,hexagon,6,120.0,6HB,74,467,114.17,5.829999999999998
Figure 3b,"Jun et al. Nat Commun 2019 (METIS, Bathe lab)",10.1038/s41467-019-13457-y,hexagon,6,120.0,DX,74,468,120.96,0.9599999999999937
Figure 3b,"Jun et al. Nat Commun 2019 (METIS, Bathe lab)",10.1038/s41467-019-13457-y,hexagon,6,120.0,6HB,74,468,127.57,7.569999999999993
Figure 3b,"Jun et al. Nat Commun 2019 (METIS, Bathe lab)",10.1038/s41467-019-13457-y,hexagon,6,120.0,DX,74,469,115.13,4.8700000000000045
Figure 3b,"Jun et al. Nat Commun 2019 (METIS, Bathe lab)",10.1038/s41467-019-13457-y,hexagon,6,120.0,6HB,74,469,121.13,1.1299999999999955
Figure 3b,"Jun et al. Nat Commun 2019 (METIS, Bathe lab)",10.1038/s41467-019-13457-y,hexagon,6,120.0,DX,74,470,118.58,1.4200000000000017
Figure 3b,"Jun et al. Nat Commun 2019 (METIS, Bathe lab)",10.1038/s41467-019-13457-y,hexagon,6,120.0,6HB,74,470,111.34,8.659999999999997
Figure 3b,"Jun et al. Nat Commun 2019 (METIS, Bathe lab)",10.1038/s41467-019-13457-y,hexagon,6,120.0,DX,74,471,133.25,13.25
Figure 3b,"Jun et al. Nat Commun 2019 (METIS, Bathe lab)",10.1038/s41467-019-13457-y,hexagon,6,120.0,6HB,74,471,121.19,1.1899999999999977
Figure 3b,"Jun et al. Nat Commun 2019 (METIS, Bathe lab)",10.1038/s41467-019-13457-y,hexagon,6,120.0,DX,74,472,132.65,12.650000000000006
Figure 3b,"Jun et al. Nat Commun 2019 (METIS, Bathe lab)",10.1038/s41467-019-13457-y,hexagon,6,120.0,6HB,74,472,120.82,0.8199999999999932
Figure 3b,"Jun et al. Nat Commun 2019 (METIS, Bathe lab)",10.1038/s41467-019-13457-y,hexagon,6,120.0,DX,74,473,94.7,25.299999999999997
Figure 3b,"Jun et al. Nat Commun 2019 (METIS, Bathe lab)",10.1038/s41467-019-13457-y,hexagon,6,120.0,6HB,74,473,118.33,1.6700000000000017
Figure 3b,"Jun et al. Nat Commun 2019 (METIS, Bathe lab)",10.1038/s41467-019-13457-y,hexagon,6,120.0,DX,74,474,147.41,27.409999999999997
Figure 3b,"Jun et al. Nat Commun 2019 (METIS, Bathe lab)",10.1038/s41467-019-13457-y,hexagon,6,120.0,6HB,74,474,124.35,4.349999999999994
Figure 3b,"Jun et al. Nat Commun 2019 (METIS, Bathe lab)",10.1038/s41467-019-13457-y,hexagon,6,120.0,DX,74,475,123.08,3.0799999999999983
Figure 3b,"Jun et al. Nat Commun 2019 (METIS, Bathe lab)",10.1038/s41467-019-13457-y,hexagon,6,120.0,6HB,74,475,114.31,5.689999999999998
Figure 3b,"Jun et al. Nat Commun 2019 (METIS, Bathe lab)",10.1038/s41467-019-13457-y,hexagon,6,120.0,DX,74,476,134.28,14.280000000000001
Figure 3b,"Jun et al. Nat Commun 2019 (METIS, Bathe lab)",10.1038/s41467-019-13457-y,hexagon,6,120.0,6HB,74,476,126.15,6.150000000000006
Figure 3b,"Jun et al. Nat Commun 2019 (METIS, Bathe lab)",10.1038/s41467-019-13457-y,hexagon,6,120.0,DX,74,477,132.05,12.050000000000011
Figure 3b,"Jun et al. Nat Commun 2019 (METIS, Bathe lab)",10.1038/s41467-019-13457-y,hexagon,6,120.0,6HB,74,477,116.42,3.5799999999999983
Figure 3b,"Jun et al. Nat Commun 2019 (METIS, Bathe lab)",10.1038/s41467-019-13457-y,hexagon,6,120.0,DX,74,478,100.86,19.14
Figure 3b,"Jun et al. Nat Commun 2019 (METIS, Bathe lab)",10.1038/s41467-019-13457-y,hexagon,6,120.0,6HB,74,478,118.62,1.3799999999999955
Figure 3b,"Jun et al. Nat Commun 2019 (METIS, Bathe lab)",10.1038/s41467-019-13457-y,hexagon,6,120.0,DX,74,479,126.99,6.989999999999995
Figure 3b,"Jun et al. Nat Commun 2019 (METIS, Bathe lab)",10.1038/s41467-019-13457-y,hexagon,6,120.0,6HB,74,479,130.35,10.349999999999994
Figure 3b,"Jun et al. Nat Commun 2019 (METIS, Bathe lab)",10.1038/s41467-019-13457-y,hexagon,6,120.0,DX,74,480,127.2,7.200000000000003
Figure 3b,"Jun et al. Nat Commun 2019 (METIS, Bathe lab)",10.1038/s41467-019-13457-y,hexagon,6,120.0,6HB,74,480,131.29,11.289999999999992
Figure 3b,"Jun et al. Nat Commun 2019 (METIS, Bathe lab)",10.1038/s41467-019-13457-y,hexagon,6,120.0,DX,74,481,117.17,2.8299999999999983
Figure 3b,"Jun et al. Nat Commun 2019 (METIS, Bathe lab)",10.1038/s41467-019-13457-y,hexagon,6,120.0,6HB,74,481,123.33,3.3299999999999983
Figure 3b,"Jun et al. Nat Commun 2019 (METIS, Bathe lab)",10.1038/s41467-019-13457-y,hexagon,6,120.0,DX,74,482,126.11,6.109999999999999
Figure 3b,"Jun et al. Nat Commun 2019 (METIS, Bathe lab)",10.1038/s41467-019-13457-y,hexagon,6,120.0,6HB,74,482,125.17,5.170000000000002
Figure 3b,"Jun et al. Nat Commun 2019 (METIS, Bathe lab)",10.1038/s41467-019-13457-y,hexagon,6,120.0,DX,74,483,114.17,5.829999999999998
Figure 3b,"Jun et al. Nat Commun 2019 (METIS, Bathe lab)",10.1038/s41467-019-13457-y,hexagon,6,120.0,6HB,74,483,104.14,15.86
Figure 3b,"Jun et al. Nat Commun 2019 (METIS, Bathe lab)",10.1038/s41467-019-13457-y,hexagon,6,120.0,DX,74,484,125.78,5.780000000000001
Figure 3b,"Jun et al. Nat Commun 2019 (METIS, Bathe lab)",10.1038/s41467-019-13457-y,hexagon,6,120.0,6HB,74,484,115.64,4.359999999999999
Figure 3b,"Jun et al. Nat Commun 2019 (METIS, Bathe lab)",10.1038/s41467-019-13457-y,hexagon,6,120.0,DX,74,485,122.89,2.8900000000000006
Figure 3b,"Jun et al. Nat Commun 2019 (METIS, Bathe lab)",10.1038/s41467-019-13457-y,hexagon,6,120.0,6HB,74,485,112.34,7.659999999999997
Figure 3b,"Jun et al. Nat Commun 2019 (METIS, Bathe lab)",10.1038/s41467-019-13457-y,hexagon,6,120.0,DX,74,486,90.23,29.769999999999996
Figure 3b,"Jun et al. Nat Commun 2019 (METIS, Bathe lab)",10.1038/s41467-019-13457-y,hexagon,6,120.0,6HB,74,486,113.03,6.969999999999999
Figure 3b,"Jun et al. Nat Commun 2019 (METIS, Bathe lab)",10.1038/s41467-019-13457-y,hexagon,6,120.0,DX,74,487,129.35,9.349999999999994
Figure 3b,"Jun et al. Nat Commun 2019 (METIS, Bathe lab)",10.1038/s41467-019-13457-y,hexagon,6,120.0,6HB,74,487,126.67,6.670000000000002
Figure 3b,"Jun et al. Nat Commun 2019 (METIS, Bathe lab)",10.1038/s41467-019-13457-y,hexagon,6,120.0,DX,74,488,95.17,24.83
Figure 3b,"Jun et al. Nat Commun 2019 (METIS, Bathe lab)",10.1038/s41467-019-13457-y,hexagon,6,120.0,6HB,74,488,117.14,2.8599999999999994
Figure 3b,"Jun et al. Nat Commun 2019 (METIS, Bathe lab)",10.1038/s41467-019-13457-y,hexagon,6,120.0,DX,74,489,126.45,6.450000000000003
Figure 3b,"Jun et al. Nat Commun 2019 (METIS, Bathe lab)",10.1038/s41467-019-13457-y,hexagon,6,120.0,6HB,74,489,118.77,1.230000000000004
Figure 3b,"Jun et al. Nat Commun 2019 (METIS, Bathe lab)",10.1038/s41467-019-13457-y,hexagon,6,120.0,DX,74,490,118.74,1.2600000000000051
Figure 3b,"Jun et al. Nat Commun 2019 (METIS, Bathe lab)",10.1038/s41467-019-13457-y,hexagon,6,120.0,6HB,74,490,112.12,7.8799999999999955
Figure 3b,"Jun et al. Nat Commun 2019 (METIS, Bathe lab)",10.1038/s41467-019-13457-y,hexagon,6,120.0,DX,74,491,95.67,24.33
Figure 3b,"Jun et al. Nat Commun 2019 (METIS, Bathe lab)",10.1038/s41467-019-13457-y,hexagon,6,120.0,6HB,74,491,129.05,9.050000000000011
Figure 3b,"Jun et al. Nat Commun 2019 (METIS, Bathe lab)",10.1038/s41467-019-13457-y,hexagon,6,120.0,DX,74,492,123.3,3.299999999999997
Figure 3b,"Jun et al. Nat Commun 2019 (METIS, Bathe lab)",10.1038/s41467-019-13457-y,hexagon,6,120.0,6HB,74,492,126.11,6.109999999999999
Figure 3b,"Jun et al. Nat Commun 2019 (METIS, Bathe lab)",10.1038/s41467-019-13457-y,hexagon,6,120.0,DX,74,493,110.32,9.680000000000007
Figure 3b,"Jun et al. Nat Commun 2019 (METIS, Bathe lab)",10.1038/s41467-019-13457-y,hexagon,6,120.0,6HB,74,493,117.91,2.0900000000000034
Figure 3b,"Jun et al. Nat Commun 2019 (METIS, Bathe lab)",10.1038/s41467-019-13457-y,hexagon,6,120.0,DX,74,494,95.09,24.909999999999997
Figure 3b,"Jun et al. Nat Commun 2019 (METIS, Bathe lab)",10.1038/s41467-019-13457-y,hexagon,6,120.0,6HB,74,494,119.56,0.4399999999999977
Figure 3b,"Jun et al. Nat Commun 2019 (METIS, Bathe lab)",10.1038/s41467-019-13457-y,hexagon,6,120.0,DX,74,495,110.42,9.579999999999998
Figure 3b,"Jun et al. Nat Commun 2019 (METIS, Bathe lab)",10.1038/s41467-019-13457-y,hexagon,6,120.0,6HB,74,495,120.51,0.5100000000000051
Figure 3b,"Jun et al. Nat Commun 2019 (METIS, Bathe lab)",10.1038/s41467-019-13457-y,hexagon,6,120.0,DX,74,496,116.7,3.299999999999997
Figure 3b,"Jun et al. Nat Commun 2019 (METIS, Bathe lab)",10.1038/s41467-019-13457-y,hexagon,6,120.0,6HB,74,496,123.18,3.180000000000007
Figure 3b,"Jun et al. Nat Commun 2019 (METIS, Bathe lab)",10.1038/s41467-019-13457-y,hexagon,6,120.0,DX,74,497,112.82,7.180000000000007
Figure 3b,"Jun et al. Nat Commun 2019 (METIS, Bathe lab)",10.1038/s41467-019-13457-y,hexagon,6,120.0,6HB,74,497,129.24,9.240000000000009
Figure 3b,"Jun et al. Nat Commun 2019 (METIS, Bathe lab)",10.1038/s41467-019-13457-y,hexagon,6,120.0,DX,74,498,124.13,4.1299999999999955
Figure 3b,"Jun et al. Nat Commun 2019 (METIS, Bathe lab)",10.1038/s41467-019-13457-y,hexagon,6,120.0,6HB,74,498,121.57,1.5699999999999932
Figure 3b,"Jun et al. Nat Commun 2019 (METIS, Bathe lab)",10.1038/s41467-019-13457-y,hexagon,6,120.0,DX,74,499,69.41,50.59
Figure 3b,"Jun et al. Nat Commun 2019 (METIS, Bathe lab)",10.1038/s41467-019-13457-y,hexagon,6,120.0,6HB,74,499,120.82,0.8199999999999932
Figure 3b,"Jun et al. Nat Commun 2019 (METIS, Bathe lab)",10.1038/s41467-019-13457-y,hexagon,6,120.0,DX,74,500,120.63,0.6299999999999955
Figure 3b,"Jun et al. Nat Commun 2019 (METIS, Bathe lab)",10.1038/s41467-019-13457-y,hexagon,6,120.0,6HB,74,500,118.33,1.6700000000000017
Figure 3b,"Jun et al. Nat Commun 2019 (METIS, Bathe lab)",10.1038/s41467-019-13457-y,hexagon,6,120.0,DX,74,501,116.67,3.3299999999999983
Figure 3b,"Jun et al. Nat Commun 2019 (METIS, Bathe lab)",10.1038/s41467-019-13457-y,hexagon,6,120.0,6HB,74,501,124.35,4.349999999999994
Figure 3b,"Jun et al. Nat Commun 2019 (METIS, Bathe lab)",10.1038/s41467-019-13457-y,hexagon,6,120.0,DX,74,502,107.4,12.599999999999994
Figure 3b,"Jun et al. Nat Commun 2019 (METIS, Bathe lab)",10.1038/s41467-019-13457-y,hexagon,6,120.0,6HB,74,502,114.31,5.689999999999998
Figure 3b,"Jun et al. Nat Commun 2019 (METIS, Bathe lab)",10.1038/s41467-019-13457-y,hexagon,6,120.0,DX,74,503,99.52,20.480000000000004
Figure 3b,"Jun et al. Nat Commun 2019 (METIS, Bathe lab)",10.1038/s41467-019-13457-y,hexagon,6,120.0,6HB,74,503,126.15,6.150000000000006
Figure 3b,"Jun et al. Nat Commun 2019 (METIS, Bathe lab)",10.1038/s41467-019-13457-y,hexagon,6,120.0,DX,74,504,102.11,17.89
Figure 3b,"Jun et al. Nat Commun 2019 (METIS, Bathe lab)",10.1038/s41467-019-13457-y,hexagon,6,120.0,6HB,74,504,116.42,3.5799999999999983
Figure 3b,"Jun et al. Nat Commun 2019 (METIS, Bathe lab)",10.1038/s41467-019-13457-y,hexagon,6,120.0,DX,74,505,132.15,12.150000000000006
Figure 3b,"Jun et al. Nat Commun 2019 (METIS, Bathe lab)",10.1038/s41467-019-13457-y,hexagon,6,120.0,6HB,74,505,118.62,1.3799999999999955
Figure 3b,"Jun et al. Nat Commun 2019 (METIS, Bathe lab)",10.1038/s41467-019-13457-y,hexagon,6,120.0,DX,74,506,131.57,11.569999999999993
Figure 3b,"Jun et al. Nat Commun 2019 (METIS, Bathe lab)",10.1038/s41467-019-13457-y,hexagon,6,120.0,6HB,74,506,130.35,10.349999999999994
Figure 3b,"Jun et al. Nat Commun 2019 (METIS, Bathe lab)",10.1038/s41467-019-13457-y,hexagon,6,120.0,DX,74,507,113.2,6.799999999999997
Figure 3b,"Jun et al. Nat Commun 2019 (METIS, Bathe lab)",10.1038/s41467-019-13457-y,hexagon,6,120.0,6HB,74,507,131.29,11.289999999999992
Figure 3b,"Jun et al. Nat Commun 2019 (METIS, Bathe lab)",10.1038/s41467-019-13457-y,hexagon,6,120.0,DX,74,508,120.94,0.9399999999999977
Figure 3b,"Jun et al. Nat Commun 2019 (METIS, Bathe lab)",10.1038/s41467-019-13457-y,hexagon,6,120.0,6HB,74,508,123.33,3.3299999999999983
Figure 3b,"Jun et al. Nat Commun 2019 (METIS, Bathe lab)",10.1038/s41467-019-13457-y,hexagon,6,120.0,DX,74,509,128.38,8.379999999999995
Figure 3b,"Jun et al. Nat Commun 2019 (METIS, Bathe lab)",10.1038/s41467-019-13457-y,hexagon,6,120.0,6HB,74,509,125.17,5.170000000000002
Figure 3b,"Jun et al. Nat Commun 2019 (METIS, Bathe lab)",10.1038/s41467-019-13457-y,hexagon,6,120.0,DX,74,510,124.38,4.3799999999999955
Figure 3b,"Jun et al. Nat Commun 2019 (METIS, Bathe lab)",10.1038/s41467-019-13457-y,hexagon,6,120.0,6HB,74,510,104.14,15.86
Figure 3b,"Jun et al. Nat Commun 2019 (METIS, Bathe lab)",10.1038/s41467-019-13457-y,hexagon,6,120.0,DX,74,511,92.52,27.480000000000004
Figure 3b,"Jun et al. Nat Commun 2019 (METIS, Bathe lab)",10.1038/s41467-019-13457-y,hexagon,6,120.0,6HB,74,511,115.64,4.359999999999999
Figure 3b,"Jun et al. Nat Commun 2019 (METIS, Bathe lab)",10.1038/s41467-019-13457-y,hexagon,6,120.0,DX,74,512,129.21,9.210000000000008
Figure 3b,"Jun et al. Nat Commun 2019 (METIS, Bathe lab)",10.1038/s41467-019-13457-y,hexagon,6,120.0,6HB,74,512,112.34,7.659999999999997
Figure 3b,"Jun et al. Nat Commun 2019 (METIS, Bathe lab)",10.1038/s41467-019-13457-y,hexagon,6,120.0,DX,74,513,109.91,10.090000000000003
Figure 3b,"Jun et al. Nat Commun 2019 (METIS, Bathe lab)",10.1038/s41467-019-13457-y,hexagon,6,120.0,6HB,74,513,113.03,6.969999999999999
Figure 3b,"Jun et al. Nat Commun 2019 (METIS, Bathe lab)",10.1038/s41467-019-13457-y,hexagon,6,120.0,DX,74,514,116.96,3.0400000000000063
Figure 3b,"Jun et al. Nat Commun 2019 (METIS, Bathe lab)",10.1038/s41467-019-13457-y,hexagon,6,120.0,6HB,74,514,126.67,6.670000000000002
Figure 3b,"Jun et al. Nat Commun 2019 (METIS, Bathe lab)",10.1038/s41467-019-13457-y,hexagon,6,120.0,DX,74,515,97.25,22.75
Figure 3b,"Jun et al. Nat Commun 2019 (METIS, Bathe lab)",10.1038/s41467-019-13457-y,hexagon,6,120.0,6HB,74,515,117.14,2.8599999999999994
Figure 3b,"Jun et al. Nat Commun 2019 (METIS, Bathe lab)",10.1038/s41467-019-13457-y,hexagon,6,120.0,DX,74,516,138.1,18.099999999999994
Figure 3b,"Jun et al. Nat Commun 2019 (METIS, Bathe lab)",10.1038/s41467-019-13457-y,hexagon,6,120.0,6HB,74,516,118.77,1.230000000000004
Figure 3b,"Jun et al. Nat Commun 2019 (METIS, Bathe lab)",10.1038/s41467-019-13457-y,hexagon,6,120.0,DX,74,517,103.78,16.22
Figure 3b,"Jun et al. Nat Commun 2019 (METIS, Bathe lab)",10.1038/s41467-019-13457-y,hexagon,6,120.0,6HB,74,517,112.12,7.8799999999999955
Figure 3b,"Jun et al. Nat Commun 2019 (METIS, Bathe lab)",10.1038/s41467-019-13457-y,hexagon,6,120.0,DX,74,518,136.74,16.74000000000001
Figure 3b,"Jun et al. Nat Commun 2019 (METIS, Bathe lab)",10.1038/s41467-019-13457-y,hexagon,6,120.0,6HB,74,518,129.05,9.050000000000011
Figure 3b,"Jun et al. Nat Commun 2019 (METIS, Bathe lab)",10.1038/s41467-019-13457-y,hexagon,6,120.0,DX,74,519,107.41,12.590000000000003
Figure 3b,"Jun et al. Nat Commun 2019 (METIS, Bathe lab)",10.1038/s41467-019-13457-y,hexagon,6,120.0,6HB,74,519,126.11,6.109999999999999
Figure 3b,"Jun et al. Nat Commun 2019 (METIS, Bathe lab)",10.1038/s41467-019-13457-y,hexagon,6,120.0,DX,74,520,131.84,11.840000000000003
Figure 3b,"Jun et al. Nat Commun 2019 (METIS, Bathe lab)",10.1038/s41467-019-13457-y,hexagon,6,120.0,6HB,74,520,117.91,2.0900000000000034
Figure 3b,"Jun et al. Nat Commun 2019 (METIS, Bathe lab)",10.1038/s41467-019-13457-y,hexagon,6,120.0,DX,74,521,129.59,9.590000000000003
Figure 3b,"Jun et al. Nat Commun 2019 (METIS, Bathe lab)",10.1038/s41467-019-13457-y,hexagon,6,120.0,6HB,74,521,119.56,0.4399999999999977
Figure 3b,"Jun et al. Nat Commun 2019 (METIS, Bathe lab)",10.1038/s41467-019-13457-y,hexagon,6,120.0,DX,74,522,124.33,4.329999999999998
Figure 3b,"Jun et al. Nat Commun 2019 (METIS, Bathe lab)",10.1038/s41467-019-13457-y,hexagon,6,120.0,6HB,74,522,120.51,0.5100000000000051
Figure 3b,"Jun et al. Nat Commun 2019 (METIS, Bathe lab)",10.1038/s41467-019-13457-y,hexagon,6,120.0,DX,74,523,117.1,2.9000000000000057
Figure 3b,"Jun et al. Nat Commun 2019 (METIS, Bathe lab)",10.1038/s41467-019-13457-y,hexagon,6,120.0,6HB,74,523,123.18,3.180000000000007
Figure 3b,"Jun et al. Nat Commun 2019 (METIS, Bathe lab)",10.1038/s41467-019-13457-y,hexagon,6,120.0,DX,74,524,95.36,24.64
Figure 3b,"Jun et al. Nat Commun 2019 (METIS, Bathe lab)",10.1038/s41467-019-13457-y,hexagon,6,120.0,6HB,74,524,129.24,9.240000000000009
Figure 3b,"Jun et al. Nat Commun 2019 (METIS, Bathe lab)",10.1038/s41467-019-13457-y,hexagon,6,120.0,DX,74,525,120.48,0.480000000000004
Figure 3b,"Jun et al. Nat Commun 2019 (METIS, Bathe lab)",10.1038/s41467-019-13457-y,hexagon,6,120.0,6HB,74,525,121.57,1.5699999999999932
Figure 3b,"Jun et al. Nat Commun 2019 (METIS, Bathe lab)",10.1038/s41467-019-13457-y,hexagon,6,120.0,DX,74,526,136.13,16.129999999999995
Figure 3b,"Jun et al. Nat Commun 2019 (METIS, Bathe lab)",10.1038/s41467-019-13457-y,hexagon,6,120.0,6HB,74,526,116.98,3.019999999999996
Figure 3b,"Jun et al. Nat Commun 2019 (METIS, Bathe lab)",10.1038/s41467-019-13457-y,hexagon,6,120.0,DX,74,527,95.9,24.099999999999994
Figure 3b,"Jun et al. Nat Commun 2019 (METIS, Bathe lab)",10.1038/s41467-019-13457-y,hexagon,6,120.0,6HB,74,527,113.6,6.400000000000006
Figure 3b,"Jun et al. Nat Commun 2019 (METIS, Bathe lab)",10.1038/s41467-019-13457-y,hexagon,6,120.0,DX,74,528,147.4,27.400000000000006
Figure 3b,"Jun et al. Nat Commun 2019 (METIS, Bathe lab)",10.1038/s41467-019-13457-y,hexagon,6,120.0,6HB,74,528,115.82,4.180000000000007
Figure 3b,"Jun et al. Nat Commun 2019 (METIS, Bathe lab)",10.1038/s41467-019-13457-y,hexagon,6,120.0,DX,74,529,127.59,7.590000000000003
Figure 3b,"Jun et al. Nat Commun 2019 (METIS, Bathe lab)",10.1038/s41467-019-13457-y,hexagon,6,120.0,6HB,74,529,115.9,4.099999999999994
Figure 3b,"Jun et al. Nat Commun 2019 (METIS, Bathe lab)",10.1038/s41467-019-13457-y,hexagon,6,120.0,DX,74,530,119.47,0.5300000000000011
Figure 3b,"Jun et al. Nat Commun 2019 (METIS, Bathe lab)",10.1038/s41467-019-13457-y,hexagon,6,120.0,6HB,74,530,114.03,5.969999999999999
Figure 3b,"Jun et al. Nat Commun 2019 (METIS, Bathe lab)",10.1038/s41467-019-13457-y,hexagon,6,120.0,DX,74,531,133.28,13.280000000000001
Figure 3b,"Jun et al. Nat Commun 2019 (METIS, Bathe lab)",10.1038/s41467-019-13457-y,hexagon,6,120.0,6HB,74,531,122.46,2.4599999999999937
Figure 3b,"Jun et al. Nat Commun 2019 (METIS, Bathe lab)",10.1038/s41467-019-13457-y,hexagon,6,120.0,DX,74,532,157.77,37.77000000000001
Figure 3b,"Jun et al. Nat Commun 2019 (METIS, Bathe lab)",10.1038/s41467-019-13457-y,hexagon,6,120.0,6HB,74,532,122.36,2.3599999999999994
Figure 3b,"Jun et al. Nat Commun 2019 (METIS, Bathe lab)",10.1038/s41467-019-13457-y,hexagon,6,120.0,DX,74,533,130.44,10.439999999999998
Figure 3b,"Jun et al. Nat Commun 2019 (METIS, Bathe lab)",10.1038/s41467-019-13457-y,hexagon,6,120.0,6HB,74,533,122.22,2.219999999999999
Figure 3b,"Jun et al. Nat Commun 2019 (METIS, Bathe lab)",10.1038/s41467-019-13457-y,hexagon,6,120.0,DX,74,534,90.78,29.22
Figure 3b,"Jun et al. Nat Commun 2019 (METIS, Bathe lab)",10.1038/s41467-019-13457-y,hexagon,6,120.0,6HB,74,534,124.19,4.189999999999998
Figure 3b,"Jun et al. Nat Commun 2019 (METIS, Bathe lab)",10.1038/s41467-019-13457-y,hexagon,6,120.0,DX,74,535,126.31,6.310000000000002
Figure 3b,"Jun et al. Nat Commun 2019 (METIS, Bathe lab)",10.1038/s41467-019-13457-y,hexagon,6,120.0,6HB,74,535,116.68,3.319999999999993
Figure 3b,"Jun et al. Nat Commun 2019 (METIS, Bathe lab)",10.1038/s41467-019-13457-y,hexagon,6,120.0,DX,74,536,109.5,10.5
Figure 3b,"Jun et al. Nat Commun 2019 (METIS, Bathe lab)",10.1038/s41467-019-13457-y,hexagon,6,120.0,6HB,74,536,110.53,9.469999999999999
Figure 3b,"Jun et al. Nat Commun 2019 (METIS, Bathe lab)",10.1038/s41467-019-13457-y,hexagon,6,120.0,DX,74,537,112.49,7.510000000000005
Figure 3b,"Jun et al. Nat Commun 2019 (METIS, Bathe lab)",10.1038/s41467-019-13457-y,hexagon,6,120.0,6HB,74,537,128.43,8.430000000000007
Figure 3b,"Jun et al. Nat Commun 2019 (METIS, Bathe lab)",10.1038/s41467-019-13457-y,hexagon,6,120.0,DX,74,538,84.9,35.099999999999994
Figure 3b,"Jun et al. Nat Commun 2019 (METIS, Bathe lab)",10.1038/s41467-019-13457-y,hexagon,6,120.0,6HB,74,538,119.72,0.28000000000000114
Figure 3b,"Jun et al. Nat Commun 2019 (METIS, Bathe lab)",10.1038/s41467-019-13457-y,hexagon,6,120.0,DX,74,539,130.08,10.080000000000013
Figure 3b,"Jun et al. Nat Commun 2019 (METIS, Bathe lab)",10.1038/s41467-019-13457-y,hexagon,6,120.0,6HB,74,539,118.2,1.7999999999999972
Figure 3b,"Jun et al. Nat Commun 2019 (METIS, Bathe lab)",10.1038/s41467-019-13457-y,hexagon,6,120.0,DX,74,540,97.71,22.290000000000006
Figure 3b,"Jun et al. Nat Commun 2019 (METIS, Bathe lab)",10.1038/s41467-019-13457-y,hexagon,6,120.0,6HB,74,540,117.51,2.489999999999995
Figure 3b,"Jun et al. Nat Commun 2019 (METIS, Bathe lab)",10.1038/s41467-019-13457-y,hexagon,6,120.0,DX,74,541,120.18,0.18000000000000682
Figure 3b,"Jun et al. Nat Commun 2019 (METIS, Bathe lab)",10.1038/s41467-019-13457-y,hexagon,6,120.0,6HB,74,541,128.93,8.930000000000007
Figure 3b,"Jun et al. Nat Commun 2019 (METIS, Bathe lab)",10.1038/s41467-019-13457-y,hexagon,6,120.0,DX,74,542,117.68,2.319999999999993
Figure 3b,"Jun et al. Nat Commun 2019 (METIS, Bathe lab)",10.1038/s41467-019-13457-y,hexagon,6,120.0,6HB,74,542,116.09,3.9099999999999966
Figure 3b,"Jun et al. Nat Commun 2019 (METIS, Bathe lab)",10.1038/s41467-019-13457-y,hexagon,6,120.0,DX,74,543,106.03,13.969999999999999
Figure 3b,"Jun et al. Nat Commun 2019 (METIS, Bathe lab)",10.1038/s41467-019-13457-y,hexagon,6,120.0,6HB,74,543,115.39,4.609999999999999
Figure 3b,"Jun et al. Nat Commun 2019 (METIS, Bathe lab)",10.1038/s41467-019-13457-y,hexagon,6,120.0,DX,74,544,98.22,21.78
Figure 3b,"Jun et al. Nat Commun 2019 (METIS, Bathe lab)",10.1038/s41467-019-13457-y,hexagon,6,120.0,6HB,74,544,116.3,3.700000000000003
Figure 3b,"Jun et al. Nat Commun 2019 (METIS, Bathe lab)",10.1038/s41467-019-13457-y,hexagon,6,120.0,DX,74,545,129.78,9.780000000000001
Figure 3b,"Jun et al. Nat Commun 2019 (METIS, Bathe lab)",10.1038/s41467-019-13457-y,hexagon,6,120.0,6HB,74,545,120.78,0.7800000000000011
Figure 3b,"Jun et al. Nat Commun 2019 (METIS, Bathe lab)",10.1038/s41467-019-13457-y,hexagon,6,120.0,DX,74,546,105.6,14.400000000000006
Figure 3b,"Jun et al. Nat Commun 2019 (METIS, Bathe lab)",10.1038/s41467-019-13457-y,hexagon,6,120.0,6HB,74,546,128.26,8.259999999999991
Figure 3b,"Jun et al. Nat Commun 2019 (METIS, Bathe lab)",10.1038/s41467-019-13457-y,hexagon,6,120.0,DX,74,547,109.91,10.090000000000003
Figure 3b,"Jun et al. Nat Commun 2019 (METIS, Bathe lab)",10.1038/s41467-019-13457-y,hexagon,6,120.0,6HB,74,547,121.73,1.730000000000004
Figure 3b,"Jun et al. Nat Commun 2019 (METIS, Bathe lab)",10.1038/s41467-019-13457-y,hexagon,6,120.0,DX,74,548,132.84,12.840000000000003
Figure 3b,"Jun et al. Nat Commun 2019 (METIS, Bathe lab)",10.1038/s41467-019-13457-y,hexagon,6,120.0,6HB,74,548,124.63,4.6299999999999955
Figure 3b,"Jun et al. Nat Commun 2019 (METIS, Bathe lab)",10.1038/s41467-019-13457-y,hexagon,6,120.0,DX,74,549,134.45,14.449999999999989
Figure 3b,"Jun et al. Nat Commun 2019 (METIS, Bathe lab)",10.1038/s41467-019-13457-y,hexagon,6,120.0,6HB,74,549,136.25,16.25
Figure 3b,"Jun et al. Nat Commun 2019 (METIS, Bathe lab)",10.1038/s41467-019-13457-y,hexagon,6,120.0,DX,74,550,128.49,8.490000000000009
Figure 3b,"Jun et al. Nat Commun 2019 (METIS, Bathe lab)",10.1038/s41467-019-13457-y,hexagon,6,120.0,6HB,74,550,112.38,7.6200000000000045
Figure 3b,"Jun et al. Nat Commun 2019 (METIS, Bathe lab)",10.1038/s41467-019-13457-y,hexagon,6,120.0,DX,74,551,131.36,11.360000000000014
Figure 3b,"Jun et al. Nat Commun 2019 (METIS, Bathe lab)",10.1038/s41467-019-13457-y,hexagon,6,120.0,6HB,74,551,123.51,3.510000000000005
Figure 3b,"Jun et al. Nat Commun 2019 (METIS, Bathe lab)",10.1038/s41467-019-13457-y,hexagon,6,120.0,DX,74,552,130.74,10.740000000000009
Figure 3b,"Jun et al. Nat Commun 2019 (METIS, Bathe lab)",10.1038/s41467-019-13457-y,hexagon,6,120.0,6HB,74,552,111.4,8.599999999999994
Figure 3b,"Jun et al. Nat Commun 2019 (METIS, Bathe lab)",10.1038/s41467-019-13457-y,hexagon,6,120.0,DX,74,553,131.1,11.099999999999994
Figure 3b,"Jun et al. Nat Commun 2019 (METIS, Bathe lab)",10.1038/s41467-019-13457-y,hexagon,6,120.0,6HB,74,553,119.59,0.4099999999999966
Figure 3b,"Jun et al. Nat Commun 2019 (METIS, Bathe lab)",10.1038/s41467-019-13457-y,hexagon,6,120.0,DX,74,554,92.12,27.879999999999995
Figure 3b,"Jun et al. Nat Commun 2019 (METIS, Bathe lab)",10.1038/s41467-019-13457-y,hexagon,6,120.0,6HB,74,554,121.81,1.8100000000000023
Figure 3b,"Jun et al. Nat Commun 2019 (METIS, Bathe lab)",10.1038/s41467-019-13457-y,hexagon,6,120.0,DX,74,555,116.84,3.1599999999999966
Figure 3b,"Jun et al. Nat Commun 2019 (METIS, Bathe lab)",10.1038/s41467-019-13457-y,hexagon,6,120.0,6HB,74,555,115.17,4.829999999999998
Figure 3b,"Jun et al. Nat Commun 2019 (METIS, Bathe lab)",10.1038/s41467-019-13457-y,hexagon,6,120.0,DX,74,556,124.54,4.540000000000006
Figure 3b,"Jun et al. Nat Commun 2019 (METIS, Bathe lab)",10.1038/s41467-019-13457-y,hexagon,6,120.0,6HB,74,556,124.27,4.269999999999996
Figure 3b,"Jun et al. Nat Commun 2019 (METIS, Bathe lab)",10.1038/s41467-019-13457-y,hexagon,6,120.0,DX,74,557,136.58,16.580000000000013
Figure 3b,"Jun et al. Nat Commun 2019 (METIS, Bathe lab)",10.1038/s41467-019-13457-y,hexagon,6,120.0,6HB,74,557,121.73,1.730000000000004
Figure 3b,"Jun et al. Nat Commun 2019 (METIS, Bathe lab)",10.1038/s41467-019-13457-y,hexagon,6,120.0,DX,74,558,102.75,17.25
Figure 3b,"Jun et al. Nat Commun 2019 (METIS, Bathe lab)",10.1038/s41467-019-13457-y,hexagon,6,120.0,6HB,74,558,121.33,1.3299999999999983
Figure 3b,"Jun et al. Nat Commun 2019 (METIS, Bathe lab)",10.1038/s41467-019-13457-y,hexagon,6,120.0,DX,74,559,91.23,28.769999999999996
Figure 3b,"Jun et al. Nat Commun 2019 (METIS, Bathe lab)",10.1038/s41467-019-13457-y,hexagon,6,120.0,6HB,74,559,116.38,3.6200000000000045
Figure 3b,"Jun et al. Nat Commun 2019 (METIS, Bathe lab)",10.1038/s41467-019-13457-y,hexagon,6,120.0,DX,74,560,88.17,31.83
Figure 3b,"Jun et al. Nat Commun 2019 (METIS, Bathe lab)",10.1038/s41467-019-13457-y,hexagon,6,120.0,6HB,74,560,116.52,3.480000000000004
Figure 3b,"Jun et al. Nat Commun 2019 (METIS, Bathe lab)",10.1038/s41467-019-13457-y,hexagon,6,120.0,DX,74,561,142.77,22.77000000000001
Figure 3b,"Jun et al. Nat Commun 2019 (METIS, Bathe lab)",10.1038/s41467-019-13457-y,hexagon,6,120.0,6HB,74,561,122.55,2.549999999999997
Figure 3b,"Jun et al. Nat Commun 2019 (METIS, Bathe lab)",10.1038/s41467-019-13457-y,hexagon,6,120.0,DX,74,562,107.37,12.629999999999995
Figure 3b,"Jun et al. Nat Commun 2019 (METIS, Bathe lab)",10.1038/s41467-019-13457-y,hexagon,6,120.0,6HB,74,562,110.64,9.36
Figure 3b,"Jun et al. Nat Commun 2019 (METIS, Bathe lab)",10.1038/s41467-019-13457-y,hexagon,6,120.0,DX,74,563,128.99,8.990000000000009
Figure 3b,"Jun et al. Nat Commun 2019 (METIS, Bathe lab)",10.1038/s41467-019-13457-y,hexagon,6,120.0,6HB,74,563,115.75,4.25
Figure 3b,"Jun et al. Nat Commun 2019 (METIS, Bathe lab)",10.1038/s41467-019-13457-y,hexagon,6,120.0,DX,74,564,130.9,10.900000000000006
Figure 3b,"Jun et al. Nat Commun 2019 (METIS, Bathe lab)",10.1038/s41467-019-13457-y,hexagon,6,120.0,6HB,74,564,129.99,9.990000000000009
Figure 3b,"Jun et al. Nat Commun 2019 (METIS, Bathe lab)",10.1038/s41467-019-13457-y,hexagon,6,120.0,DX,74,565,118.41,1.5900000000000034
Figure 3b,"Jun et al. Nat Commun 2019 (METIS, Bathe lab)",10.1038/s41467-019-13457-y,hexagon,6,120.0,6HB,74,565,128.04,8.039999999999992
Figure 3b,"Jun et al. Nat Commun 2019 (METIS, Bathe lab)",10.1038/s41467-019-13457-y,hexagon,6,120.0,DX,74,566,126.99,6.989999999999995
Figure 3b,"Jun et al. Nat Commun 2019 (METIS, Bathe lab)",10.1038/s41467-019-13457-y,hexagon,6,120.0,6HB,74,566,115.15,4.849999999999994
Figure 3b,"Jun et al. Nat Commun 2019 (METIS, Bathe lab)",10.1038/s41467-019-13457-y,hexagon,6,120.0,DX,74,567,117.56,2.4399999999999977
Figure 3b,"Jun et al. Nat Commun 2019 (METIS, Bathe lab)",10.1038/s41467-019-13457-y,hexagon,6,120.0,6HB,74,567,116.97,3.030000000000001
Figure 3b,"Jun et al. Nat Commun 2019 (METIS, Bathe lab)",10.1038/s41467-019-13457-y,hexagon,6,120.0,DX,74,568,128.78,8.780000000000001
Figure 3b,"Jun et al. Nat Commun 2019 (METIS, Bathe lab)",10.1038/s41467-019-13457-y,hexagon,6,120.0,6HB,74,568,129.45,9.449999999999989
Figure 3b,"Jun et al. Nat Commun 2019 (METIS, Bathe lab)",10.1038/s41467-019-13457-y,hexagon,6,120.0,DX,74,569,133.22,13.219999999999999
Figure 3b,"Jun et al. Nat Commun 2019 (METIS, Bathe lab)",10.1038/s41467-019-13457-y,hexagon,6,120.0,6HB,74,569,117.88,2.1200000000000045
Figure 3b,"Jun et al. Nat Commun 2019 (METIS, Bathe lab)",10.1038/s41467-019-13457-y,hexagon,6,120.0,DX,74,570,104.43,15.569999999999993
Figure 3b,"Jun et al. Nat Commun 2019 (METIS, Bathe lab)",10.1038/s41467-019-13457-y,hexagon,6,120.0,6HB,74,570,119.51,0.4899999999999949
Figure 3b,"Jun et al. Nat Commun 2019 (METIS, Bathe lab)",10.1038/s41467-019-13457-y,hexagon,6,120.0,DX,74,571,139.84,19.840000000000003
Figure 3b,"Jun et al. Nat Commun 2019 (METIS, Bathe lab)",10.1038/s41467-019-13457-y,hexagon,6,120.0,6HB,74,571,119.29,0.7099999999999937
Figure 3b,"Jun et al. Nat Commun 2019 (METIS, Bathe lab)",10.1038/s41467-019-13457-y,hexagon,6,120.0,DX,74,572,120.88,0.8799999999999955
Figure 3b,"Jun et al. Nat Commun 2019 (METIS, Bathe lab)",10.1038/s41467-019-13457-y,hexagon,6,120.0,6HB,74,572,110.27,9.730000000000004
Figure 3b,"Jun et al. Nat Commun 2019 (METIS, Bathe lab)",10.1038/s41467-019-13457-y,hexagon,6,120.0,DX,74,573,122.28,2.280000000000001
Figure 3b,"Jun et al. Nat Commun 2019 (METIS, Bathe lab)",10.1038/s41467-019-13457-y,hexagon,6,120.0,6HB,74,573,122.62,2.6200000000000045
Figure 3b,"Jun et al. Nat Commun 2019 (METIS, Bathe lab)",10.1038/s41467-019-13457-y,hexagon,6,120.0,DX,74,574,135.19,15.189999999999998
Figure 3b,"Jun et al. Nat Commun 2019 (METIS, Bathe lab)",10.1038/s41467-019-13457-y,hexagon,6,120.0,6HB,74,574,110.16,9.840000000000003
Figure 3b,"Jun et al. Nat Commun 2019 (METIS, Bathe lab)",10.1038/s41467-019-13457-y,hexagon,6,120.0,DX,74,575,147.72,27.72
Figure 3b,"Jun et al. Nat Commun 2019 (METIS, Bathe lab)",10.1038/s41467-019-13457-y,hexagon,6,120.0,6HB,74,575,124.34,4.340000000000003
Figure 3b,"Jun et al. Nat Commun 2019 (METIS, Bathe lab)",10.1038/s41467-019-13457-y,hexagon,6,120.0,DX,74,576,127.61,7.609999999999999
Figure 3b,"Jun et al. Nat Commun 2019 (METIS, Bathe lab)",10.1038/s41467-019-13457-y,hexagon,6,120.0,6HB,74,576,122.76,2.760000000000005
Figure 3b,"Jun et al. Nat Commun 2019 (METIS, Bathe lab)",10.1038/s41467-019-13457-y,hexagon,6,120.0,DX,74,577,137.99,17.99000000000001
Figure 3b,"Jun et al. Nat Commun 2019 (METIS, Bathe lab)",10.1038/s41467-019-13457-y,hexagon,6,120.0,6HB,74,577,110.38,9.620000000000005
Figure 3b,"Jun et al. Nat Commun 2019 (METIS, Bathe lab)",10.1038/s41467-019-13457-y,hexagon,6,120.0,DX,74,578,117.59,2.4099999999999966
Figure 3b,"Jun et al. Nat Commun 2019 (METIS, Bathe lab)",10.1038/s41467-019-13457-y,hexagon,6,120.0,6HB,74,578,117.44,2.5600000000000023
Figure 3b,"Jun et al. Nat Commun 2019 (METIS, Bathe lab)",10.1038/s41467-019-13457-y,hexagon,6,120.0,DX,74,579,122.5,2.5
Figure 3b,"Jun et al. Nat Commun 2019 (METIS, Bathe lab)",10.1038/s41467-019-13457-y,hexagon,6,120.0,6HB,74,579,119.92,0.0799999999999983
Figure 3b,"Jun et al. Nat Commun 2019 (METIS, Bathe lab)",10.1038/s41467-019-13457-y,hexagon,6,120.0,DX,74,580,126.04,6.040000000000006
Figure 3b,"Jun et al. Nat Commun 2019 (METIS, Bathe lab)",10.1038/s41467-019-13457-y,hexagon,6,120.0,6HB,74,580,119.8,0.20000000000000284
Figure 3b,"Jun et al. Nat Commun 2019 (METIS, Bathe lab)",10.1038/s41467-019-13457-y,hexagon,6,120.0,DX,74,581,133.75,13.75
Figure 3b,"Jun et al. Nat Commun 2019 (METIS, Bathe lab)",10.1038/s41467-019-13457-y,hexagon,6,120.0,6HB,74,581,122.78,2.780000000000001
Figure 3b,"Jun et al. Nat Commun 2019 (METIS, Bathe lab)",10.1038/s41467-019-13457-y,hexagon,6,120.0,DX,74,582,137.64,17.639999999999986
Figure 3b,"Jun et al. Nat Commun 2019 (METIS, Bathe lab)",10.1038/s41467-019-13457-y,hexagon,6,120.0,6HB,74,582,119.29,0.7099999999999937
Figure 3b,"Jun et al. Nat Commun 2019 (METIS, Bathe lab)",10.1038/s41467-019-13457-y,hexagon,6,120.0,DX,74,583,116.02,3.980000000000004
Figure 3b,"Jun et al. Nat Commun 2019 (METIS, Bathe lab)",10.1038/s41467-019-13457-y,hexagon,6,120.0,6HB,74,583,118.36,1.6400000000000006
Figure 3b,"Jun et al. Nat Commun 2019 (METIS, Bathe lab)",10.1038/s41467-019-13457-y,hexagon,6,120.0,DX,74,584,125.43,5.430000000000007
Figure 3b,"Jun et al. Nat Commun 2019 (METIS, Bathe lab)",10.1038/s41467-019-13457-y,hexagon,6,120.0,6HB,74,584,118.86,1.1400000000000006
Figure 3b,"Jun et al. Nat Commun 2019 (METIS, Bathe lab)",10.1038/s41467-019-13457-y,hexagon,6,120.0,DX,74,585,130.14,10.139999999999986
Figure 3b,"Jun et al. Nat Commun 2019 (METIS, Bathe lab)",10.1038/s41467-019-13457-y,hexagon,6,120.0,6HB,74,585,119.51,0.4899999999999949
Figure 3b,"Jun et al. Nat Commun 2019 (METIS, Bathe lab)",10.1038/s41467-019-13457-y,hexagon,6,120.0,DX,74,586,101.72,18.28
Figure 3b,"Jun et al. Nat Commun 2019 (METIS, Bathe lab)",10.1038/s41467-019-13457-y,hexagon,6,120.0,6HB,74,586,122.81,2.8100000000000023
Figure 3b,"Jun et al. Nat Commun 2019 (METIS, Bathe lab)",10.1038/s41467-019-13457-y,hexagon,6,120.0,DX,74,587,111.5,8.5
Figure 3b,"Jun et al. Nat Commun 2019 (METIS, Bathe lab)",10.1038/s41467-019-13457-y,hexagon,6,120.0,6HB,74,587,129.51,9.509999999999991
Figure 3b,"Jun et al. Nat Commun 2019 (METIS, Bathe lab)",10.1038/s41467-019-13457-y,hexagon,6,120.0,DX,74,588,126.67,6.670000000000002
Figure 3b,"Jun et al. Nat Commun 2019 (METIS, Bathe lab)",10.1038/s41467-019-13457-y,hexagon,6,120.0,6HB,74,588,120.76,0.7600000000000051
Figure 3b,"Jun et al. Nat Commun 2019 (METIS, Bathe lab)",10.1038/s41467-019-13457-y,hexagon,6,120.0,DX,74,589,122.96,2.9599999999999937
Figure 3b,"Jun et al. Nat Commun 2019 (METIS, Bathe lab)",10.1038/s41467-019-13457-y,hexagon,6,120.0,6HB,74,589,123.49,3.489999999999995
Figure 3b,"Jun et al. Nat Commun 2019 (METIS, Bathe lab)",10.1038/s41467-019-13457-y,hexagon,6,120.0,DX,74,590,119.24,0.7600000000000051
Figure 3b,"Jun et al. Nat Commun 2019 (METIS, Bathe lab)",10.1038/s41467-019-13457-y,hexagon,6,120.0,6HB,74,590,123.28,3.280000000000001
Figure 3c,"Jun et al. Nat Commun 2019 (METIS, Bathe lab)",10.1038/s41467-019-13457-y,square,4,90.0,6HB,105,1,94.85,4.849999999999994
Figure 3c,"Jun et al. Nat Commun 2019 (METIS, Bathe lab)",10.1038/s41467-019-13457-y,square,4,90.0,6HB,105,2,89.15,0.8499999999999943
Figure 3c,"Jun et al. Nat Commun 2019 (METIS, Bathe lab)",10.1038/s41467-019-13457-y,square,4,90.0,6HB,105,3,90.7,0.7000000000000028
Figure 3c,"Jun et al. Nat Commun 2019 (METIS, Bathe lab)",10.1038/s41467-019-13457-y,square,4,90.0,6HB,105,4,84.71,5.290000000000006
Figure 3c,"Jun et al. Nat Commun 2019 (METIS, Bathe lab)",10.1038/s41467-019-13457-y,square,4,90.0,6HB,105,5,88.99,1.0100000000000051
Figure 3c,"Jun et al. Nat Commun 2019 (METIS, Bathe lab)",10.1038/s41467-019-13457-y,square,4,90.0,6HB,105,6,93.46,3.4599999999999937
Figure 3c,"Jun et al. Nat Commun 2019 (METIS, Bathe lab)",10.1038/s41467-019-13457-y,square,4,90.0,6HB,105,7,98.8,8.799999999999997
Figure 3c,"Jun et al. Nat Commun 2019 (METIS, Bathe lab)",10.1038/s41467-019-13457-y,square,4,90.0,6HB,105,8,95.48,5.480000000000004
Figure 3c,"Jun et al. Nat Commun 2019 (METIS, Bathe lab)",10.1038/s41467-019-13457-y,square,4,90.0,6HB,105,9,81.07,8.930000000000007
Figure 3c,"Jun et al. Nat Commun 2019 (METIS, Bathe lab)",10.1038/s41467-019-13457-y,square,4,90.0,6HB,105,10,96.66,6.659999999999997
Figure 3c,"Jun et al. Nat Commun 2019 (METIS, Bathe lab)",10.1038/s41467-019-13457-y,square,4,90.0,6HB,105,11,91.96,1.9599999999999937
Figure 3c,"Jun et al. Nat Commun 2019 (METIS, Bathe lab)",10.1038/s41467-019-13457-y,square,4,90.0,6HB,105,12,87.88,2.1200000000000045
Figure 3c,"Jun et al. Nat Commun 2019 (METIS, Bathe lab)",10.1038/s41467-019-13457-y,square,4,90.0,6HB,105,13,86.15,3.8499999999999943
Figure 3c,"Jun et al. Nat Commun 2019 (METIS, Bathe lab)",10.1038/s41467-019-13457-y,square,4,90.0,6HB,105,14,97.93,7.930000000000007
Figure 3c,"Jun et al. Nat Commun 2019 (METIS, Bathe lab)",10.1038/s41467-019-13457-y,square,4,90.0,6HB,105,15,99.77,9.769999999999996
Figure 3c,"Jun et al. Nat Commun 2019 (METIS, Bathe lab)",10.1038/s41467-019-13457-y,square,4,90.0,6HB,105,16,92.62,2.6200000000000045
Figure 3c,"Jun et al. Nat Commun 2019 (METIS, Bathe lab)",10.1038/s41467-019-13457-y,square,4,90.0,6HB,105,17,96.94,6.939999999999998
Figure 3c,"Jun et al. Nat Commun 2019 (METIS, Bathe lab)",10.1038/s41467-019-13457-y,square,4,90.0,6HB,105,18,85.73,4.269999999999996
Figure 3c,"Jun et al. Nat Commun 2019 (METIS, Bathe lab)",10.1038/s41467-019-13457-y,square,4,90.0,6HB,105,19,90.96,0.9599999999999937
Figure 3c,"Jun et al. Nat Commun 2019 (METIS, Bathe lab)",10.1038/s41467-019-13457-y,square,4,90.0,6HB,105,20,87.23,2.769999999999996
Figure 3c,"Jun et al. Nat Commun 2019 (METIS, Bathe lab)",10.1038/s41467-019-13457-y,square,4,90.0,6HB,105,21,81.55,8.450000000000003
Figure 3c,"Jun et al. Nat Commun 2019 (METIS, Bathe lab)",10.1038/s41467-019-13457-y,square,4,90.0,6HB,105,22,111.29,21.290000000000006
Figure 3c,"Jun et al. Nat Commun 2019 (METIS, Bathe lab)",10.1038/s41467-019-13457-y,square,4,90.0,6HB,105,23,110.39,20.39
Figure 3c,"Jun et al. Nat Commun 2019 (METIS, Bathe lab)",10.1038/s41467-019-13457-y,square,4,90.0,6HB,105,24,87.05,2.950000000000003
Figure 3c,"Jun et al. Nat Commun 2019 (METIS, Bathe lab)",10.1038/s41467-019-13457-y,square,4,90.0,6HB,105,25,78.04,11.959999999999994
Figure 3c,"Jun et al. Nat Commun 2019 (METIS, Bathe lab)",10.1038/s41467-019-13457-y,square,4,90.0,6HB,105,26,98.32,8.319999999999993
Figure 3c,"Jun et al. Nat Commun 2019 (METIS, Bathe lab)",10.1038/s41467-019-13457-y,square,4,90.0,6HB,105,27,97.09,7.090000000000003
Figure 3c,"Jun et al. Nat Commun 2019 (METIS, Bathe lab)",10.1038/s41467-019-13457-y,square,4,90.0,6HB,105,28,66.45,23.549999999999997
Figure 3c,"Jun et al. Nat Commun 2019 (METIS, Bathe lab)",10.1038/s41467-019-13457-y,square,4,90.0,6HB,105,29,112.8,22.799999999999997
Figure 3c,"Jun et al. Nat Commun 2019 (METIS, Bathe lab)",10.1038/s41467-019-13457-y,square,4,90.0,6HB,105,30,66.71,23.290000000000006
Figure 3c,"Jun et al. Nat Commun 2019 (METIS, Bathe lab)",10.1038/s41467-019-13457-y,square,4,90.0,6HB,105,31,115.13,25.129999999999995
Figure 3c,"Jun et al. Nat Commun 2019 (METIS, Bathe lab)",10.1038/s41467-019-13457-y,square,4,90.0,6HB,105,32,75.79,14.209999999999994
Figure 3c,"Jun et al. Nat Commun 2019 (METIS, Bathe lab)",10.1038/s41467-019-13457-y,square,4,90.0,6HB,105,33,104.93,14.930000000000007
Figure 3c,"Jun et al. Nat Commun 2019 (METIS, Bathe lab)",10.1038/s41467-019-13457-y,square,4,90.0,6HB,105,34,99.68,9.680000000000007
Figure 3c,"Jun et al. Nat Commun 2019 (METIS, Bathe lab)",10.1038/s41467-019-13457-y,square,4,90.0,6HB,105,35,92.42,2.4200000000000017
Figure 3c,"Jun et al. Nat Commun 2019 (METIS, Bathe lab)",10.1038/s41467-019-13457-y,square,4,90.0,6HB,105,36,90.85,0.8499999999999943
Figure 3c,"Jun et al. Nat Commun 2019 (METIS, Bathe lab)",10.1038/s41467-019-13457-y,square,4,90.0,6HB,105,37,82.96,7.040000000000006
Figure 3c,"Jun et al. Nat Commun 2019 (METIS, Bathe lab)",10.1038/s41467-019-13457-y,square,4,90.0,6HB,105,38,93.81,3.8100000000000023
Figure 3c,"Jun et al. Nat Commun 2019 (METIS, Bathe lab)",10.1038/s41467-019-13457-y,square,4,90.0,6HB,105,39,92.58,2.5799999999999983
Figure 3c,"Jun et al. Nat Commun 2019 (METIS, Bathe lab)",10.1038/s41467-019-13457-y,square,4,90.0,6HB,105,40,71.98,18.019999999999996
Figure 3c,"Jun et al. Nat Commun 2019 (METIS, Bathe lab)",10.1038/s41467-019-13457-y,square,4,90.0,6HB,105,41,95.1,5.099999999999994
Figure 3c,"Jun et al. Nat Commun 2019 (METIS, Bathe lab)",10.1038/s41467-019-13457-y,square,4,90.0,6HB,105,42,82.97,7.030000000000001
Figure 3c,"Jun et al. Nat Commun 2019 (METIS, Bathe lab)",10.1038/s41467-019-13457-y,square,4,90.0,6HB,105,43,90.35,0.3499999999999943
Figure 3c,"Jun et al. Nat Commun 2019 (METIS, Bathe lab)",10.1038/s41467-019-13457-y,square,4,90.0,6HB,105,44,91.36,1.3599999999999994
Figure 3c,"Jun et al. Nat Commun 2019 (METIS, Bathe lab)",10.1038/s41467-019-13457-y,square,4,90.0,6HB,105,45,84.19,5.810000000000002
Figure 3c,"Jun et al. Nat Commun 2019 (METIS, Bathe lab)",10.1038/s41467-019-13457-y,square,4,90.0,6HB,105,46,101.92,11.920000000000002
Figure 3c,"Jun et al. Nat Commun 2019 (METIS, Bathe lab)",10.1038/s41467-019-13457-y,square,4,90.0,6HB,105,47,99.21,9.209999999999994
Figure 3c,"Jun et al. Nat Commun 2019 (METIS, Bathe lab)",10.1038/s41467-019-13457-y,square,4,90.0,6HB,105,48,110.97,20.97
Figure 3c,"Jun et al. Nat Commun 2019 (METIS, Bathe lab)",10.1038/s41467-019-13457-y,square,4,90.0,6HB,105,49,80.38,9.620000000000005
Figure 3c,"Jun et al. Nat Commun 2019 (METIS, Bathe lab)",10.1038/s41467-019-13457-y,square,4,90.0,6HB,105,50,62.29,27.71
Figure 3c,"Jun et al. Nat Commun 2019 (METIS, Bathe lab)",10.1038/s41467-019-13457-y,square,4,90.0,6HB,105,51,109.68,19.680000000000007
Figure 3c,"Jun et al. Nat Commun 2019 (METIS, Bathe lab)",10.1038/s41467-019-13457-y,square,4,90.0,6HB,105,52,91.14,1.1400000000000006
Figure 3c,"Jun et al. Nat Commun 2019 (METIS, Bathe lab)",10.1038/s41467-019-13457-y,square,4,90.0,6HB,105,53,97.56,7.560000000000002
Figure 3c,"Jun et al. Nat Commun 2019 (METIS, Bathe lab)",10.1038/s41467-019-13457-y,square,4,90.0,6HB,105,54,111.86,21.86
Figure 3c,"Jun et al. Nat Commun 2019 (METIS, Bathe lab)",10.1038/s41467-019-13457-y,square,4,90.0,6HB,105,55,69.48,20.519999999999996
Figure 3c,"Jun et al. Nat Commun 2019 (METIS, Bathe lab)",10.1038/s41467-019-13457-y,square,4,90.0,6HB,105,56,89.67,0.3299999999999983
Figure 3c,"Jun et al. Nat Commun 2019 (METIS, Bathe lab)",10.1038/s41467-019-13457-y,square,4,90.0,6HB,105,57,87.77,2.230000000000004
Figure 3c,"Jun et al. Nat Commun 2019 (METIS, Bathe lab)",10.1038/s41467-019-13457-y,square,4,90.0,6HB,105,58,89.7,0.29999999999999716
Figure 3c,"Jun et al. Nat Commun 2019 (METIS, Bathe lab)",10.1038/s41467-019-13457-y,square,4,90.0,6HB,105,59,94.73,4.730000000000004
Figure 3c,"Jun et al. Nat Commun 2019 (METIS, Bathe lab)",10.1038/s41467-019-13457-y,square,4,90.0,6HB,105,60,99.98,9.980000000000004
Figure 3c,"Jun et al. Nat Commun 2019 (METIS, Bathe lab)",10.1038/s41467-019-13457-y,square,4,90.0,6HB,105,61,88.39,1.6099999999999994
Figure 3c,"Jun et al. Nat Commun 2019 (METIS, Bathe lab)",10.1038/s41467-019-13457-y,square,4,90.0,6HB,105,62,89.41,0.5900000000000034
Figure 3c,"Jun et al. Nat Commun 2019 (METIS, Bathe lab)",10.1038/s41467-019-13457-y,square,4,90.0,6HB,105,63,97.82,7.819999999999993
Figure 3c,"Jun et al. Nat Commun 2019 (METIS, Bathe lab)",10.1038/s41467-019-13457-y,square,4,90.0,6HB,105,64,97.49,7.489999999999995
Figure 3c,"Jun et al. Nat Commun 2019 (METIS, Bathe lab)",10.1038/s41467-019-13457-y,square,4,90.0,6HB,105,65,78.37,11.629999999999995
Figure 3c,"Jun et al. Nat Commun 2019 (METIS, Bathe lab)",10.1038/s41467-019-13457-y,square,4,90.0,6HB,105,66,78.65,11.349999999999994
Figure 3c,"Jun et al. Nat Commun 2019 (METIS, Bathe lab)",10.1038/s41467-019-13457-y,square,4,90.0,6HB,105,67,101.43,11.430000000000007
Figure 3c,"Jun et al. Nat Commun 2019 (METIS, Bathe lab)",10.1038/s41467-019-13457-y,square,4,90.0,6HB,105,68,87.68,2.319999999999993
Figure 3c,"Jun et al. Nat Commun 2019 (METIS, Bathe lab)",10.1038/s41467-019-13457-y,square,4,90.0,6HB,105,69,89.55,0.45000000000000284
Figure 3c,"Jun et al. Nat Commun 2019 (METIS, Bathe lab)",10.1038/s41467-019-13457-y,square,4,90.0,6HB,105,70,87.87,2.1299999999999955
Figure 3c,"Jun et al. Nat Commun 2019 (METIS, Bathe lab)",10.1038/s41467-019-13457-y,square,4,90.0,6HB,105,71,90.21,0.20999999999999375
Figure 3c,"Jun et al. Nat Commun 2019 (METIS, Bathe lab)",10.1038/s41467-019-13457-y,square,4,90.0,6HB,105,72,79.96,10.040000000000006
Figure 3c,"Jun et al. Nat Commun 2019 (METIS, Bathe lab)",10.1038/s41467-019-13457-y,square,4,90.0,6HB,105,73,93.83,3.8299999999999983
Figure 3c,"Jun et al. Nat Commun 2019 (METIS, Bathe lab)",10.1038/s41467-019-13457-y,square,4,90.0,6HB,105,74,96.38,6.3799999999999955
Figure 3c,"Jun et al. Nat Commun 2019 (METIS, Bathe lab)",10.1038/s41467-019-13457-y,square,4,90.0,6HB,105,75,75.9,14.099999999999994
Figure 3c,"Jun et al. Nat Commun 2019 (METIS, Bathe lab)",10.1038/s41467-019-13457-y,square,4,90.0,6HB,105,76,107.03,17.03
Figure 3c,"Jun et al. Nat Commun 2019 (METIS, Bathe lab)",10.1038/s41467-019-13457-y,square,4,90.0,6HB,105,77,93.22,3.219999999999999
Figure 3c,"Jun et al. Nat Commun 2019 (METIS, Bathe lab)",10.1038/s41467-019-13457-y,square,4,90.0,6HB,105,78,104.3,14.299999999999997
Figure 3c,"Jun et al. Nat Commun 2019 (METIS, Bathe lab)",10.1038/s41467-019-13457-y,square,4,90.0,6HB,105,79,99.13,9.129999999999995
Figure 3c,"Jun et al. Nat Commun 2019 (METIS, Bathe lab)",10.1038/s41467-019-13457-y,square,4,90.0,6HB,105,80,88.26,1.7399999999999949
Figure 3c,"Jun et al. Nat Commun 2019 (METIS, Bathe lab)",10.1038/s41467-019-13457-y,square,4,90.0,6HB,105,81,92.04,2.0400000000000063
Figure 3c,"Jun et al. Nat Commun 2019 (METIS, Bathe lab)",10.1038/s41467-019-13457-y,square,4,90.0,6HB,105,82,95.43,5.430000000000007
Figure 3c,"Jun et al. Nat Commun 2019 (METIS, Bathe lab)",10.1038/s41467-019-13457-y,square,4,90.0,6HB,105,83,88.51,1.4899999999999949
Figure 3c,"Jun et al. Nat Commun 2019 (METIS, Bathe lab)",10.1038/s41467-019-13457-y,square,4,90.0,6HB,105,84,84.37,5.6299999999999955
Figure 3c,"Jun et al. Nat Commun 2019 (METIS, Bathe lab)",10.1038/s41467-019-13457-y,square,4,90.0,6HB,105,85,81.59,8.409999999999997
Figure 3c,"Jun et al. Nat Commun 2019 (METIS, Bathe lab)",10.1038/s41467-019-13457-y,square,4,90.0,6HB,105,86,92.72,2.719999999999999
Figure 3c,"Jun et al. Nat Commun 2019 (METIS, Bathe lab)",10.1038/s41467-019-13457-y,square,4,90.0,6HB,105,87,87.72,2.280000000000001
Figure 3c,"Jun et al. Nat Commun 2019 (METIS, Bathe lab)",10.1038/s41467-019-13457-y,square,4,90.0,6HB,105,88,90.68,0.6800000000000068
Figure 3c,"Jun et al. Nat Commun 2019 (METIS, Bathe lab)",10.1038/s41467-019-13457-y,square,4,90.0,6HB,105,89,93.53,3.530000000000001
Figure 3c,"Jun et al. Nat Commun 2019 (METIS, Bathe lab)",10.1038/s41467-019-13457-y,square,4,90.0,6HB,105,90,88.95,1.0499999999999972
Figure 3c,"Jun et al. Nat Commun 2019 (METIS, Bathe lab)",10.1038/s41467-019-13457-y,square,4,90.0,6HB,105,91,84.4,5.599999999999994
Figure 3c,"Jun et al. Nat Commun 2019 (METIS, Bathe lab)",10.1038/s41467-019-13457-y,square,4,90.0,6HB,105,92,77.2,12.799999999999997
Figure 3c,"Jun et al. Nat Commun 2019 (METIS, Bathe lab)",10.1038/s41467-019-13457-y,square,4,90.0,6HB,105,93,105.41,15.409999999999997
Figure 3c,"Jun et al. Nat Commun 2019 (METIS, Bathe lab)",10.1038/s41467-019-13457-y,square,4,90.0,6HB,105,94,81.45,8.549999999999997
Figure 3c,"Jun et al. Nat Commun 2019 (METIS, Bathe lab)",10.1038/s41467-019-13457-y,square,4,90.0,6HB,105,95,95.04,5.040000000000006
Figure 3c,"Jun et al. Nat Commun 2019 (METIS, Bathe lab)",10.1038/s41467-019-13457-y,square,4,90.0,6HB,105,96,85.87,4.1299999999999955
Figure 3c,"Jun et al. Nat Commun 2019 (METIS, Bathe lab)",10.1038/s41467-019-13457-y,square,4,90.0,6HB,105,97,93.99,3.989999999999995
Figure 3c,"Jun et al. Nat Commun 2019 (METIS, Bathe lab)",10.1038/s41467-019-13457-y,square,4,90.0,6HB,105,98,95.81,5.810000000000002
Figure 3c,"Jun et al. Nat Commun 2019 (METIS, Bathe lab)",10.1038/s41467-019-13457-y,square,4,90.0,6HB,105,99,87.92,2.0799999999999983
Figure 3c,"Jun et al. Nat Commun 2019 (METIS, Bathe lab)",10.1038/s41467-019-13457-y,square,4,90.0,6HB,105,100,105.17,15.170000000000002
Figure 3c,"Jun et al. Nat Commun 2019 (METIS, Bathe lab)",10.1038/s41467-019-13457-y,square,4,90.0,6HB,105,101,75.76,14.239999999999995
Figure 3c,"Jun et al. Nat Commun 2019 (METIS, Bathe lab)",10.1038/s41467-019-13457-y,square,4,90.0,6HB,105,102,80.3,9.700000000000003
Figure 3c,"Jun et al. Nat Commun 2019 (METIS, Bathe lab)",10.1038/s41467-019-13457-y,square,4,90.0,6HB,105,103,95.53,5.530000000000001
Figure 3c,"Jun et al. Nat Commun 2019 (METIS, Bathe lab)",10.1038/s41467-019-13457-y,square,4,90.0,6HB,105,104,74.69,15.310000000000002
Figure 3c,"Jun et al. Nat Commun 2019 (METIS, Bathe lab)",10.1038/s41467-019-13457-y,square,4,90.0,6HB,105,105,115.48,25.480000000000004
Figure 3c,"Jun et al. Nat Commun 2019 (METIS, Bathe lab)",10.1038/s41467-019-13457-y,square,4,90.0,6HB,105,106,89.3,0.7000000000000028
Figure 3c,"Jun et al. Nat Commun 2019 (METIS, Bathe lab)",10.1038/s41467-019-13457-y,square,4,90.0,6HB,105,107,90.95,0.9500000000000028
Figure 3c,"Jun et al. Nat Commun 2019 (METIS, Bathe lab)",10.1038/s41467-019-13457-y,square,4,90.0,6HB,105,108,92.97,2.969999999999999
Figure 3c,"Jun et al. Nat Commun 2019 (METIS, Bathe lab)",10.1038/s41467-019-13457-y,square,4,90.0,6HB,105,109,108.19,18.189999999999998
Figure 3c,"Jun et al. Nat Commun 2019 (METIS, Bathe lab)",10.1038/s41467-019-13457-y,square,4,90.0,6HB,105,110,76.45,13.549999999999997
Figure 3c,"Jun et al. Nat Commun 2019 (METIS, Bathe lab)",10.1038/s41467-019-13457-y,square,4,90.0,6HB,105,111,117.03,27.03
Figure 3c,"Jun et al. Nat Commun 2019 (METIS, Bathe lab)",10.1038/s41467-019-13457-y,square,4,90.0,6HB,105,112,74.88,15.120000000000005
Figure 3c,"Jun et al. Nat Commun 2019 (METIS, Bathe lab)",10.1038/s41467-019-13457-y,square,4,90.0,6HB,105,113,97.37,7.3700000000000045
Figure 3c,"Jun et al. Nat Commun 2019 (METIS, Bathe lab)",10.1038/s41467-019-13457-y,square,4,90.0,6HB,105,114,78.68,11.319999999999993
Figure 3c,"Jun et al. Nat Commun 2019 (METIS, Bathe lab)",10.1038/s41467-019-13457-y,square,4,90.0,6HB,105,115,86.09,3.9099999999999966
Figure 3c,"Jun et al. Nat Commun 2019 (METIS, Bathe lab)",10.1038/s41467-019-13457-y,square,4,90.0,6HB,105,116,89.87,0.12999999999999545
Figure 3c,"Jun et al. Nat Commun 2019 (METIS, Bathe lab)",10.1038/s41467-019-13457-y,square,4,90.0,6HB,105,117,94.24,4.239999999999995
Figure 3c,"Jun et al. Nat Commun 2019 (METIS, Bathe lab)",10.1038/s41467-019-13457-y,square,4,90.0,6HB,105,118,87.15,2.8499999999999943
Figure 3c,"Jun et al. Nat Commun 2019 (METIS, Bathe lab)",10.1038/s41467-019-13457-y,square,4,90.0,6HB,105,119,81.98,8.019999999999996
Figure 3c,"Jun et al. Nat Commun 2019 (METIS, Bathe lab)",10.1038/s41467-019-13457-y,square,4,90.0,6HB,105,120,90.13,0.12999999999999545
Figure 3c,"Jun et al. Nat Commun 2019 (METIS, Bathe lab)",10.1038/s41467-019-13457-y,square,4,90.0,6HB,105,121,87.05,2.950000000000003
Figure 3c,"Jun et al. Nat Commun 2019 (METIS, Bathe lab)",10.1038/s41467-019-13457-y,square,4,90.0,6HB,105,122,95.55,5.549999999999997
Figure 3c,"Jun et al. Nat Commun 2019 (METIS, Bathe lab)",10.1038/s41467-019-13457-y,square,4,90.0,6HB,105,123,87.23,2.769999999999996
Figure 3c,"Jun et al. Nat Commun 2019 (METIS, Bathe lab)",10.1038/s41467-019-13457-y,square,4,90.0,6HB,105,124,94.92,4.920000000000002
Figure 3c,"Jun et al. Nat Commun 2019 (METIS, Bathe lab)",10.1038/s41467-019-13457-y,square,4,90.0,6HB,105,125,88.44,1.5600000000000023
Figure 3c,"Jun et al. Nat Commun 2019 (METIS, Bathe lab)",10.1038/s41467-019-13457-y,square,4,90.0,6HB,105,126,98.31,8.310000000000002
Figure 3c,"Jun et al. Nat Commun 2019 (METIS, Bathe lab)",10.1038/s41467-019-13457-y,square,4,90.0,6HB,105,127,96.4,6.400000000000006
Figure 3c,"Jun et al. Nat Commun 2019 (METIS, Bathe lab)",10.1038/s41467-019-13457-y,square,4,90.0,6HB,105,128,98.09,8.090000000000003
Figure 3c,"Jun et al. Nat Commun 2019 (METIS, Bathe lab)",10.1038/s41467-019-13457-y,square,4,90.0,6HB,105,129,85.31,4.689999999999998
Figure 3c,"Jun et al. Nat Commun 2019 (METIS, Bathe lab)",10.1038/s41467-019-13457-y,square,4,90.0,6HB,105,130,97.91,7.909999999999997
Figure 3c,"Jun et al. Nat Commun 2019 (METIS, Bathe lab)",10.1038/s41467-019-13457-y,square,4,90.0,6HB,105,131,90.27,0.269999999999996
Figure 3c,"Jun et al. Nat Commun 2019 (METIS, Bathe lab)",10.1038/s41467-019-13457-y,square,4,90.0,6HB,105,132,99.07,9.069999999999993
Figure 3c,"Jun et al. Nat Commun 2019 (METIS, Bathe lab)",10.1038/s41467-019-13457-y,square,4,90.0,6HB,105,133,93.45,3.450000000000003
Figure 3c,"Jun et al. Nat Commun 2019 (METIS, Bathe lab)",10.1038/s41467-019-13457-y,square,4,90.0,6HB,105,134,70.99,19.010000000000005
Figure 3c,"Jun et al. Nat Commun 2019 (METIS, Bathe lab)",10.1038/s41467-019-13457-y,square,4,90.0,6HB,105,135,102.49,12.489999999999995
Figure 3c,"Jun et al. Nat Commun 2019 (METIS, Bathe lab)",10.1038/s41467-019-13457-y,square,4,90.0,6HB,105,136,94.86,4.859999999999999
Figure 3c,"Jun et al. Nat Commun 2019 (METIS, Bathe lab)",10.1038/s41467-019-13457-y,square,4,90.0,6HB,105,137,82.96,7.040000000000006
Figure 3c,"Jun et al. Nat Commun 2019 (METIS, Bathe lab)",10.1038/s41467-019-13457-y,square,4,90.0,6HB,105,138,98.41,8.409999999999997
Figure 3c,"Jun et al. Nat Commun 2019 (METIS, Bathe lab)",10.1038/s41467-019-13457-y,square,4,90.0,6HB,105,139,92.25,2.25
Figure 3c,"Jun et al. Nat Commun 2019 (METIS, Bathe lab)",10.1038/s41467-019-13457-y,square,4,90.0,6HB,105,140,76.97,13.030000000000001
Figure 3c,"Jun et al. Nat Commun 2019 (METIS, Bathe lab)",10.1038/s41467-019-13457-y,square,4,90.0,6HB,105,141,92.64,2.6400000000000006
Figure 3c,"Jun et al. Nat Commun 2019 (METIS, Bathe lab)",10.1038/s41467-019-13457-y,square,4,90.0,6HB,105,142,94.83,4.829999999999998
Figure 3c,"Jun et al. Nat Commun 2019 (METIS, Bathe lab)",10.1038/s41467-019-13457-y,square,4,90.0,6HB,105,143,87.3,2.700000000000003
Figure 3c,"Jun et al. Nat Commun 2019 (METIS, Bathe lab)",10.1038/s41467-019-13457-y,square,4,90.0,6HB,105,144,86.85,3.1500000000000057
Figure 3c,"Jun et al. Nat Commun 2019 (METIS, Bathe lab)",10.1038/s41467-019-13457-y,square,4,90.0,6HB,105,145,87.21,2.7900000000000063
Figure 3c,"Jun et al. Nat Commun 2019 (METIS, Bathe lab)",10.1038/s41467-019-13457-y,square,4,90.0,6HB,105,146,77.32,12.680000000000007
Figure 3c,"Jun et al. Nat Commun 2019 (METIS, Bathe lab)",10.1038/s41467-019-13457-y,square,4,90.0,6HB,105,147,73.08,16.92
Figure 3c,"Jun et al. Nat Commun 2019 (METIS, Bathe lab)",10.1038/s41467-019-13457-y,square,4,90.0,6HB,105,148,82.42,7.579999999999998
Figure 3c,"Jun et al. Nat Commun 2019 (METIS, Bathe lab)",10.1038/s41467-019-13457-y,square,4,90.0,6HB,105,149,93.77,3.769999999999996
Figure 3c,"Jun et al. Nat Commun 2019 (METIS, Bathe lab)",10.1038/s41467-019-13457-y,square,4,90.0,6HB,105,150,95.94,5.939999999999998
Figure 3c,"Jun et al. Nat Commun 2019 (METIS, Bathe lab)",10.1038/s41467-019-13457-y,square,4,90.0,6HB,105,151,65.82,24.180000000000007
Figure 3c,"Jun et al. Nat Commun 2019 (METIS, Bathe lab)",10.1038/s41467-019-13457-y,square,4,90.0,6HB,105,152,89.02,0.980000000000004
Figure 3c,"Jun et al. Nat Commun 2019 (METIS, Bathe lab)",10.1038/s41467-019-13457-y,square,4,90.0,6HB,105,153,87.42,2.5799999999999983
Figure 3c,"Jun et al. Nat Commun 2019 (METIS, Bathe lab)",10.1038/s41467-019-13457-y,square,4,90.0,6HB,105,154,88.46,1.5400000000000063
Figure 3c,"Jun et al. Nat Commun 2019 (METIS, Bathe lab)",10.1038/s41467-019-13457-y,square,4,90.0,6HB,105,155,90.76,0.7600000000000051
Figure 3c,"Jun et al. Nat Commun 2019 (METIS, Bathe lab)",10.1038/s41467-019-13457-y,square,4,90.0,6HB,105,156,90.88,0.8799999999999955
Figure 3c,"Jun et al. Nat Commun 2019 (METIS, Bathe lab)",10.1038/s41467-019-13457-y,square,4,90.0,6HB,105,157,98.84,8.840000000000003
Figure 3c,"Jun et al. Nat Commun 2019 (METIS, Bathe lab)",10.1038/s41467-019-13457-y,square,4,90.0,6HB,105,158,95.13,5.1299999999999955
Figure 3c,"Jun et al. Nat Commun 2019 (METIS, Bathe lab)",10.1038/s41467-019-13457-y,square,4,90.0,6HB,105,159,94.15,4.150000000000006
Figure 3c,"Jun et al. Nat Commun 2019 (METIS, Bathe lab)",10.1038/s41467-019-13457-y,square,4,90.0,6HB,105,160,94.7,4.700000000000003
Figure 3c,"Jun et al. Nat Commun 2019 (METIS, Bathe lab)",10.1038/s41467-019-13457-y,square,4,90.0,6HB,105,161,117.26,27.260000000000005
Figure 3c,"Jun et al. Nat Commun 2019 (METIS, Bathe lab)",10.1038/s41467-019-13457-y,square,4,90.0,6HB,105,162,70.77,19.230000000000004
Figure 3c,"Jun et al. Nat Commun 2019 (METIS, Bathe lab)",10.1038/s41467-019-13457-y,square,4,90.0,6HB,105,163,99.79,9.790000000000006
Figure 3c,"Jun et al. Nat Commun 2019 (METIS, Bathe lab)",10.1038/s41467-019-13457-y,square,4,90.0,6HB,105,164,74.29,15.709999999999994
Figure 3c,"Jun et al. Nat Commun 2019 (METIS, Bathe lab)",10.1038/s41467-019-13457-y,square,4,90.0,6HB,105,165,81.05,8.950000000000003
Figure 3c,"Jun et al. Nat Commun 2019 (METIS, Bathe lab)",10.1038/s41467-019-13457-y,square,4,90.0,6HB,105,166,87.23,2.769999999999996
Figure 3c,"Jun et al. Nat Commun 2019 (METIS, Bathe lab)",10.1038/s41467-019-13457-y,square,4,90.0,6HB,105,167,84.16,5.840000000000003
Figure 3c,"Jun et al. Nat Commun 2019 (METIS, Bathe lab)",10.1038/s41467-019-13457-y,square,4,90.0,6HB,105,168,92.7,2.700000000000003
Figure 3c,"Jun et al. Nat Commun 2019 (METIS, Bathe lab)",10.1038/s41467-019-13457-y,square,4,90.0,6HB,105,169,95.5,5.5
Figure 3c,"Jun et al. Nat Commun 2019 (METIS, Bathe lab)",10.1038/s41467-019-13457-y,square,4,90.0,6HB,105,170,96.3,6.299999999999997
Figure 3c,"Jun et al. Nat Commun 2019 (METIS, Bathe lab)",10.1038/s41467-019-13457-y,square,4,90.0,6HB,105,171,84.92,5.079999999999998
Figure 3c,"Jun et al. Nat Commun 2019 (METIS, Bathe lab)",10.1038/s41467-019-13457-y,square,4,90.0,6HB,105,172,106.58,16.58
Figure 3c,"Jun et al. Nat Commun 2019 (METIS, Bathe lab)",10.1038/s41467-019-13457-y,square,4,90.0,6HB,105,173,107.41,17.409999999999997
Figure 3c,"Jun et al. Nat Commun 2019 (METIS, Bathe lab)",10.1038/s41467-019-13457-y,square,4,90.0,6HB,105,174,72.52,17.480000000000004
Figure 3c,"Jun et al. Nat Commun 2019 (METIS, Bathe lab)",10.1038/s41467-019-13457-y,square,4,90.0,6HB,105,175,87.39,2.6099999999999994
Figure 3c,"Jun et al. Nat Commun 2019 (METIS, Bathe lab)",10.1038/s41467-019-13457-y,square,4,90.0,6HB,105,176,97.63,7.6299999999999955
Figure 3c,"Jun et al. Nat Commun 2019 (METIS, Bathe lab)",10.1038/s41467-019-13457-y,square,4,90.0,6HB,105,177,92.36,2.3599999999999994
Figure 3c,"Jun et al. Nat Commun 2019 (METIS, Bathe lab)",10.1038/s41467-019-13457-y,square,4,90.0,6HB,105,178,86.72,3.280000000000001
Figure 3c,"Jun et al. Nat Commun 2019 (METIS, Bathe lab)",10.1038/s41467-019-13457-y,square,4,90.0,6HB,105,179,76.67,13.329999999999998
Figure 3c,"Jun et al. Nat Commun 2019 (METIS, Bathe lab)",10.1038/s41467-019-13457-y,square,4,90.0,6HB,105,180,87.46,2.5400000000000063
Figure 3c,"Jun et al. Nat Commun 2019 (METIS, Bathe lab)",10.1038/s41467-019-13457-y,square,4,90.0,6HB,105,181,90.06,0.060000000000002274
Figure 3c,"Jun et al. Nat Commun 2019 (METIS, Bathe lab)",10.1038/s41467-019-13457-y,square,4,90.0,6HB,105,182,90.35,0.3499999999999943
Figure 3c,"Jun et al. Nat Commun 2019 (METIS, Bathe lab)",10.1038/s41467-019-13457-y,square,4,90.0,6HB,105,183,81.98,8.019999999999996
Figure 3c,"Jun et al. Nat Commun 2019 (METIS, Bathe lab)",10.1038/s41467-019-13457-y,square,4,90.0,6HB,105,184,80.98,9.019999999999996
Figure 3c,"Jun et al. Nat Commun 2019 (METIS, Bathe lab)",10.1038/s41467-019-13457-y,square,4,90.0,6HB,105,185,95.82,5.819999999999993
Figure 3c,"Jun et al. Nat Commun 2019 (METIS, Bathe lab)",10.1038/s41467-019-13457-y,square,4,90.0,6HB,105,186,102.85,12.849999999999994
Figure 3c,"Jun et al. Nat Commun 2019 (METIS, Bathe lab)",10.1038/s41467-019-13457-y,square,4,90.0,6HB,105,187,80.92,9.079999999999998
Figure 3c,"Jun et al. Nat Commun 2019 (METIS, Bathe lab)",10.1038/s41467-019-13457-y,square,4,90.0,6HB,105,188,87.2,2.799999999999997
Figure 3c,"Jun et al. Nat Commun 2019 (METIS, Bathe lab)",10.1038/s41467-019-13457-y,square,4,90.0,6HB,105,189,88.91,1.0900000000000034
Figure 3c,"Jun et al. Nat Commun 2019 (METIS, Bathe lab)",10.1038/s41467-019-13457-y,square,4,90.0,6HB,105,190,99.1,9.099999999999994
Figure 3c,"Jun et al. Nat Commun 2019 (METIS, Bathe lab)",10.1038/s41467-019-13457-y,square,4,90.0,6HB,105,191,86.61,3.3900000000000006
Figure 3c,"Jun et al. Nat Commun 2019 (METIS, Bathe lab)",10.1038/s41467-019-13457-y,square,4,90.0,6HB,105,192,88.29,1.7099999999999937
Figure 3c,"Jun et al. Nat Commun 2019 (METIS, Bathe lab)",10.1038/s41467-019-13457-y,square,4,90.0,6HB,105,193,91.66,1.6599999999999966
Figure 3c,"Jun et al. Nat Commun 2019 (METIS, Bathe lab)",10.1038/s41467-019-13457-y,square,4,90.0,6HB,105,194,94.72,4.719999999999999
Figure 3c,"Jun et al. Nat Commun 2019 (METIS, Bathe lab)",10.1038/s41467-019-13457-y,square,4,90.0,6HB,105,195,78.08,11.920000000000002
Figure 3c,"Jun et al. Nat Commun 2019 (METIS, Bathe lab)",10.1038/s41467-019-13457-y,square,4,90.0,6HB,105,196,92.01,2.010000000000005
Figure 3c,"Jun et al. Nat Commun 2019 (METIS, Bathe lab)",10.1038/s41467-019-13457-y,square,4,90.0,6HB,105,197,94.79,4.790000000000006
Figure 3c,"Jun et al. Nat Commun 2019 (METIS, Bathe lab)",10.1038/s41467-019-13457-y,square,4,90.0,6HB,105,198,91.61,1.6099999999999994
Figure 3c,"Jun et al. Nat Commun 2019 (METIS, Bathe lab)",10.1038/s41467-019-13457-y,square,4,90.0,6HB,105,199,80.19,9.810000000000002
Figure 3c,"Jun et al. Nat Commun 2019 (METIS, Bathe lab)",10.1038/s41467-019-13457-y,square,4,90.0,6HB,105,200,98.11,8.11
Figure 3c,"Jun et al. Nat Commun 2019 (METIS, Bathe lab)",10.1038/s41467-019-13457-y,square,4,90.0,6HB,105,201,87.62,2.3799999999999955
Figure 3c,"Jun et al. Nat Commun 2019 (METIS, Bathe lab)",10.1038/s41467-019-13457-y,square,4,90.0,6HB,105,202,99.83,9.829999999999998
Figure 3c,"Jun et al. Nat Commun 2019 (METIS, Bathe lab)",10.1038/s41467-019-13457-y,square,4,90.0,6HB,105,203,69.45,20.549999999999997
Figure 3c,"Jun et al. Nat Commun 2019 (METIS, Bathe lab)",10.1038/s41467-019-13457-y,square,4,90.0,6HB,105,204,100.74,10.739999999999995
Figure 3c,"Jun et al. Nat Commun 2019 (METIS, Bathe lab)",10.1038/s41467-019-13457-y,square,4,90.0,6HB,105,205,105.58,15.579999999999998
Figure 3c,"Jun et al. Nat Commun 2019 (METIS, Bathe lab)",10.1038/s41467-019-13457-y,square,4,90.0,6HB,105,206,82.16,7.840000000000003
Figure 3c,"Jun et al. Nat Commun 2019 (METIS, Bathe lab)",10.1038/s41467-019-13457-y,square,4,90.0,6HB,105,207,95.96,5.959999999999994
Figure 3c,"Jun et al. Nat Commun 2019 (METIS, Bathe lab)",10.1038/s41467-019-13457-y,square,4,90.0,6HB,105,208,92.81,2.8100000000000023
Figure 3c,"Jun et al. Nat Commun 2019 (METIS, Bathe lab)",10.1038/s41467-019-13457-y,square,4,90.0,6HB,105,209,84.12,5.8799999999999955
Figure 3c,"Jun et al. Nat Commun 2019 (METIS, Bathe lab)",10.1038/s41467-019-13457-y,square,4,90.0,6HB,105,210,97.2,7.200000000000003
Figure 3c,"Jun et al. Nat Commun 2019 (METIS, Bathe lab)",10.1038/s41467-019-13457-y,square,4,90.0,6HB,105,211,94.22,4.219999999999999
Figure 3c,"Jun et al. Nat Commun 2019 (METIS, Bathe lab)",10.1038/s41467-019-13457-y,square,4,90.0,6HB,105,212,89.78,0.21999999999999886
Figure 3c,"Jun et al. Nat Commun 2019 (METIS, Bathe lab)",10.1038/s41467-019-13457-y,square,4,90.0,6HB,105,213,91.39,1.3900000000000006
Figure 3c,"Jun et al. Nat Commun 2019 (METIS, Bathe lab)",10.1038/s41467-019-13457-y,square,4,90.0,6HB,105,214,89.37,0.6299999999999955
Figure 3c,"Jun et al. Nat Commun 2019 (METIS, Bathe lab)",10.1038/s41467-019-13457-y,square,4,90.0,6HB,105,215,89.84,0.1599999999999966
Figure 3c,"Jun et al. Nat Commun 2019 (METIS, Bathe lab)",10.1038/s41467-019-13457-y,square,4,90.0,6HB,105,216,92.44,2.4399999999999977
Figure 3c,"Jun et al. Nat Commun 2019 (METIS, Bathe lab)",10.1038/s41467-019-13457-y,square,4,90.0,6HB,105,217,91.66,1.6599999999999966
Figure 3c,"Jun et al. Nat Commun 2019 (METIS, Bathe lab)",10.1038/s41467-019-13457-y,square,4,90.0,6HB,105,218,95.57,5.569999999999993
Figure 3c,"Jun et al. Nat Commun 2019 (METIS, Bathe lab)",10.1038/s41467-019-13457-y,square,4,90.0,6HB,105,219,84.28,5.719999999999999
Figure 3c,"Jun et al. Nat Commun 2019 (METIS, Bathe lab)",10.1038/s41467-019-13457-y,square,4,90.0,6HB,105,220,92.18,2.180000000000007
Figure 3c,"Jun et al. Nat Commun 2019 (METIS, Bathe lab)",10.1038/s41467-019-13457-y,square,4,90.0,6HB,105,221,93.82,3.819999999999993
Figure 3c,"Jun et al. Nat Commun 2019 (METIS, Bathe lab)",10.1038/s41467-019-13457-y,square,4,90.0,6HB,105,222,91.82,1.8199999999999932
Figure 3c,"Jun et al. Nat Commun 2019 (METIS, Bathe lab)",10.1038/s41467-019-13457-y,square,4,90.0,6HB,105,223,90.72,0.7199999999999989
Figure 3c,"Jun et al. Nat Commun 2019 (METIS, Bathe lab)",10.1038/s41467-019-13457-y,square,4,90.0,6HB,105,224,80.66,9.340000000000003
Figure 3c,"Jun et al. Nat Commun 2019 (METIS, Bathe lab)",10.1038/s41467-019-13457-y,square,4,90.0,6HB,105,225,96.26,6.260000000000005
Figure 3c,"Jun et al. Nat Commun 2019 (METIS, Bathe lab)",10.1038/s41467-019-13457-y,square,4,90.0,6HB,105,226,94.56,4.560000000000002
Figure 3c,"Jun et al. Nat Commun 2019 (METIS, Bathe lab)",10.1038/s41467-019-13457-y,square,4,90.0,6HB,105,227,90.86,0.8599999999999994
Figure 3c,"Jun et al. Nat Commun 2019 (METIS, Bathe lab)",10.1038/s41467-019-13457-y,square,4,90.0,6HB,105,228,93.63,3.6299999999999955
Figure 3c,"Jun et al. Nat Commun 2019 (METIS, Bathe lab)",10.1038/s41467-019-13457-y,square,4,90.0,6HB,105,229,91.67,1.6700000000000017
Figure 3c,"Jun et al. Nat Commun 2019 (METIS, Bathe lab)",10.1038/s41467-019-13457-y,square,4,90.0,6HB,105,230,75.77,14.230000000000004
Figure 3c,"Jun et al. Nat Commun 2019 (METIS, Bathe lab)",10.1038/s41467-019-13457-y,square,4,90.0,6HB,105,231,99.06,9.060000000000002
Figure 3c,"Jun et al. Nat Commun 2019 (METIS, Bathe lab)",10.1038/s41467-019-13457-y,square,4,90.0,6HB,105,232,86.01,3.989999999999995
Figure 3c,"Jun et al. Nat Commun 2019 (METIS, Bathe lab)",10.1038/s41467-019-13457-y,square,4,90.0,6HB,105,233,87.71,2.2900000000000063
Figure 3c,"Jun et al. Nat Commun 2019 (METIS, Bathe lab)",10.1038/s41467-019-13457-y,square,4,90.0,6HB,105,234,89.62,0.37999999999999545
Figure 3c,"Jun et al. Nat Commun 2019 (METIS, Bathe lab)",10.1038/s41467-019-13457-y,square,4,90.0,6HB,105,235,91.11,1.1099999999999994
Figure 3c,"Jun et al. Nat Commun 2019 (METIS, Bathe lab)",10.1038/s41467-019-13457-y,square,4,90.0,6HB,105,236,84.77,5.230000000000004
Figure 3c,"Jun et al. Nat Commun 2019 (METIS, Bathe lab)",10.1038/s41467-019-13457-y,square,4,90.0,6HB,105,237,92.57,2.569999999999993
Figure 3c,"Jun et al. Nat Commun 2019 (METIS, Bathe lab)",10.1038/s41467-019-13457-y,square,4,90.0,6HB,105,238,91.65,1.6500000000000057
Figure 3c,"Jun et al. Nat Commun 2019 (METIS, Bathe lab)",10.1038/s41467-019-13457-y,square,4,90.0,6HB,105,239,88.72,1.2800000000000011
Figure 3c,"Jun et al. Nat Commun 2019 (METIS, Bathe lab)",10.1038/s41467-019-13457-y,square,4,90.0,6HB,105,240,91.62,1.6200000000000045
Figure 3c,"Jun et al. Nat Commun 2019 (METIS, Bathe lab)",10.1038/s41467-019-13457-y,square,4,90.0,6HB,105,241,84.79,5.209999999999994
Figure 3c,"Jun et al. Nat Commun 2019 (METIS, Bathe lab)",10.1038/s41467-019-13457-y,square,4,90.0,6HB,105,242,102.33,12.329999999999998
Figure 3c,"Jun et al. Nat Commun 2019 (METIS, Bathe lab)",10.1038/s41467-019-13457-y,square,4,90.0,6HB,105,243,74.21,15.790000000000006
Figure 3c,"Jun et al. Nat Commun 2019 (METIS, Bathe lab)",10.1038/s41467-019-13457-y,square,4,90.0,6HB,105,244,95.38,5.3799999999999955
Figure 3c,"Jun et al. Nat Commun 2019 (METIS, Bathe lab)",10.1038/s41467-019-13457-y,square,4,90.0,6HB,105,245,76.21,13.790000000000006
Figure 3c,"Jun et al. Nat Commun 2019 (METIS, Bathe lab)",10.1038/s41467-019-13457-y,square,4,90.0,6HB,105,246,98.52,8.519999999999996
Figure 3c,"Jun et al. Nat Commun 2019 (METIS, Bathe lab)",10.1038/s41467-019-13457-y,square,4,90.0,6HB,105,247,75.29,14.709999999999994
Figure 3c,"Jun et al. Nat Commun 2019 (METIS, Bathe lab)",10.1038/s41467-019-13457-y,square,4,90.0,6HB,105,248,98.56,8.560000000000002
Figure 3c,"Jun et al. Nat Commun 2019 (METIS, Bathe lab)",10.1038/s41467-019-13457-y,square,4,90.0,6HB,105,249,87.26,2.739999999999995
Figure 3c,"Jun et al. Nat Commun 2019 (METIS, Bathe lab)",10.1038/s41467-019-13457-y,square,4,90.0,6HB,105,250,91.82,1.8199999999999932
Figure 3c,"Jun et al. Nat Commun 2019 (METIS, Bathe lab)",10.1038/s41467-019-13457-y,square,4,90.0,6HB,105,251,88.32,1.6800000000000068
Figure 3c,"Jun et al. Nat Commun 2019 (METIS, Bathe lab)",10.1038/s41467-019-13457-y,square,4,90.0,6HB,105,252,92.87,2.8700000000000045
Figure 3c,"Jun et al. Nat Commun 2019 (METIS, Bathe lab)",10.1038/s41467-019-13457-y,square,4,90.0,6HB,105,253,89.51,0.4899999999999949
Figure 3c,"Jun et al. Nat Commun 2019 (METIS, Bathe lab)",10.1038/s41467-019-13457-y,square,4,90.0,6HB,105,254,91.99,1.9899999999999949
Figure 3c,"Jun et al. Nat Commun 2019 (METIS, Bathe lab)",10.1038/s41467-019-13457-y,square,4,90.0,6HB,105,255,90.03,0.030000000000001137
Figure 3c,"Jun et al. Nat Commun 2019 (METIS, Bathe lab)",10.1038/s41467-019-13457-y,square,4,90.0,6HB,105,256,96.23,6.230000000000004
Figure 3c,"Jun et al. Nat Commun 2019 (METIS, Bathe lab)",10.1038/s41467-019-13457-y,square,4,90.0,6HB,105,257,85.05,4.950000000000003
Figure 3c,"Jun et al. Nat Commun 2019 (METIS, Bathe lab)",10.1038/s41467-019-13457-y,square,4,90.0,6HB,105,258,90.58,0.5799999999999983
Figure 3c,"Jun et al. Nat Commun 2019 (METIS, Bathe lab)",10.1038/s41467-019-13457-y,square,4,90.0,6HB,105,259,94.19,4.189999999999998
Figure 3c,"Jun et al. Nat Commun 2019 (METIS, Bathe lab)",10.1038/s41467-019-13457-y,square,4,90.0,6HB,105,260,88.63,1.3700000000000045
Figure 3c,"Jun et al. Nat Commun 2019 (METIS, Bathe lab)",10.1038/s41467-019-13457-y,square,4,90.0,6HB,105,261,89.64,0.35999999999999943
Figure 3c,"Jun et al. Nat Commun 2019 (METIS, Bathe lab)",10.1038/s41467-019-13457-y,square,4,90.0,6HB,105,262,89.82,0.18000000000000682
Figure 3c,"Jun et al. Nat Commun 2019 (METIS, Bathe lab)",10.1038/s41467-019-13457-y,square,4,90.0,6HB,105,263,92.22,2.219999999999999
Figure 3c,"Jun et al. Nat Commun 2019 (METIS, Bathe lab)",10.1038/s41467-019-13457-y,square,4,90.0,6HB,105,264,89.82,0.18000000000000682
Figure 3c,"Jun et al. Nat Commun 2019 (METIS, Bathe lab)",10.1038/s41467-019-13457-y,square,4,90.0,6HB,105,265,83.38,6.6200000000000045
Figure 3c,"Jun et al. Nat Commun 2019 (METIS, Bathe lab)",10.1038/s41467-019-13457-y,square,4,90.0,6HB,105,266,91.89,1.8900000000000006
Figure 3c,"Jun et al. Nat Commun 2019 (METIS, Bathe lab)",10.1038/s41467-019-13457-y,square,4,90.0,6HB,105,267,89.45,0.5499999999999972
Figure 3c,"Jun et al. Nat Commun 2019 (METIS, Bathe lab)",10.1038/s41467-019-13457-y,square,4,90.0,6HB,105,268,91.32,1.3199999999999932
Figure 3c,"Jun et al. Nat Commun 2019 (METIS, Bathe lab)",10.1038/s41467-019-13457-y,square,4,90.0,6HB,105,269,84.79,5.209999999999994
Figure 3c,"Jun et al. Nat Commun 2019 (METIS, Bathe lab)",10.1038/s41467-019-13457-y,square,4,90.0,6HB,105,270,94.1,4.099999999999994
Figure 3c,"Jun et al. Nat Commun 2019 (METIS, Bathe lab)",10.1038/s41467-019-13457-y,square,4,90.0,6HB,105,271,95.61,5.609999999999999
Figure 3c,"Jun et al. Nat Commun 2019 (METIS, Bathe lab)",10.1038/s41467-019-13457-y,square,4,90.0,6HB,105,272,74.54,15.459999999999994
Figure 3c,"Jun et al. Nat Commun 2019 (METIS, Bathe lab)",10.1038/s41467-019-13457-y,square,4,90.0,6HB,105,273,103.88,13.879999999999995
Figure 3c,"Jun et al. Nat Commun 2019 (METIS, Bathe lab)",10.1038/s41467-019-13457-y,square,4,90.0,6HB,105,274,87.47,2.530000000000001
Figure 3c,"Jun et al. Nat Commun 2019 (METIS, Bathe lab)",10.1038/s41467-019-13457-y,square,4,90.0,6HB,105,275,89.77,0.23000000000000398
Figure 3c,"Jun et al. Nat Commun 2019 (METIS, Bathe lab)",10.1038/s41467-019-13457-y,square,4,90.0,6HB,105,276,84.09,5.909999999999997
Figure 3c,"Jun et al. Nat Commun 2019 (METIS, Bathe lab)",10.1038/s41467-019-13457-y,square,4,90.0,6HB,105,277,85.68,4.319999999999993
Figure 3c,"Jun et al. Nat Commun 2019 (METIS, Bathe lab)",10.1038/s41467-019-13457-y,square,4,90.0,6HB,105,278,98.62,8.620000000000005
Figure 3c,"Jun et al. Nat Commun 2019 (METIS, Bathe lab)",10.1038/s41467-019-13457-y,square,4,90.0,6HB,105,279,86.68,3.319999999999993
Figure 3c,"Jun et al. Nat Commun 2019 (METIS, Bathe lab)",10.1038/s41467-019-13457-y,square,4,90.0,6HB,105,280,84.49,5.510000000000005
Figure 3c,"Jun et al. Nat Commun 2019 (METIS, Bathe lab)",10.1038/s41467-019-13457-y,square,4,90.0,6HB,105,281,96.47,6.469999999999999
Figure 3c,"Jun et al. Nat Commun 2019 (METIS, Bathe lab)",10.1038/s41467-019-13457-y,square,4,90.0,6HB,105,282,80.96,9.040000000000006
Figure 3c,"Jun et al. Nat Commun 2019 (METIS, Bathe lab)",10.1038/s41467-019-13457-y,square,4,90.0,6HB,105,283,93.16,3.1599999999999966
Figure 3c,"Jun et al. Nat Commun 2019 (METIS, Bathe lab)",10.1038/s41467-019-13457-y,square,4,90.0,6HB,105,284,95.71,5.709999999999994
Figure 3c,"Jun et al. Nat Commun 2019 (METIS, Bathe lab)",10.1038/s41467-019-13457-y,square,4,90.0,6HB,105,285,86.1,3.9000000000000057
Figure 3c,"Jun et al. Nat Commun 2019 (METIS, Bathe lab)",10.1038/s41467-019-13457-y,square,4,90.0,6HB,105,286,99.5,9.5
Figure 3c,"Jun et al. Nat Commun 2019 (METIS, Bathe lab)",10.1038/s41467-019-13457-y,square,4,90.0,6HB,105,287,81.04,8.959999999999994
Figure 3c,"Jun et al. Nat Commun 2019 (METIS, Bathe lab)",10.1038/s41467-019-13457-y,square,4,90.0,6HB,105,288,99.13,9.129999999999995
Figure 3c,"Jun et al. Nat Commun 2019 (METIS, Bathe lab)",10.1038/s41467-019-13457-y,square,4,90.0,6HB,105,289,78.85,11.150000000000006
Figure 3c,"Jun et al. Nat Commun 2019 (METIS, Bathe lab)",10.1038/s41467-019-13457-y,square,4,90.0,6HB,105,290,88.89,1.1099999999999994
Figure 3c,"Jun et al. Nat Commun 2019 (METIS, Bathe lab)",10.1038/s41467-019-13457-y,square,4,90.0,6HB,105,291,92.87,2.8700000000000045
Figure 3c,"Jun et al. Nat Commun 2019 (METIS, Bathe lab)",10.1038/s41467-019-13457-y,square,4,90.0,6HB,105,292,90.99,0.9899999999999949
Figure 3c,"Jun et al. Nat Commun 2019 (METIS, Bathe lab)",10.1038/s41467-019-13457-y,square,4,90.0,6HB,105,293,88.71,1.2900000000000063
Figure 3c,"Jun et al. Nat Commun 2019 (METIS, Bathe lab)",10.1038/s41467-019-13457-y,square,4,90.0,6HB,105,294,93.88,3.8799999999999955
Figure 3c,"Jun et al. Nat Commun 2019 (METIS, Bathe lab)",10.1038/s41467-019-13457-y,square,4,90.0,6HB,105,295,83.23,6.769999999999996
Figure 3c,"Jun et al. Nat Commun 2019 (METIS, Bathe lab)",10.1038/s41467-019-13457-y,square,4,90.0,6HB,105,296,93.07,3.069999999999993
Figure 3c,"Jun et al. Nat Commun 2019 (METIS, Bathe lab)",10.1038/s41467-019-13457-y,square,4,90.0,6HB,105,297,96.34,6.340000000000003
Figure 3c,"Jun et al. Nat Commun 2019 (METIS, Bathe lab)",10.1038/s41467-019-13457-y,square,4,90.0,6HB,105,298,88.28,1.7199999999999989
Figure 3c,"Jun et al. Nat Commun 2019 (METIS, Bathe lab)",10.1038/s41467-019-13457-y,square,4,90.0,6HB,105,299,88.73,1.269999999999996
Figure 3c,"Jun et al. Nat Commun 2019 (METIS, Bathe lab)",10.1038/s41467-019-13457-y,square,4,90.0,6HB,105,300,91.64,1.6400000000000006
Figure 3c,"Jun et al. Nat Commun 2019 (METIS, Bathe lab)",10.1038/s41467-019-13457-y,square,4,90.0,6HB,105,301,91.93,1.9300000000000068
Figure 3c,"Jun et al. Nat Commun 2019 (METIS, Bathe lab)",10.1038/s41467-019-13457-y,square,4,90.0,6HB,105,302,86.96,3.0400000000000063
Figure 3c,"Jun et al. Nat Commun 2019 (METIS, Bathe lab)",10.1038/s41467-019-13457-y,square,4,90.0,6HB,105,303,97.53,7.530000000000001
Figure 3c,"Jun et al. Nat Commun 2019 (METIS, Bathe lab)",10.1038/s41467-019-13457-y,square,4,90.0,6HB,105,304,92.16,2.1599999999999966
Figure 3c,"Jun et al. Nat Commun 2019 (METIS, Bathe lab)",10.1038/s41467-019-13457-y,square,4,90.0,6HB,105,305,82.57,7.430000000000007
Figure 3c,"Jun et al. Nat Commun 2019 (METIS, Bathe lab)",10.1038/s41467-019-13457-y,square,4,90.0,6HB,105,306,88.78,1.2199999999999989
Figure 3c,"Jun et al. Nat Commun 2019 (METIS, Bathe lab)",10.1038/s41467-019-13457-y,square,4,90.0,6HB,105,307,91.92,1.9200000000000017
Figure 3c,"Jun et al. Nat Commun 2019 (METIS, Bathe lab)",10.1038/s41467-019-13457-y,square,4,90.0,6HB,105,308,89.89,0.10999999999999943
Figure 3c,"Jun et al. Nat Commun 2019 (METIS, Bathe lab)",10.1038/s41467-019-13457-y,square,4,90.0,6HB,105,309,87.14,2.8599999999999994
Figure 3c,"Jun et al. Nat Commun 2019 (METIS, Bathe lab)",10.1038/s41467-019-13457-y,square,4,90.0,6HB,105,310,86.4,3.5999999999999943
Figure 3c,"Jun et al. Nat Commun 2019 (METIS, Bathe lab)",10.1038/s41467-019-13457-y,square,4,90.0,6HB,105,311,90.96,0.9599999999999937
Figure 3c,"Jun et al. Nat Commun 2019 (METIS, Bathe lab)",10.1038/s41467-019-13457-y,square,4,90.0,6HB,105,312,88.19,1.8100000000000023
Figure 3c,"Jun et al. Nat Commun 2019 (METIS, Bathe lab)",10.1038/s41467-019-13457-y,square,4,90.0,6HB,105,313,98.84,8.840000000000003
Figure 3c,"Jun et al. Nat Commun 2019 (METIS, Bathe lab)",10.1038/s41467-019-13457-y,square,4,90.0,6HB,105,314,84.92,5.079999999999998
Figure 3c,"Jun et al. Nat Commun 2019 (METIS, Bathe lab)",10.1038/s41467-019-13457-y,square,4,90.0,6HB,105,315,89.74,0.2600000000000051
Figure 3c,"Jun et al. Nat Commun 2019 (METIS, Bathe lab)",10.1038/s41467-019-13457-y,square,4,90.0,6HB,105,316,88.93,1.0699999999999932
Figure 3c,"Jun et al. Nat Commun 2019 (METIS, Bathe lab)",10.1038/s41467-019-13457-y,square,4,90.0,6HB,105,317,92.6,2.5999999999999943
Figure 3c,"Jun et al. Nat Commun 2019 (METIS, Bathe lab)",10.1038/s41467-019-13457-y,square,4,90.0,6HB,105,318,87.77,2.230000000000004
Figure 3c,"Jun et al. Nat Commun 2019 (METIS, Bathe lab)",10.1038/s41467-019-13457-y,square,4,90.0,6HB,105,319,87.1,2.9000000000000057
Figure 3c,"Jun et al. Nat Commun 2019 (METIS, Bathe lab)",10.1038/s41467-019-13457-y,square,4,90.0,6HB,105,320,91.05,1.0499999999999972
Figure 3c,"Jun et al. Nat Commun 2019 (METIS, Bathe lab)",10.1038/s41467-019-13457-y,square,4,90.0,6HB,105,321,96.18,6.180000000000007
Figure 3c,"Jun et al. Nat Commun 2019 (METIS, Bathe lab)",10.1038/s41467-019-13457-y,square,4,90.0,6HB,105,322,73.71,16.290000000000006
Figure 3c,"Jun et al. Nat Commun 2019 (METIS, Bathe lab)",10.1038/s41467-019-13457-y,square,4,90.0,6HB,105,323,81.6,8.400000000000006
Figure 3c,"Jun et al. Nat Commun 2019 (METIS, Bathe lab)",10.1038/s41467-019-13457-y,square,4,90.0,6HB,105,324,104.13,14.129999999999995
Figure 3c,"Jun et al. Nat Commun 2019 (METIS, Bathe lab)",10.1038/s41467-019-13457-y,square,4,90.0,6HB,105,325,85.84,4.159999999999997
Figure 3c,"Jun et al. Nat Commun 2019 (METIS, Bathe lab)",10.1038/s41467-019-13457-y,square,4,90.0,6HB,105,326,87.56,2.4399999999999977
Figure 3c,"Jun et al. Nat Commun 2019 (METIS, Bathe lab)",10.1038/s41467-019-13457-y,square,4,90.0,6HB,105,327,90.71,0.7099999999999937
Figure 3c,"Jun et al. Nat Commun 2019 (METIS, Bathe lab)",10.1038/s41467-019-13457-y,square,4,90.0,6HB,105,328,86.63,3.3700000000000045
Figure 3c,"Jun et al. Nat Commun 2019 (METIS, Bathe lab)",10.1038/s41467-019-13457-y,square,4,90.0,6HB,105,329,84.89,5.109999999999999
Figure 3c,"Jun et al. Nat Commun 2019 (METIS, Bathe lab)",10.1038/s41467-019-13457-y,square,4,90.0,6HB,105,330,91.32,1.3199999999999932
Figure 3c,"Jun et al. Nat Commun 2019 (METIS, Bathe lab)",10.1038/s41467-019-13457-y,square,4,90.0,6HB,105,331,85.99,4.010000000000005
Figure 3c,"Jun et al. Nat Commun 2019 (METIS, Bathe lab)",10.1038/s41467-019-13457-y,square,4,90.0,6HB,105,332,97.06,7.060000000000002
Figure 3c,"Jun et al. Nat Commun 2019 (METIS, Bathe lab)",10.1038/s41467-019-13457-y,square,4,90.0,6HB,105,333,95.22,5.219999999999999
Figure 3c,"Jun et al. Nat Commun 2019 (METIS, Bathe lab)",10.1038/s41467-019-13457-y,square,4,90.0,6HB,105,334,77.8,12.200000000000003
Figure 3c,"Jun et al. Nat Commun 2019 (METIS, Bathe lab)",10.1038/s41467-019-13457-y,square,4,90.0,6HB,105,335,82.42,7.579999999999998
Figure 3c,"Jun et al. Nat Commun 2019 (METIS, Bathe lab)",10.1038/s41467-019-13457-y,square,4,90.0,6HB,105,336,103.27,13.269999999999996
Figure 3c,"Jun et al. Nat Commun 2019 (METIS, Bathe lab)",10.1038/s41467-019-13457-y,square,4,90.0,6HB,105,337,88.03,1.9699999999999989
Figure 3c,"Jun et al. Nat Commun 2019 (METIS, Bathe lab)",10.1038/s41467-019-13457-y,square,4,90.0,6HB,105,338,91.76,1.7600000000000051
Figure 3c,"Jun et al. Nat Commun 2019 (METIS, Bathe lab)",10.1038/s41467-019-13457-y,square,4,90.0,6HB,105,339,90.22,0.21999999999999886
Figure 3c,"Jun et al. Nat Commun 2019 (METIS, Bathe lab)",10.1038/s41467-019-13457-y,square,4,90.0,6HB,105,340,87.65,2.3499999999999943
Figure 3c,"Jun et al. Nat Commun 2019 (METIS, Bathe lab)",10.1038/s41467-019-13457-y,square,4,90.0,6HB,105,341,94.24,4.239999999999995
Figure 3c,"Jun et al. Nat Commun 2019 (METIS, Bathe lab)",10.1038/s41467-019-13457-y,square,4,90.0,6HB,105,342,91.7,1.7000000000000028
Figure 3c,"Jun et al. Nat Commun 2019 (METIS, Bathe lab)",10.1038/s41467-019-13457-y,square,4,90.0,6HB,105,343,94.41,4.409999999999997
Figure 3c,"Jun et al. Nat Commun 2019 (METIS, Bathe lab)",10.1038/s41467-019-13457-y,square,4,90.0,6HB,105,344,85.43,4.569999999999993
Figure 3c,"Jun et al. Nat Commun 2019 (METIS, Bathe lab)",10.1038/s41467-019-13457-y,square,4,90.0,6HB,105,345,87.96,2.0400000000000063
Figure 3c,"Jun et al. Nat Commun 2019 (METIS, Bathe lab)",10.1038/s41467-019-13457-y,square,4,90.0,6HB,105,346,89.6,0.4000000000000057
Figure 3c,"Jun et al. Nat Commun 2019 (METIS, Bathe lab)",10.1038/s41467-019-13457-y,square,4,90.0,6HB,105,347,103.06,13.060000000000002
Figure 3c,"Jun et al. Nat Commun 2019 (METIS, Bathe lab)",10.1038/s41467-019-13457-y,square,4,90.0,6HB,105,348,82.44,7.560000000000002
Figure 3c,"Jun et al. Nat Commun 2019 (METIS, Bathe lab)",10.1038/s41467-019-13457-y,square,4,90.0,6HB,105,349,101.2,11.200000000000003
Figure 3c,"Jun et al. Nat Commun 2019 (METIS, Bathe lab)",10.1038/s41467-019-13457-y,square,4,90.0,6HB,105,350,70.36,19.64
Figure 3c,"Jun et al. Nat Commun 2019 (METIS, Bathe lab)",10.1038/s41467-019-13457-y,square,4,90.0,6HB,105,351,89.11,0.8900000000000006
Figure 3c,"Jun et al. Nat Commun 2019 (METIS, Bathe lab)",10.1038/s41467-019-13457-y,square,4,90.0,6HB,105,352,91.38,1.3799999999999955
Figure 3c,"Jun et al. Nat Commun 2019 (METIS, Bathe lab)",10.1038/s41467-019-13457-y,square,4,90.0,6HB,105,353,88.43,1.5699999999999932
Figure 3c,"Jun et al. Nat Commun 2019 (METIS, Bathe lab)",10.1038/s41467-019-13457-y,square,4,90.0,6HB,105,354,93.2,3.200000000000003
Figure 3c,"Jun et al. Nat Commun 2019 (METIS, Bathe lab)",10.1038/s41467-019-13457-y,square,4,90.0,6HB,105,355,92.94,2.9399999999999977
Figure 3c,"Jun et al. Nat Commun 2019 (METIS, Bathe lab)",10.1038/s41467-019-13457-y,square,4,90.0,6HB,105,356,83.29,6.709999999999994
Figure 3c,"Jun et al. Nat Commun 2019 (METIS, Bathe lab)",10.1038/s41467-019-13457-y,square,4,90.0,6HB,105,357,96.15,6.150000000000006
Figure 3c,"Jun et al. Nat Commun 2019 (METIS, Bathe lab)",10.1038/s41467-019-13457-y,square,4,90.0,6HB,105,358,92.89,2.8900000000000006
Figure 3c,"Jun et al. Nat Commun 2019 (METIS, Bathe lab)",10.1038/s41467-019-13457-y,square,4,90.0,6HB,105,359,80.02,9.980000000000004
Figure 3c,"Jun et al. Nat Commun 2019 (METIS, Bathe lab)",10.1038/s41467-019-13457-y,square,4,90.0,6HB,105,360,90.08,0.0799999999999983
Figure 3c,"Jun et al. Nat Commun 2019 (METIS, Bathe lab)",10.1038/s41467-019-13457-y,square,4,90.0,6HB,105,361,75.02,14.980000000000004
Figure 3c,"Jun et al. Nat Commun 2019 (METIS, Bathe lab)",10.1038/s41467-019-13457-y,square,4,90.0,6HB,105,362,100.6,10.599999999999994
Figure 3c,"Jun et al. Nat Commun 2019 (METIS, Bathe lab)",10.1038/s41467-019-13457-y,square,4,90.0,6HB,105,363,87.38,2.6200000000000045
Figure 3c,"Jun et al. Nat Commun 2019 (METIS, Bathe lab)",10.1038/s41467-019-13457-y,square,4,90.0,6HB,105,364,87.84,2.1599999999999966
Figure 3c,"Jun et al. Nat Commun 2019 (METIS, Bathe lab)",10.1038/s41467-019-13457-y,square,4,90.0,6HB,105,365,91.92,1.9200000000000017
Figure 3c,"Jun et al. Nat Commun 2019 (METIS, Bathe lab)",10.1038/s41467-019-13457-y,square,4,90.0,6HB,105,366,91.33,1.3299999999999983
Figure 3c,"Jun et al. Nat Commun 2019 (METIS, Bathe lab)",10.1038/s41467-019-13457-y,square,4,90.0,6HB,105,367,90.26,0.2600000000000051
Figure 3c,"Jun et al. Nat Commun 2019 (METIS, Bathe lab)",10.1038/s41467-019-13457-y,square,4,90.0,6HB,105,368,95.25,5.25
Figure 3c,"Jun et al. Nat Commun 2019 (METIS, Bathe lab)",10.1038/s41467-019-13457-y,square,4,90.0,6HB,105,369,87.64,2.3599999999999994
Figure 3c,"Jun et al. Nat Commun 2019 (METIS, Bathe lab)",10.1038/s41467-019-13457-y,square,4,90.0,6HB,105,370,91.91,1.9099999999999966
Figure 3c,"Jun et al. Nat Commun 2019 (METIS, Bathe lab)",10.1038/s41467-019-13457-y,square,4,90.0,6HB,105,371,91.37,1.3700000000000045
Figure 3c,"Jun et al. Nat Commun 2019 (METIS, Bathe lab)",10.1038/s41467-019-13457-y,square,4,90.0,6HB,105,372,90.72,0.7199999999999989
Figure 3c,"Jun et al. Nat Commun 2019 (METIS, Bathe lab)",10.1038/s41467-019-13457-y,square,4,90.0,6HB,105,373,87.38,2.6200000000000045
Figure 3c,"Jun et al. Nat Commun 2019 (METIS, Bathe lab)",10.1038/s41467-019-13457-y,square,4,90.0,6HB,105,374,71.78,18.22
Figure 3c,"Jun et al. Nat Commun 2019 (METIS, Bathe lab)",10.1038/s41467-019-13457-y,square,4,90.0,6HB,105,375,113.16,23.159999999999997
Figure 3c,"Jun et al. Nat Commun 2019 (METIS, Bathe lab)",10.1038/s41467-019-13457-y,square,4,90.0,6HB,105,376,71.69,18.310000000000002
Figure 3c,"Jun et al. Nat Commun 2019 (METIS, Bathe lab)",10.1038/s41467-019-13457-y,square,4,90.0,6HB,105,377,102.19,12.189999999999998
Figure 3c,"Jun et al. Nat Commun 2019 (METIS, Bathe lab)",10.1038/s41467-019-13457-y,square,4,90.0,6HB,105,378,83.57,6.430000000000007
Figure 3c,"Jun et al. Nat Commun 2019 (METIS, Bathe lab)",10.1038/s41467-019-13457-y,square,4,90.0,6HB,105,379,92.58,2.5799999999999983
Figure 3c,"Jun et al. Nat Commun 2019 (METIS, Bathe lab)",10.1038/s41467-019-13457-y,square,4,90.0,6HB,105,380,89.39,0.6099999999999994
Figure 3c,"Jun et al. Nat Commun 2019 (METIS, Bathe lab)",10.1038/s41467-019-13457-y,square,4,90.0,6HB,105,381,87.35,2.6500000000000057
Figure 3c,"Jun et al. Nat Commun 2019 (METIS, Bathe lab)",10.1038/s41467-019-13457-y,square,4,90.0,6HB,105,382,92.71,2.7099999999999937
Figure 3c,"Jun et al. Nat Commun 2019 (METIS, Bathe lab)",10.1038/s41467-019-13457-y,square,4,90.0,6HB,105,383,88.71,1.2900000000000063
Figure 3c,"Jun et al. Nat Commun 2019 (METIS, Bathe lab)",10.1038/s41467-019-13457-y,square,4,90.0,6HB,105,384,90.55,0.5499999999999972
Figure 3c,"Jun et al. Nat Commun 2019 (METIS, Bathe lab)",10.1038/s41467-019-13457-y,square,4,90.0,6HB,105,385,87.18,2.819999999999993
Figure 3c,"Jun et al. Nat Commun 2019 (METIS, Bathe lab)",10.1038/s41467-019-13457-y,square,4,90.0,6HB,105,386,89.75,0.25
Figure 3c,"Jun et al. Nat Commun 2019 (METIS, Bathe lab)",10.1038/s41467-019-13457-y,square,4,90.0,6HB,105,387,90.04,0.04000000000000625
Figure 3c,"Jun et al. Nat Commun 2019 (METIS, Bathe lab)",10.1038/s41467-019-13457-y,square,4,90.0,6HB,105,388,90.21,0.20999999999999375
Figure 3c,"Jun et al. Nat Commun 2019 (METIS, Bathe lab)",10.1038/s41467-019-13457-y,square,4,90.0,6HB,105,389,86.3,3.700000000000003
Figure 3c,"Jun et al. Nat Commun 2019 (METIS, Bathe lab)",10.1038/s41467-019-13457-y,square,4,90.0,6HB,105,390,91.46,1.4599999999999937
Figure 3c,"Jun et al. Nat Commun 2019 (METIS, Bathe lab)",10.1038/s41467-019-13457-y,square,4,90.0,6HB,105,391,93.69,3.6899999999999977
Figure 3c,"Jun et al. Nat Commun 2019 (METIS, Bathe lab)",10.1038/s41467-019-13457-y,square,4,90.0,6HB,105,392,90.02,0.01999999999999602
Figure 3c,"Jun et al. Nat Commun 2019 (METIS, Bathe lab)",10.1038/s41467-019-13457-y,square,4,90.0,6HB,105,393,76.18,13.819999999999993
Figure 3c,"Jun et al. Nat Commun 2019 (METIS, Bathe lab)",10.1038/s41467-019-13457-y,square,4,90.0,6HB,105,394,111.49,21.489999999999995
Figure 3c,"Jun et al. Nat Commun 2019 (METIS, Bathe lab)",10.1038/s41467-019-13457-y,square,4,90.0,6HB,105,395,102.07,12.069999999999993
Figure 3c,"Jun et al. Nat Commun 2019 (METIS, Bathe lab)",10.1038/s41467-019-13457-y,square,4,90.0,6HB,105,396,70.61,19.39
Figure 3c,"Jun et al. Nat Commun 2019 (METIS, Bathe lab)",10.1038/s41467-019-13457-y,square,4,90.0,6HB,105,397,94.66,4.659999999999997
Figure 3c,"Jun et al. Nat Commun 2019 (METIS, Bathe lab)",10.1038/s41467-019-13457-y,square,4,90.0,6HB,105,398,89.07,0.9300000000000068
Figure 3c,"Jun et al. Nat Commun 2019 (METIS, Bathe lab)",10.1038/s41467-019-13457-y,square,4,90.0,6HB,105,399,91.34,1.3400000000000034
Figure 3c,"Jun et al. Nat Commun 2019 (METIS, Bathe lab)",10.1038/s41467-019-13457-y,square,4,90.0,6HB,105,400,84.29,5.709999999999994
Figure 3c,"Jun et al. Nat Commun 2019 (METIS, Bathe lab)",10.1038/s41467-019-13457-y,square,4,90.0,6HB,105,401,85.46,4.540000000000006
Figure 3c,"Jun et al. Nat Commun 2019 (METIS, Bathe lab)",10.1038/s41467-019-13457-y,square,4,90.0,6HB,105,402,90.29,0.29000000000000625
Figure 3c,"Jun et al. Nat Commun 2019 (METIS, Bathe lab)",10.1038/s41467-019-13457-y,square,4,90.0,6HB,105,403,90.87,0.8700000000000045
Figure 3c,"Jun et al. Nat Commun 2019 (METIS, Bathe lab)",10.1038/s41467-019-13457-y,square,4,90.0,6HB,105,404,80.74,9.260000000000005
Figure 3c,"Jun et al. Nat Commun 2019 (METIS, Bathe lab)",10.1038/s41467-019-13457-y,square,4,90.0,6HB,105,405,90.0,0.0
Figure 3c,"Jun et al. Nat Commun 2019 (METIS, Bathe lab)",10.1038/s41467-019-13457-y,square,4,90.0,6HB,105,406,88.54,1.4599999999999937
Figure 3c,"Jun et al. Nat Commun 2019 (METIS, Bathe lab)",10.1038/s41467-019-13457-y,square,4,90.0,6HB,105,407,92.18,2.180000000000007
Figure 3c,"Jun et al. Nat Commun 2019 (METIS, Bathe lab)",10.1038/s41467-019-13457-y,square,4,90.0,6HB,105,408,89.49,0.5100000000000051
Figure 3c,"Jun et al. Nat Commun 2019 (METIS, Bathe lab)",10.1038/s41467-019-13457-y,square,4,90.0,6HB,105,409,86.78,3.219999999999999
Figure 3c,"Jun et al. Nat Commun 2019 (METIS, Bathe lab)",10.1038/s41467-019-13457-y,square,4,90.0,6HB,105,410,90.48,0.480000000000004
Figure 3c,"Jun et al. Nat Commun 2019 (METIS, Bathe lab)",10.1038/s41467-019-13457-y,square,4,90.0,6HB,105,411,83.47,6.530000000000001
Figure 3c,"Jun et al. Nat Commun 2019 (METIS, Bathe lab)",10.1038/s41467-019-13457-y,square,4,90.0,6HB,105,412,84.65,5.349999999999994
Figure 3c,"Jun et al. Nat Commun 2019 (METIS, Bathe lab)",10.1038/s41467-019-13457-y,square,4,90.0,6HB,105,413,98.01,8.010000000000005
Figure 3c,"Jun et al. Nat Commun 2019 (METIS, Bathe lab)",10.1038/s41467-019-13457-y,square,4,90.0,6HB,105,414,93.63,3.6299999999999955
Figure 3c,"Jun et al. Nat Commun 2019 (METIS, Bathe lab)",10.1038/s41467-019-13457-y,square,4,90.0,6HB,105,415,84.45,5.549999999999997
Figure 3c,"Jun et al. Nat Commun 2019 (METIS, Bathe lab)",10.1038/s41467-019-13457-y,square,4,90.0,6HB,105,416,95.53,5.530000000000001
Figure 3c,"Jun et al. Nat Commun 2019 (METIS, Bathe lab)",10.1038/s41467-019-13457-y,square,4,90.0,6HB,105,417,84.87,5.1299999999999955
Figure 3c,"Jun et al. Nat Commun 2019 (METIS, Bathe lab)",10.1038/s41467-019-13457-y,square,4,90.0,6HB,105,418,92.56,2.5600000000000023
Figure 3c,"Jun et al. Nat Commun 2019 (METIS, Bathe lab)",10.1038/s41467-019-13457-y,square,4,90.0,6HB,105,419,81.79,8.209999999999994
Figure 3c,"Jun et al. Nat Commun 2019 (METIS, Bathe lab)",10.1038/s41467-019-13457-y,square,4,90.0,6HB,105,420,94.31,4.310000000000002
Figure 3c,"Jun et al. Nat Commun 2019 (METIS, Bathe lab)",10.1038/s41467-019-13457-y,square,4,90.0,6HB,105,421,91.34,1.3400000000000034
Figure 3c,"Jun et al. Nat Commun 2019 (METIS, Bathe lab)",10.1038/s41467-019-13457-y,square,4,90.0,6HB,105,422,75.83,14.170000000000002
Figure 3c,"Jun et al. Nat Commun 2019 (METIS, Bathe lab)",10.1038/s41467-019-13457-y,square,4,90.0,6HB,105,423,80.45,9.549999999999997
Figure 3c,"Jun et al. Nat Commun 2019 (METIS, Bathe lab)",10.1038/s41467-019-13457-y,square,4,90.0,6HB,105,424,98.49,8.489999999999995
Figure 3c,"Jun et al. Nat Commun 2019 (METIS, Bathe lab)",10.1038/s41467-019-13457-y,square,4,90.0,6HB,105,425,77.93,12.069999999999993
Figure 3c,"Jun et al. Nat Commun 2019 (METIS, Bathe lab)",10.1038/s41467-019-13457-y,square,4,90.0,6HB,105,426,100.68,10.680000000000007
Figure 3c,"Jun et al. Nat Commun 2019 (METIS, Bathe lab)",10.1038/s41467-019-13457-y,square,4,90.0,6HB,105,427,86.34,3.6599999999999966
Figure 3c,"Jun et al. Nat Commun 2019 (METIS, Bathe lab)",10.1038/s41467-019-13457-y,square,4,90.0,6HB,105,428,94.55,4.549999999999997
Figure 3c,"Jun et al. Nat Commun 2019 (METIS, Bathe lab)",10.1038/s41467-019-13457-y,square,4,90.0,6HB,105,429,79.66,10.340000000000003
Figure 3c,"Jun et al. Nat Commun 2019 (METIS, Bathe lab)",10.1038/s41467-019-13457-y,square,4,90.0,6HB,105,430,105.76,15.760000000000005
Figure 3c,"Jun et al. Nat Commun 2019 (METIS, Bathe lab)",10.1038/s41467-019-13457-y,square,4,90.0,6HB,105,431,74.13,15.870000000000005
Figure 3c,"Jun et al. Nat Commun 2019 (METIS, Bathe lab)",10.1038/s41467-019-13457-y,square,4,90.0,6HB,105,432,77.38,12.620000000000005
Figure 3c,"Jun et al. Nat Commun 2019 (METIS, Bathe lab)",10.1038/s41467-019-13457-y,square,4,90.0,6HB,105,433,106.5,16.5
Figure 3c,"Jun et al. Nat Commun 2019 (METIS, Bathe lab)",10.1038/s41467-019-13457-y,square,4,90.0,6HB,105,434,82.33,7.670000000000002
Figure 3c,"Jun et al. Nat Commun 2019 (METIS, Bathe lab)",10.1038/s41467-019-13457-y,square,4,90.0,6HB,105,435,97.65,7.650000000000006
Figure 3c,"Jun et al. Nat Commun 2019 (METIS, Bathe lab)",10.1038/s41467-019-13457-y,square,4,90.0,6HB,105,436,88.03,1.9699999999999989
Figure 3c,"Jun et al. Nat Commun 2019 (METIS, Bathe lab)",10.1038/s41467-019-13457-y,square,4,90.0,6HB,105,437,89.46,0.5400000000000063
Figure 3c,"Jun et al. Nat Commun 2019 (METIS, Bathe lab)",10.1038/s41467-019-13457-y,square,4,90.0,6HB,105,438,104.04,14.040000000000006
Figure 3c,"Jun et al. Nat Commun 2019 (METIS, Bathe lab)",10.1038/s41467-019-13457-y,square,4,90.0,6HB,105,439,75.44,14.560000000000002
Figure 3c,"Jun et al. Nat Commun 2019 (METIS, Bathe lab)",10.1038/s41467-019-13457-y,square,4,90.0,6HB,105,440,92.39,2.3900000000000006
Figure 3c,"Jun et al. Nat Commun 2019 (METIS, Bathe lab)",10.1038/s41467-019-13457-y,square,4,90.0,6HB,105,441,89.39,0.6099999999999994
Figure 3c,"Jun et al. Nat Commun 2019 (METIS, Bathe lab)",10.1038/s41467-019-13457-y,square,4,90.0,6HB,105,442,88.69,1.3100000000000023
Figure 3c,"Jun et al. Nat Commun 2019 (METIS, Bathe lab)",10.1038/s41467-019-13457-y,square,4,90.0,6HB,105,443,83.86,6.140000000000001
Figure 3c,"Jun et al. Nat Commun 2019 (METIS, Bathe lab)",10.1038/s41467-019-13457-y,square,4,90.0,6HB,105,444,88.7,1.2999999999999972
Figure 3c,"Jun et al. Nat Commun 2019 (METIS, Bathe lab)",10.1038/s41467-019-13457-y,square,4,90.0,6HB,105,445,89.38,0.6200000000000045
Figure 3c,"Jun et al. Nat Commun 2019 (METIS, Bathe lab)",10.1038/s41467-019-13457-y,square,4,90.0,6HB,105,446,84.69,5.310000000000002
Figure 3c,"Jun et al. Nat Commun 2019 (METIS, Bathe lab)",10.1038/s41467-019-13457-y,square,4,90.0,6HB,105,447,95.12,5.1200000000000045
Figure 3c,"Jun et al. Nat Commun 2019 (METIS, Bathe lab)",10.1038/s41467-019-13457-y,square,4,90.0,6HB,105,448,92.46,2.4599999999999937
Figure 3c,"Jun et al. Nat Commun 2019 (METIS, Bathe lab)",10.1038/s41467-019-13457-y,square,4,90.0,6HB,105,449,92.1,2.0999999999999943
Figure 3c,"Jun et al. Nat Commun 2019 (METIS, Bathe lab)",10.1038/s41467-019-13457-y,square,4,90.0,6HB,105,450,85.75,4.25
Figure 3c,"Jun et al. Nat Commun 2019 (METIS, Bathe lab)",10.1038/s41467-019-13457-y,square,4,90.0,6HB,105,451,85.01,4.989999999999995
Figure 3c,"Jun et al. Nat Commun 2019 (METIS, Bathe lab)",10.1038/s41467-019-13457-y,square,4,90.0,6HB,105,452,70.47,19.53
Figure 3c,"Jun et al. Nat Commun 2019 (METIS, Bathe lab)",10.1038/s41467-019-13457-y,square,4,90.0,6HB,105,453,105.19,15.189999999999998
Figure 3c,"Jun et al. Nat Commun 2019 (METIS, Bathe lab)",10.1038/s41467-019-13457-y,square,4,90.0,6HB,105,454,78.75,11.25
Figure 3c,"Jun et al. Nat Commun 2019 (METIS, Bathe lab)",10.1038/s41467-019-13457-y,square,4,90.0,6HB,105,455,67.33,22.67
Figure 3c,"Jun et al. Nat Commun 2019 (METIS, Bathe lab)",10.1038/s41467-019-13457-y,square,4,90.0,6HB,105,456,92.34,2.3400000000000034
Figure 3c,"Jun et al. Nat Commun 2019 (METIS, Bathe lab)",10.1038/s41467-019-13457-y,square,4,90.0,6HB,105,457,86.4,3.5999999999999943
Figure 3c,"Jun et al. Nat Commun 2019 (METIS, Bathe lab)",10.1038/s41467-019-13457-y,square,4,90.0,6HB,105,458,90.73,0.730000000000004
Figure 3c,"Jun et al. Nat Commun 2019 (METIS, Bathe lab)",10.1038/s41467-019-13457-y,square,4,90.0,6HB,105,459,85.27,4.730000000000004
Figure 3c,"Jun et al. Nat Commun 2019 (METIS, Bathe lab)",10.1038/s41467-019-13457-y,square,4,90.0,6HB,105,460,92.6,2.5999999999999943
Figure 3c,"Jun et al. Nat Commun 2019 (METIS, Bathe lab)",10.1038/s41467-019-13457-y,square,4,90.0,6HB,105,461,80.02,9.980000000000004
Figure 3c,"Jun et al. Nat Commun 2019 (METIS, Bathe lab)",10.1038/s41467-019-13457-y,square,4,90.0,6HB,105,462,97.2,7.200000000000003
Figure 3c,"Jun et al. Nat Commun 2019 (METIS, Bathe lab)",10.1038/s41467-019-13457-y,square,4,90.0,6HB,105,463,91.85,1.8499999999999943
Figure 3c,"Jun et al. Nat Commun 2019 (METIS, Bathe lab)",10.1038/s41467-019-13457-y,square,4,90.0,6HB,105,464,98.34,8.340000000000003
Figure 3c,"Jun et al. Nat Commun 2019 (METIS, Bathe lab)",10.1038/s41467-019-13457-y,square,4,90.0,6HB,105,465,85.92,4.079999999999998
Figure 3c,"Jun et al. Nat Commun 2019 (METIS, Bathe lab)",10.1038/s41467-019-13457-y,square,4,90.0,6HB,105,466,85.95,4.049999999999997
Figure 3c,"Jun et al. Nat Commun 2019 (METIS, Bathe lab)",10.1038/s41467-019-13457-y,square,4,90.0,6HB,105,467,90.69,0.6899999999999977
Figure 3c,"Jun et al. Nat Commun 2019 (METIS, Bathe lab)",10.1038/s41467-019-13457-y,square,4,90.0,6HB,105,468,92.34,2.3400000000000034
Figure 3c,"Jun et al. Nat Commun 2019 (METIS, Bathe lab)",10.1038/s41467-019-13457-y,square,4,90.0,6HB,105,469,83.9,6.099999999999994
Figure 3c,"Jun et al. Nat Commun 2019 (METIS, Bathe lab)",10.1038/s41467-019-13457-y,square,4,90.0,6HB,105,470,86.48,3.519999999999996
Figure 3c,"Jun et al. Nat Commun 2019 (METIS, Bathe lab)",10.1038/s41467-019-13457-y,square,4,90.0,6HB,105,471,86.98,3.019999999999996
Figure 3c,"Jun et al. Nat Commun 2019 (METIS, Bathe lab)",10.1038/s41467-019-13457-y,square,4,90.0,6HB,105,472,96.62,6.6200000000000045
Figure 3c,"Jun et al. Nat Commun 2019 (METIS, Bathe lab)",10.1038/s41467-019-13457-y,square,4,90.0,6HB,105,473,97.53,7.530000000000001
Figure 3c,"Jun et al. Nat Commun 2019 (METIS, Bathe lab)",10.1038/s41467-019-13457-y,square,4,90.0,6HB,105,474,86.23,3.769999999999996
Figure 3c,"Jun et al. Nat Commun 2019 (METIS, Bathe lab)",10.1038/s41467-019-13457-y,square,4,90.0,6HB,105,475,85.42,4.579999999999998
Figure 3c,"Jun et al. Nat Commun 2019 (METIS, Bathe lab)",10.1038/s41467-019-13457-y,square,4,90.0,6HB,105,476,85.55,4.450000000000003
Figure 3c,"Jun et al. Nat Commun 2019 (METIS, Bathe lab)",10.1038/s41467-019-13457-y,square,4,90.0,6HB,105,477,101.28,11.280000000000001
Figure 3c,"Jun et al. Nat Commun 2019 (METIS, Bathe lab)",10.1038/s41467-019-13457-y,square,4,90.0,6HB,105,478,95.47,5.469999999999999
Figure 3c,"Jun et al. Nat Commun 2019 (METIS, Bathe lab)",10.1038/s41467-019-13457-y,square,4,90.0,6HB,105,479,90.5,0.5
Figure 3c,"Jun et al. Nat Commun 2019 (METIS, Bathe lab)",10.1038/s41467-019-13457-y,square,4,90.0,6HB,105,480,87.07,2.930000000000007
Figure 3c,"Jun et al. Nat Commun 2019 (METIS, Bathe lab)",10.1038/s41467-019-13457-y,square,4,90.0,6HB,105,481,86.64,3.3599999999999994
Figure 3c,"Jun et al. Nat Commun 2019 (METIS, Bathe lab)",10.1038/s41467-019-13457-y,square,4,90.0,6HB,105,482,95.21,5.209999999999994
Figure 3c,"Jun et al. Nat Commun 2019 (METIS, Bathe lab)",10.1038/s41467-019-13457-y,square,4,90.0,6HB,105,483,81.71,8.290000000000006
Figure 3c,"Jun et al. Nat Commun 2019 (METIS, Bathe lab)",10.1038/s41467-019-13457-y,square,4,90.0,6HB,105,484,88.21,1.7900000000000063
Figure 3c,"Jun et al. Nat Commun 2019 (METIS, Bathe lab)",10.1038/s41467-019-13457-y,square,4,90.0,6HB,105,485,87.95,2.049999999999997
Figure 3c,"Jun et al. Nat Commun 2019 (METIS, Bathe lab)",10.1038/s41467-019-13457-y,square,4,90.0,6HB,105,486,87.2,2.799999999999997
Figure 3c,"Jun et al. Nat Commun 2019 (METIS, Bathe lab)",10.1038/s41467-019-13457-y,square,4,90.0,6HB,105,487,91.64,1.6400000000000006
Figure 3c,"Jun et al. Nat Commun 2019 (METIS, Bathe lab)",10.1038/s41467-019-13457-y,square,4,90.0,6HB,105,488,94.44,4.439999999999998
Figure 3c,"Jun et al. Nat Commun 2019 (METIS, Bathe lab)",10.1038/s41467-019-13457-y,square,4,90.0,6HB,105,489,89.47,0.5300000000000011
Figure 3c,"Jun et al. Nat Commun 2019 (METIS, Bathe lab)",10.1038/s41467-019-13457-y,square,4,90.0,6HB,105,490,85.14,4.859999999999999
Figure 3c,"Jun et al. Nat Commun 2019 (METIS, Bathe lab)",10.1038/s41467-019-13457-y,square,4,90.0,6HB,105,491,83.12,6.8799999999999955
Figure 3c,"Jun et al. Nat Commun 2019 (METIS, Bathe lab)",10.1038/s41467-019-13457-y,square,4,90.0,6HB,105,492,83.37,6.6299999999999955
Figure 3c,"Jun et al. Nat Commun 2019 (METIS, Bathe lab)",10.1038/s41467-019-13457-y,square,4,90.0,6HB,105,493,98.65,8.650000000000006
Figure 3c,"Jun et al. Nat Commun 2019 (METIS, Bathe lab)",10.1038/s41467-019-13457-y,square,4,90.0,6HB,105,494,86.19,3.8100000000000023
Figure 3c,"Jun et al. Nat Commun 2019 (METIS, Bathe lab)",10.1038/s41467-019-13457-y,square,4,90.0,6HB,105,495,97.15,7.150000000000006
Figure 3c,"Jun et al. Nat Commun 2019 (METIS, Bathe lab)",10.1038/s41467-019-13457-y,square,4,90.0,6HB,105,496,94.49,4.489999999999995
Figure 3c,"Jun et al. Nat Commun 2019 (METIS, Bathe lab)",10.1038/s41467-019-13457-y,square,4,90.0,6HB,105,497,93.33,3.3299999999999983
Figure 3c,"Jun et al. Nat Commun 2019 (METIS, Bathe lab)",10.1038/s41467-019-13457-y,square,4,90.0,6HB,105,498,84.05,5.950000000000003
Figure 3c,"Jun et al. Nat Commun 2019 (METIS, Bathe lab)",10.1038/s41467-019-13457-y,square,4,90.0,6HB,105,499,95.22,5.219999999999999
Figure 3c,"Jun et al. Nat Commun 2019 (METIS, Bathe lab)",10.1038/s41467-019-13457-y,square,4,90.0,6HB,105,500,86.93,3.069999999999993
Figure 3c,"Jun et al. Nat Commun 2019 (METIS, Bathe lab)",10.1038/s41467-019-13457-y,square,4,90.0,6HB,105,501,94.38,4.3799999999999955
Figure 3c,"Jun et al. Nat Commun 2019 (METIS, Bathe lab)",10.1038/s41467-019-13457-y,square,4,90.0,6HB,105,502,91.57,1.5699999999999932
Figure 3c,"Jun et al. Nat Commun 2019 (METIS, Bathe lab)",10.1038/s41467-019-13457-y,square,4,90.0,6HB,105,503,87.18,2.819999999999993
Figure 3c,"Jun et al. Nat Commun 2019 (METIS, Bathe lab)",10.1038/s41467-019-13457-y,square,4,90.0,6HB,105,504,98.16,8.159999999999997
Figure 3c,"Jun et al. Nat Commun 2019 (METIS, Bathe lab)",10.1038/s41467-019-13457-y,square,4,90.0,6HB,105,505,75.16,14.840000000000003
Figure 3c,"Jun et al. Nat Commun 2019 (METIS, Bathe lab)",10.1038/s41467-019-13457-y,square,4,90.0,6HB,105,506,76.33,13.670000000000002
Figure 3c,"Jun et al. Nat Commun 2019 (METIS, Bathe lab)",10.1038/s41467-019-13457-y,square,4,90.0,6HB,105,507,93.49,3.489999999999995
Figure 3c,"Jun et al. Nat Commun 2019 (METIS, Bathe lab)",10.1038/s41467-019-13457-y,square,4,90.0,6HB,105,508,80.31,9.689999999999998
Figure 3c,"Jun et al. Nat Commun 2019 (METIS, Bathe lab)",10.1038/s41467-019-13457-y,square,4,90.0,6HB,105,509,72.89,17.11
Figure 3c,"Jun et al. Nat Commun 2019 (METIS, Bathe lab)",10.1038/s41467-019-13457-y,square,4,90.0,6HB,105,510,102.69,12.689999999999998
Figure 3c,"Jun et al. Nat Commun 2019 (METIS, Bathe lab)",10.1038/s41467-019-13457-y,square,4,90.0,6HB,105,511,102.09,12.090000000000003
Figure 3c,"Jun et al. Nat Commun 2019 (METIS, Bathe lab)",10.1038/s41467-019-13457-y,square,4,90.0,6HB,105,512,92.38,2.3799999999999955
Figure 3c,"Jun et al. Nat Commun 2019 (METIS, Bathe lab)",10.1038/s41467-019-13457-y,square,4,90.0,6HB,105,513,90.43,0.4300000000000068
Figure 3c,"Jun et al. Nat Commun 2019 (METIS, Bathe lab)",10.1038/s41467-019-13457-y,square,4,90.0,6HB,105,514,86.47,3.530000000000001
Figure 3c,"Jun et al. Nat Commun 2019 (METIS, Bathe lab)",10.1038/s41467-019-13457-y,square,4,90.0,6HB,105,515,89.64,0.35999999999999943
Figure 3c,"Jun et al. Nat Commun 2019 (METIS, Bathe lab)",10.1038/s41467-019-13457-y,square,4,90.0,6HB,105,516,89.46,0.5400000000000063
Figure 3c,"Jun et al. Nat Commun 2019 (METIS, Bathe lab)",10.1038/s41467-019-13457-y,square,4,90.0,6HB,105,517,86.31,3.6899999999999977
Figure 3c,"Jun et al. Nat Commun 2019 (METIS, Bathe lab)",10.1038/s41467-019-13457-y,square,4,90.0,6HB,105,518,95.02,5.019999999999996
Figure 3c,"Jun et al. Nat Commun 2019 (METIS, Bathe lab)",10.1038/s41467-019-13457-y,square,4,90.0,6HB,105,519,90.36,0.35999999999999943
Figure 3c,"Jun et al. Nat Commun 2019 (METIS, Bathe lab)",10.1038/s41467-019-13457-y,square,4,90.0,6HB,105,520,86.29,3.7099999999999937
Figure 3c,"Jun et al. Nat Commun 2019 (METIS, Bathe lab)",10.1038/s41467-019-13457-y,square,4,90.0,6HB,105,521,98.72,8.719999999999999
Figure 3c,"Jun et al. Nat Commun 2019 (METIS, Bathe lab)",10.1038/s41467-019-13457-y,square,4,90.0,6HB,105,522,96.12,6.1200000000000045
Figure 3c,"Jun et al. Nat Commun 2019 (METIS, Bathe lab)",10.1038/s41467-019-13457-y,square,4,90.0,6HB,105,523,88.51,1.4899999999999949
Figure 3c,"Jun et al. Nat Commun 2019 (METIS, Bathe lab)",10.1038/s41467-019-13457-y,square,4,90.0,6HB,105,524,91.4,1.4000000000000057
Figure 3c,"Jun et al. Nat Commun 2019 (METIS, Bathe lab)",10.1038/s41467-019-13457-y,square,4,90.0,6HB,105,525,78.05,11.950000000000003
Figure 3c,"Jun et al. Nat Commun 2019 (METIS, Bathe lab)",10.1038/s41467-019-13457-y,square,4,90.0,6HB,105,526,100.84,10.840000000000003
Figure 3c,"Jun et al. Nat Commun 2019 (METIS, Bathe lab)",10.1038/s41467-019-13457-y,square,4,90.0,6HB,105,527,89.01,0.9899999999999949
Figure 3c,"Jun et al. Nat Commun 2019 (METIS, Bathe lab)",10.1038/s41467-019-13457-y,square,4,90.0,6HB,105,528,86.36,3.6400000000000006
Figure 3c,"Jun et al. Nat Commun 2019 (METIS, Bathe lab)",10.1038/s41467-019-13457-y,square,4,90.0,6HB,105,529,91.5,1.5
Figure 3c,"Jun et al. Nat Commun 2019 (METIS, Bathe lab)",10.1038/s41467-019-13457-y,square,4,90.0,6HB,105,530,92.79,2.7900000000000063
Figure 3c,"Jun et al. Nat Commun 2019 (METIS, Bathe lab)",10.1038/s41467-019-13457-y,square,4,90.0,6HB,105,531,91.35,1.3499999999999943
Figure 3c,"Jun et al. Nat Commun 2019 (METIS, Bathe lab)",10.1038/s41467-019-13457-y,square,4,90.0,6HB,105,532,93.47,3.469999999999999
Figure 3c,"Jun et al. Nat Commun 2019 (METIS, Bathe lab)",10.1038/s41467-019-13457-y,square,4,90.0,6HB,105,533,91.64,1.6400000000000006
Figure 3c,"Jun et al. Nat Commun 2019 (METIS, Bathe lab)",10.1038/s41467-019-13457-y,square,4,90.0,6HB,105,534,90.26,0.2600000000000051
Figure 3c,"Jun et al. Nat Commun 2019 (METIS, Bathe lab)",10.1038/s41467-019-13457-y,square,4,90.0,6HB,105,535,89.28,0.7199999999999989
Figure 3c,"Jun et al. Nat Commun 2019 (METIS, Bathe lab)",10.1038/s41467-019-13457-y,square,4,90.0,6HB,105,536,87.13,2.8700000000000045
Figure 3c,"Jun et al. Nat Commun 2019 (METIS, Bathe lab)",10.1038/s41467-019-13457-y,square,4,90.0,6HB,105,537,83.66,6.340000000000003
Figure 3c,"Jun et al. Nat Commun 2019 (METIS, Bathe lab)",10.1038/s41467-019-13457-y,square,4,90.0,6HB,105,538,82.61,7.390000000000001
Figure 3c,"Jun et al. Nat Commun 2019 (METIS, Bathe lab)",10.1038/s41467-019-13457-y,square,4,90.0,6HB,105,539,97.75,7.75
Figure 3c,"Jun et al. Nat Commun 2019 (METIS, Bathe lab)",10.1038/s41467-019-13457-y,square,4,90.0,6HB,105,540,97.47,7.469999999999999
Figure 3c,"Jun et al. Nat Commun 2019 (METIS, Bathe lab)",10.1038/s41467-019-13457-y,square,4,90.0,6HB,105,541,85.2,4.799999999999997
Figure 3c,"Jun et al. Nat Commun 2019 (METIS, Bathe lab)",10.1038/s41467-019-13457-y,square,4,90.0,6HB,105,542,80.95,9.049999999999997
Figure 3c,"Jun et al. Nat Commun 2019 (METIS, Bathe lab)",10.1038/s41467-019-13457-y,square,4,90.0,6HB,105,543,88.6,1.4000000000000057
Figure 3c,"Jun et al. Nat Commun 2019 (METIS, Bathe lab)",10.1038/s41467-019-13457-y,square,4,90.0,6HB,105,544,84.65,5.349999999999994
Figure 3c,"Jun et al. Nat Commun 2019 (METIS, Bathe lab)",10.1038/s41467-019-13457-y,square,4,90.0,6HB,105,545,86.17,3.8299999999999983
Figure 3c,"Jun et al. Nat Commun 2019 (METIS, Bathe lab)",10.1038/s41467-019-13457-y,square,4,90.0,6HB,105,546,88.21,1.7900000000000063
Figure 3c,"Jun et al. Nat Commun 2019 (METIS, Bathe lab)",10.1038/s41467-019-13457-y,square,4,90.0,6HB,105,547,89.37,0.6299999999999955
Figure 3c,"Jun et al. Nat Commun 2019 (METIS, Bathe lab)",10.1038/s41467-019-13457-y,square,4,90.0,6HB,105,548,92.71,2.7099999999999937
Figure 3c,"Jun et al. Nat Commun 2019 (METIS, Bathe lab)",10.1038/s41467-019-13457-y,square,4,90.0,6HB,105,549,93.42,3.4200000000000017
Figure 3c,"Jun et al. Nat Commun 2019 (METIS, Bathe lab)",10.1038/s41467-019-13457-y,square,4,90.0,6HB,105,550,82.77,7.230000000000004
Figure 3c,"Jun et al. Nat Commun 2019 (METIS, Bathe lab)",10.1038/s41467-019-13457-y,square,4,90.0,6HB,105,551,95.14,5.140000000000001
Figure 3c,"Jun et al. Nat Commun 2019 (METIS, Bathe lab)",10.1038/s41467-019-13457-y,square,4,90.0,6HB,105,552,86.7,3.299999999999997
Figure 3c,"Jun et al. Nat Commun 2019 (METIS, Bathe lab)",10.1038/s41467-019-13457-y,square,4,90.0,6HB,105,553,100.03,10.030000000000001
Figure 3c,"Jun et al. Nat Commun 2019 (METIS, Bathe lab)",10.1038/s41467-019-13457-y,square,4,90.0,6HB,105,554,86.27,3.730000000000004
Figure 3c,"Jun et al. Nat Commun 2019 (METIS, Bathe lab)",10.1038/s41467-019-13457-y,square,4,90.0,6HB,105,555,92.23,2.230000000000004
Figure 3c,"Jun et al. Nat Commun 2019 (METIS, Bathe lab)",10.1038/s41467-019-13457-y,square,4,90.0,6HB,105,556,93.06,3.0600000000000023
Figure 3c,"Jun et al. Nat Commun 2019 (METIS, Bathe lab)",10.1038/s41467-019-13457-y,square,4,90.0,6HB,105,557,93.72,3.719999999999999
Figure 3c,"Jun et al. Nat Commun 2019 (METIS, Bathe lab)",10.1038/s41467-019-13457-y,square,4,90.0,6HB,105,558,84.34,5.659999999999997
Figure 3c,"Jun et al. Nat Commun 2019 (METIS, Bathe lab)",10.1038/s41467-019-13457-y,square,4,90.0,6HB,105,559,86.73,3.269999999999996
Figure 3c,"Jun et al. Nat Commun 2019 (METIS, Bathe lab)",10.1038/s41467-019-13457-y,square,4,90.0,6HB,105,560,90.34,0.3400000000000034
Figure 3c,"Jun et al. Nat Commun 2019 (METIS, Bathe lab)",10.1038/s41467-019-13457-y,square,4,90.0,6HB,105,561,94.1,4.099999999999994
Figure 3c,"Jun et al. Nat Commun 2019 (METIS, Bathe lab)",10.1038/s41467-019-13457-y,square,4,90.0,6HB,105,562,83.35,6.650000000000006
Figure 3c,"Jun et al. Nat Commun 2019 (METIS, Bathe lab)",10.1038/s41467-019-13457-y,square,4,90.0,6HB,105,563,93.62,3.6200000000000045
Figure 3c,"Jun et al. Nat Commun 2019 (METIS, Bathe lab)",10.1038/s41467-019-13457-y,square,4,90.0,6HB,105,564,90.24,0.23999999999999488
Figure 3c,"Jun et al. Nat Commun 2019 (METIS, Bathe lab)",10.1038/s41467-019-13457-y,square,4,90.0,6HB,105,565,84.8,5.200000000000003
Figure 3c,"Jun et al. Nat Commun 2019 (METIS, Bathe lab)",10.1038/s41467-019-13457-y,square,4,90.0,6HB,105,566,93.41,3.4099999999999966
Figure 3c,"Jun et al. Nat Commun 2019 (METIS, Bathe lab)",10.1038/s41467-019-13457-y,square,4,90.0,6HB,105,567,91.18,1.1800000000000068
Figure 3c,"Jun et al. Nat Commun 2019 (METIS, Bathe lab)",10.1038/s41467-019-13457-y,square,4,90.0,6HB,105,568,97.92,7.920000000000002
Figure 3c,"Jun et al. Nat Commun 2019 (METIS, Bathe lab)",10.1038/s41467-019-13457-y,square,4,90.0,6HB,105,569,84.89,5.109999999999999
Figure 3c,"Jun et al. Nat Commun 2019 (METIS, Bathe lab)",10.1038/s41467-019-13457-y,square,4,90.0,6HB,105,570,88.96,1.0400000000000063
Figure 3c,"Jun et al. Nat Commun 2019 (METIS, Bathe lab)",10.1038/s41467-019-13457-y,square,4,90.0,6HB,105,571,88.93,1.0699999999999932
Figure 3c,"Jun et al. Nat Commun 2019 (METIS, Bathe lab)",10.1038/s41467-019-13457-y,square,4,90.0,6HB,105,572,78.64,11.36
Figure 3c,"Jun et al. Nat Commun 2019 (METIS, Bathe lab)",10.1038/s41467-019-13457-y,square,4,90.0,6HB,105,573,104.61,14.61
Figure 3c,"Jun et al. Nat Commun 2019 (METIS, Bathe lab)",10.1038/s41467-019-13457-y,square,4,90.0,6HB,105,574,91.06,1.0600000000000023
Figure 3c,"Jun et al. Nat Commun 2019 (METIS, Bathe lab)",10.1038/s41467-019-13457-y,square,4,90.0,6HB,105,575,94.21,4.209999999999994
Figure 3c,"Jun et al. Nat Commun 2019 (METIS, Bathe lab)",10.1038/s41467-019-13457-y,square,4,90.0,6HB,105,576,73.18,16.819999999999993
Figure 3c,"Jun et al. Nat Commun 2019 (METIS, Bathe lab)",10.1038/s41467-019-13457-y,square,4,90.0,6HB,105,577,105.77,15.769999999999996
Figure 3c,"Jun et al. Nat Commun 2019 (METIS, Bathe lab)",10.1038/s41467-019-13457-y,square,4,90.0,6HB,105,578,86.69,3.3100000000000023
Figure 3c,"Jun et al. Nat Commun 2019 (METIS, Bathe lab)",10.1038/s41467-019-13457-y,square,4,90.0,6HB,105,579,91.59,1.5900000000000034
Figure 3c,"Jun et al. Nat Commun 2019 (METIS, Bathe lab)",10.1038/s41467-019-13457-y,square,4,90.0,6HB,105,580,93.09,3.0900000000000034
Figure 3c,"Jun et al. Nat Commun 2019 (METIS, Bathe lab)",10.1038/s41467-019-13457-y,square,4,90.0,6HB,105,581,92.93,2.930000000000007
Figure 3c,"Jun et al. Nat Commun 2019 (METIS, Bathe lab)",10.1038/s41467-019-13457-y,square,4,90.0,6HB,105,582,95.47,5.469999999999999
Figure 3c,"Jun et al. Nat Commun 2019 (METIS, Bathe lab)",10.1038/s41467-019-13457-y,square,4,90.0,6HB,105,583,92.97,2.969999999999999
Figure 3c,"Jun et al. Nat Commun 2019 (METIS, Bathe lab)",10.1038/s41467-019-13457-y,square,4,90.0,6HB,105,584,84.91,5.090000000000003
Figure 3c,"Jun et al. Nat Commun 2019 (METIS, Bathe lab)",10.1038/s41467-019-13457-y,square,4,90.0,6HB,105,585,97.87,7.8700000000000045
Figure 3c,"Jun et al. Nat Commun 2019 (METIS, Bathe lab)",10.1038/s41467-019-13457-y,square,4,90.0,6HB,105,586,74.34,15.659999999999997
Figure 3c,"Jun et al. Nat Commun 2019 (METIS, Bathe lab)",10.1038/s41467-019-13457-y,square,4,90.0,6HB,105,587,100.42,10.420000000000002
Figure 3c,"Jun et al. Nat Commun 2019 (METIS, Bathe lab)",10.1038/s41467-019-13457-y,square,4,90.0,6HB,105,588,87.61,2.3900000000000006
Figure 3c,"Jun et al. Nat Commun 2019 (METIS, Bathe lab)",10.1038/s41467-019-13457-y,square,4,90.0,6HB,105,589,89.9,0.09999999999999432
Figure 3c,"Jun et al. Nat Commun 2019 (METIS, Bathe lab)",10.1038/s41467-019-13457-y,square,4,90.0,6HB,105,590,84.39,5.609999999999999
